id,persona,question,answer,context,disease_phase,tags,source_file,chunk_index,pass_num,judge_score
chikungunya_qa_0001,Paciente,Quem deve tomar a vacina IXCHIQ?,A vacina IXCHIQ é indicada para pessoas com 18 anos ou mais que estejam em risco aumentado de exposição ao vírus chikungunya.,A vacina é indicada IXCHIQ para a prevenção da doença causada pelo vírus da chikungunya em indivíduos com 18 anos ou mais que estejam em risco aumentado de exposição ao vírus chikungunya.,N/A (Geral),"#Vacinação, #Chikungunya",IXCHIQ (vacina chikungunya) novo registro.md,0,1,100.0
chikungunya_qa_0002,Paciente,Qual é a doença que a vacina IXCHIQ previne?,"A vacina IXCHIQ é indicada para a prevenção da doença causada pelo vírus da chikungunya, especificamente em indivíduos com 18 anos ou mais que estejam em risco aumentado de exposição ao vírus chikungunya.",A vacina é indicada IXCHIQ para a prevenção da doença causada pelo vírus da chikungunya em indivíduos com 18 anos ou mais que estejam em risco aumentado de exposição ao vírus chikungunya.,N/A (Geral),"#Vacinação, #Chikungunya",IXCHIQ (vacina chikungunya) novo registro.md,0,1,98.75
chikungunya_qa_0003,Médica,Qual é a faixa etária indicada para a vacina IXCHIQ?,A vacina IXCHIQ é indicada para a prevenção da doença causada pelo vírus da chikungunya em indivíduos com 18 anos ou mais que estejam em risco aumentado de exposição ao vírus chikungunya.,A vacina é indicada IXCHIQ para a prevenção da doença causada pelo vírus da chikungunya em indivíduos com 18 anos ou mais que estejam em risco aumentado de exposição ao vírus chikungunya.,N/A (Geral),"#Vacinação, #Chikungunya",IXCHIQ (vacina chikungunya) novo registro.md,0,1,100
chikungunya_qa_0004,Médica,Quais são os critérios para a indicação da vacina IXCHIQ?,A vacina IXCHIQ é indicada para indivíduos com 18 anos ou mais que estejam em risco aumentado de exposição ao vírus chikungunya.,A vacina é indicada IXCHIQ para a prevenção da doença causada pelo vírus da chikungunya em indivíduos com 18 anos ou mais que estejam em risco aumentado de exposição ao vírus chikungunya.,N/A (Geral),"#Vacinação, #Chikungunya",IXCHIQ (vacina chikungunya) novo registro.md,0,1,100.0
chikungunya_qa_0005,Médica,Qual a população-alvo para a vacina IXCHIQ?,A população-alvo para a vacina IXCHIQ são indivíduos com 18 anos ou mais que estão em risco aumentado de exposição ao vírus chikungunya.,A vacina é indicada IXCHIQ para a prevenção da doença causada pelo vírus da chikungunya em indivíduos com 18 anos ou mais que estejam em risco aumentado de exposição ao vírus chikungunya.,N/A (Geral),"#Vacinação, #Chikungunya",IXCHIQ (vacina chikungunya) novo registro.md,0,2,100.0
chikungunya_qa_0006,Paciente,Para que serve a vacina IXCHIQ?,A vacina IXCHIQ serve para prevenir a doença causada pelo vírus da chikungunya.,IXCHIQ é uma vacina indicada para a prevenção da doença causada pelo vírus da chikungunya em indivíduos com 18 anos ou mais que estejam em risco aumentado de exposição ao vírus chikungunya,N/A (Geral),"#Tratamento, #Prevenção",IXCHIQ (vacina chikungunya) novo registro.md,1,1,95.0
chikungunya_qa_0007,Paciente,Quem pode se vacinar com a IXCHIQ?,A vacina IXCHIQ pode ser tomada por pessoas com 18 anos ou mais que estão em risco aumentado de exposição ao vírus chikungunya.,IXCHIQ é uma vacina indicada para a prevenção da doença causada pelo vírus da chikungunya em indivíduos com 18 anos ou mais que estejam em risco aumentado de exposição ao vírus chikungunya,N/A (Geral),"#Indicação, #Prevenção",IXCHIQ (vacina chikungunya) novo registro.md,1,1,100.0
chikungunya_qa_0008,Médica,Qual é a categoria da vacina IXCHIQ?,A vacina IXCHIQ é classificada como um Produto Biológico – Registro de Produto Novo.,Categoria | Produto Biológico – Registro de Produto Novo,N/A (Geral),"#Classificação, #ProdutoBiológico",IXCHIQ (vacina chikungunya) novo registro.md,1,1,100.0
chikungunya_qa_0009,Médica,Qual a empresa responsável pela vacina IXCHIQ?,A vacina IXCHIQ foi desenvolvida pelo Instituto Butantan.,Empresa | INSTITUTO BUTANTAN,N/A (Geral),"#Empresa, #Vacina",IXCHIQ (vacina chikungunya) novo registro.md,1,2,100.0
chikungunya_qa_0010,Paciente,Qual é a vacina que posso tomar para me proteger do vírus da chikungunya?,"A vacina que você pode tomar para se proteger do vírus da chikungunya é a IXCHIQ, que é uma vacina recombinante e atenuada. Ela é indicada para a prevenção da doença causada pelo vírus da chikungunya em indivíduos com 18 anos ou mais que estejam em risco aumentado de exposição ao vírus. A vacina foi publicada no Diário Oficial da União (DOU) em 14/04/2025.",| **Nome do produto** | IXCHIQ (vacina chikungunya [recombinante e atenuada]) |,N/A (Geral),"#Vacina, #Chikungunya",IXCHIQ (vacina chikungunya) novo registro.md,1,3,100
chikungunya_qa_0011,Médica,Qual é a empresa responsável pelo desenvolvimento da vacina IXCHIQ?,A empresa responsável pelo desenvolvimento da vacina IXCHIQ é o Instituto Butantan.,| **Empresa** | INSTITUTO BUTANTAN |,N/A (Geral),"#Vacina, #Empresa",IXCHIQ (vacina chikungunya) novo registro.md,1,3,100.0
chikungunya_qa_0012,Médica,Qual é a apresentação da vacina IXCHIQ?,"A vacina IXCHIQ está disponível na forma de pó liofilizado, que deve ser diluído em 0,5 mL de água para injetável antes da administração.","O produto é um pó liofilizado e será comercializado em apresentação para diluição com um frasco de pó liofilizado e uma seringa preenchida contendo 0,5 mL de água para injetável.",N/A (Geral),"#Vacina, #Apresentação",IXCHIQ (vacina chikungunya) novo registro.md,2,1,95.0
chikungunya_qa_0013,Médica,Qual é a classificação da vacina IXCHIQ?,A vacina IXCHIQ é classificada como uma vacina de **vírus vivo recombinante e atenuado**.,IXCHIQ é uma vacina contra Chikungunya de **vírus vivo recombinante e atenuado**.,N/A (Geral),"#Classificação, #Vacinação",IXCHIQ (vacina chikungunya) novo registro.md,2,2,100.0
chikungunya_qa_0014,Médica,Quais são os detalhes da administração da vacina IXCHIQ?,"A IXCHIQ deve ser administrada em uma dose única de 0,5 mL, utilizando o frasco de pó liofilizado diluído com 0,5 mL de água para injetável.","A IXCHIQ é administrada em **dose única de 0,5 mL**.",N/A (Geral),"#Administração, #Vacinação",IXCHIQ (vacina chikungunya) novo registro.md,2,2,100.0
chikungunya_qa_0015,Médica,Qual é a composição da vacina IXCHIQ?,"A vacina IXCHIQ é composta por vírus vivo recombinante e atenuado, apresentado em pó liofilizado.",IXCHIQ é uma vacina contra Chikungunya de **vírus vivo recombinante e atenuado**.,N/A (Geral),"#Vacina, #Composição",IXCHIQ (vacina chikungunya) novo registro.md,2,3,100.0
chikungunya_qa_0016,Médica,Qual a dose recomendada da vacina IXCHIQ?,"A dose recomendada da vacina IXCHIQ é de 0,5 mL, administrada em dose única.","A IXCHIQ é administrada em **dose única de 0,5 mL**.",N/A (Geral),"#Vacina, #Dose",IXCHIQ (vacina chikungunya) novo registro.md,2,3,100.0
chikungunya_qa_0017,Paciente,Quais são os sintomas da Chikungunya?,"Os sintomas da Chikungunya incluem febre e dor articular severa. A dor articular pode ser debilitante e, em muitos casos, persiste por vários meses ou até anos. A doença pode ser grave e, em algumas situações, levar a óbito. É importante ressaltar que, atualmente, não há vacina aprovada no Brasil para a prevenção desta doença.",A doença tem como sintomas febre e dor articular severa.,N/A (Geral),"#Sintomas, #Chikungunya",IXCHIQ (vacina chikungunya) novo registro.md,3,1,97.5
chikungunya_qa_0018,Paciente,A Chikungunya pode ser grave?,"Sim, a Chikungunya pode ser grave e levar a óbito.",A doença pode ser grave e levar a óbito.,N/A (Geral),"#Gravidade, #Chikungunya",IXCHIQ (vacina chikungunya) novo registro.md,3,1,100.0
chikungunya_qa_0019,Paciente,Quanto tempo os sintomas da Chikungunya podem durar?,Os sintomas podem persistir por vários meses ou até anos.,"A doença tem como sintomas febre e dor articular severa, é frequentemente debilitante e pode persistir por vários meses ou até anos.",N/A (Geral),"#Evolução, #Chikungunya",IXCHIQ (vacina chikungunya) novo registro.md,3,1,100.0
chikungunya_qa_0020,Médica,Quantos casos de Chikungunya foram registrados no Brasil em 2024?,"Em 2024, o Brasil registrou 265.000 casos prováveis de Chikungunya.",o Brasil registrou **265.000 casos prováveis** de Chikungunya.,N/A (Geral),"#Epidemiologia, #Chikungunya",IXCHIQ (vacina chikungunya) novo registro.md,3,1,95.0
chikungunya_qa_0021,Paciente,A vacina IXCHIQ é segura para adolescentes?,"Sim, a vacina IXCHIQ foi avaliada quanto à imunogenicidade e segurança em população adulta e adolescente.",Os dados clínicos apresentados para o registro da vacina incluíram avaliação de **imunogenicidade e segurança** em população adulta e adolescente.,N/A (Geral),"#Segurança, #Vacinação",IXCHIQ (vacina chikungunya) novo registro.md,5,1,100.0
chikungunya_qa_0022,Médica,Quais dados clínicos foram considerados para o registro da vacina IXCHIQ?,"O registro da vacina IXCHIQ incluiu a avaliação de imunogenicidade e segurança em população adulta e adolescente, sendo esses dados cruciais para sua aprovação.",Os dados clínicos apresentados para o registro da vacina incluíram avaliação de **imunogenicidade e segurança** em população adulta e adolescente.,N/A (Geral),"#DadosClínicos, #RegistroVacina",IXCHIQ (vacina chikungunya) novo registro.md,5,1,100.0
chikungunya_qa_0023,Médica,A avaliação de segurança da vacina IXCHIQ abrange qual população?,"A avaliação de segurança da vacina IXCHIQ abrange tanto a população adulta quanto a adolescente, o que é relevante para sua aplicação em diferentes faixas etárias.",Os dados clínicos apresentados para o registro da vacina incluíram avaliação de **imunogenicidade e segurança** em população adulta e adolescente.,N/A (Geral),"#Segurança, #População",IXCHIQ (vacina chikungunya) novo registro.md,5,1,100.0
chikungunya_qa_0024,Médica,Quais populações foram avaliadas para a segurança da vacina IXCHIQ?,A avaliação de segurança da vacina IXCHIQ abrangeu a população adulta e adolescente.,Os dados clínicos apresentados para o registro da vacina incluíram avaliação de imunogenicidade e segurança em população adulta e adolescente.,N/A (Geral),"#Segurança, #População",IXCHIQ (vacina chikungunya) novo registro.md,5,2,95.0
chikungunya_qa_0025,Médica,Qual foi o foco da avaliação clínica para a vacina IXCHIQ?,A avaliação clínica focou na imunogenicidade e segurança da vacina em indivíduos adultos e adolescentes.,Os dados clínicos apresentados para o registro da vacina incluíram avaliação de imunogenicidade e segurança em população adulta e adolescente.,N/A (Geral),"#Imunogenicidade, #Segurança",IXCHIQ (vacina chikungunya) novo registro.md,5,2,100.0
chikungunya_qa_0026,Paciente,A vacina IXCHIQ é adequada para adolescentes?,"Sim, a vacina IXCHIQ é adequada para adolescentes, pois os dados clínicos apresentados para o registro da vacina incluíram uma avaliação de imunogenicidade e segurança especificamente em populações adultas e adolescentes. Isso indica que a vacina foi testada e considerada segura para essa faixa etária.",Os dados clínicos apresentados para o registro da vacina incluíram avaliação de **imunogenicidade e segurança** em população adulta e adolescente.,N/A (Geral),"#Vacina, #Adolescentes",IXCHIQ (vacina chikungunya) novo registro.md,5,3,98.75
chikungunya_qa_0027,Médica,Que tipo de avaliação foi feita para a vacina IXCHIQ?,A avaliação da vacina IXCHIQ incluiu a análise de imunogenicidade e segurança em população adulta e adolescente.,Os dados clínicos apresentados para o registro da vacina incluíram avaliação de **imunogenicidade e segurança** em população adulta e adolescente.,N/A (Geral),"#Imunogenicidade, #Segurança",IXCHIQ (vacina chikungunya) novo registro.md,5,3,100.0
chikungunya_qa_0028,Médica,Qual a população alvo para a avaliação de segurança da vacina IXCHIQ?,A avaliação de segurança da vacina IXCHIQ abrange tanto a população adulta quanto a adolescente.,Os dados clínicos apresentados para o registro da vacina incluíram avaliação de **imunogenicidade e segurança** em população adulta e adolescente.,N/A (Geral),"#PopulaçãoAlvo, #Segurança",IXCHIQ (vacina chikungunya) novo registro.md,5,3,90.0
chikungunya_qa_0029,Paciente,Quais estudos foram feitos sobre a vacina IXCHIQ?,"Os estudos sobre a vacina IXCHIQ foram os seguintes: O primeiro, chamado Fase 1 (VLA1553-101), focou em verificar se a vacina é segura e se gera uma boa resposta do sistema imunológico. Depois, temos a Fase 3 (VLA1553-301), que é um estudo importante para confirmar a eficácia da vacina. Também há a Fase 3 (VLA1553-302), que serve como apoio a esses resultados. Existe ainda uma extensão (VLA1553-303) que está em andamento para ver por quanto tempo a proteção da vacina dura. Por último, temos a Fase 3 (VLA1553-321), que envolveu adolescentes de 12 a 18 anos no Brasil, com 502 participantes, sendo o único estudo feito em uma área onde a doença é comum.","Os dados clínicos apresentados foram provenientes de estudos conduzidos nos EUA, em população adulta saudável, que recebeu uma dose da vacina IXCHIQ:  | Estudo | População | Descrição | |--------|-----------|-----------| | **Fase 1 (VLA1553-101)** | Adultos saudáveis (EUA) | Segurança e imunogenicidade | | **Fase 3 (VLA1553-301)** | Adultos saudáveis (EUA) | Estudo pivotal | | **Fase 3 (VLA1553-302)** | Adultos saudáveis (EUA) | Suporte | | **Extensão (VLA1553-303)** | Adultos saudáveis (EUA) | Em andamento - persistência da resposta | | **Fase 3 (VLA1553-321)** | Adolescentes (12-18 anos, Brasil) | 502 participantes; único estudo em população endêmica |",N/A (Geral),"#Estudos, #Vacina IXCHIQ",IXCHIQ (vacina chikungunya) novo registro.md,7,1,98.75
chikungunya_qa_0030,Paciente,A vacina IXCHIQ foi testada em adolescentes?,"Sim, a vacina IXCHIQ foi testada em adolescentes de 12 a 18 anos no Brasil, com 502 participantes, sendo o único estudo em uma população que já tem a doença presente.","Fase 3 (VLA1553-321) | Adolescentes (12-18 anos, Brasil) | 502 participantes; único estudo em população endêmica",N/A (Geral),"#Vacina IXCHIQ, #Adolescentes",IXCHIQ (vacina chikungunya) novo registro.md,7,1,100.0
chikungunya_qa_0031,Médica,Qual foi a população estudada para a vacina IXCHIQ?,"A vacina IXCHIQ foi avaliada em estudos clínicos que incluíram uma população de adultos saudáveis nos Estados Unidos, conforme descrito nos ensaios clínicos Fase 1 (VLA1553-101), Fase 3 (VLA1553-301 e VLA1553-302) e Extensão (VLA1553-303), focando na segurança e imunogenicidade, bem como na persistência da resposta imunológica. Adicionalmente, um estudo Fase 3 (VLA1553-321) foi conduzido com adolescentes de 12 a 18 anos no Brasil, representando o único ensaio em uma população endêmica. A análise dos dados clínicos foi realizada para determinar a eficácia e a segurança da vacina em ambas as faixas etárias.","Os dados clínicos apresentados foram provenientes de estudos conduzidos nos EUA, em população adulta saudável, que recebeu uma dose da vacina IXCHIQ: | Fase 3 (VLA1553-321) | Adolescentes (12-18 anos, Brasil) | 502 participantes; único estudo em população endêmica |",N/A (Geral),"#População Estudada, #Vacina IXCHIQ",IXCHIQ (vacina chikungunya) novo registro.md,7,1,100
chikungunya_qa_0032,Médica,Quais fases dos estudos clínicos foram realizados para a vacina IXCHIQ?,"Os estudos clínicos da vacina IXCHIQ incluem a Fase 1 (VLA1553-101) focada em segurança e imunogenicidade, Fase 3 (VLA1553-301) como estudo pivotal, Fase 3 (VLA1553-302) para suporte, e a Extensão (VLA1553-303) que está em andamento para avaliar a persistência da resposta.","Os dados clínicos apresentados foram provenientes de estudos conduzidos nos EUA, em população adulta saudável, que recebeu uma dose da vacina IXCHIQ: | Estudo | População | Descrição | |--------|-----------|-----------| | **Fase 1 (VLA1553-101)** | Adultos saudáveis (EUA) | Segurança e imunogenicidade | | **Fase 3 (VLA1553-301)** | Adultos saudáveis (EUA) | Estudo pivotal | | **Fase 3 (VLA1553-302)** | Adultos saudáveis (EUA) | Suporte | | **Extensão (VLA1553-303)** | Adultos saudáveis (EUA) | Em andamento - persistência da resposta |",N/A (Geral),"#Fases de Estudo, #Vacina IXCHIQ",IXCHIQ (vacina chikungunya) novo registro.md,7,1,95.0
chikungunya_qa_0033,Paciente,Quais são as fases dos estudos clínicos da vacina IXCHIQ?,"As fases dos estudos clínicos da vacina IXCHIQ incluem: Fase 1 (VLA1553-101), Fase 3 (VLA1553-301), Fase 3 (VLA1553-302), Extensão (VLA1553-303) e Fase 3 (VLA1553-321).","| Estudo | População | Descrição |
|--------|-----------|-----------|
| **Fase 1 (VLA1553-101)** | Adultos saudáveis (EUA) | Segurança e imunogenicidade |
| **Fase 3 (VLA1553-301)** | Adultos saudáveis (EUA) | Estudo pivotal |
| **Fase 3 (VLA1553-302)** | Adultos saudáveis (EUA) | Suporte |
| **Extensão (VLA1553-303)** | Adultos saudáveis (EUA) | Em andamento - persistência da resposta |
| **Fase 3 (VLA1553-321)** | Adolescentes (12-18 anos, Brasil) | 502 participantes; único estudo em população endêmica |",N/A (Geral),"#EstudosClínicos, #VacinaIXCHIQ",IXCHIQ (vacina chikungunya) novo registro.md,7,2,100.0
chikungunya_qa_0034,Paciente,Quem participou dos estudos da vacina IXCHIQ?,Os estudos da vacina IXCHIQ foram conduzidos em adultos saudáveis nos EUA e em adolescentes de 12 a 18 anos no Brasil.,"| Estudo | População | Descrição |
|--------|-----------|-----------|
| **Fase 1 (VLA1553-101)** | Adultos saudáveis (EUA) | Segurança e imunogenicidade |
| **Fase 3 (VLA1553-321)** | Adolescentes (12-18 anos, Brasil) | 502 participantes; único estudo em população endêmica |",N/A (Geral),"#População, #VacinaIXCHIQ",IXCHIQ (vacina chikungunya) novo registro.md,7,2,95.0
chikungunya_qa_0035,Médica,Quais são os principais estudos que sustentam a vacina IXCHIQ?,"Os principais estudos da vacina IXCHIQ são: Fase 1 (VLA1553-101), Fase 3 (VLA1553-301), Fase 3 (VLA1553-302), Extensão (VLA1553-303) e Fase 3 (VLA1553-321), com 502 participantes na última fase em adolescentes no Brasil.","| Estudo | População | Descrição |
|--------|-----------|-----------|
| **Fase 1 (VLA1553-101)** | Adultos saudáveis (EUA) | Segurança e imunogenicidade |
| **Fase 3 (VLA1553-321)** | Adolescentes (12-18 anos, Brasil) | 502 participantes; único estudo em população endêmica |",N/A (Geral),"#EstudosClínicos, #VacinaIXCHIQ",IXCHIQ (vacina chikungunya) novo registro.md,7,2,100.0
chikungunya_qa_0036,Médica,Qual é o foco da avaliação clínica da vacina IXCHIQ?,"O foco da avaliação clínica da vacina IXCHIQ é a segurança e imunogenicidade em adultos saudáveis, além de um estudo específico em adolescentes que reside em uma população endêmica.","| Estudo | População | Descrição |
|--------|-----------|-----------|
| **Fase 1 (VLA1553-101)** | Adultos saudáveis (EUA) | Segurança e imunogenicidade |
| **Fase 3 (VLA1553-321)** | Adolescentes (12-18 anos, Brasil) | 502 participantes; único estudo em população endêmica |",N/A (Geral),"#AvaliaçãoClínica, #VacinaIXCHIQ",IXCHIQ (vacina chikungunya) novo registro.md,7,2,100.0
chikungunya_qa_0037,Médica,Qual é a descrição da Fase 3 (VLA1553-321) do estudo da vacina IXCHIQ?,"A Fase 3 (VLA1553-321) do estudo da vacina IXCHIQ envolve adolescentes de 12 a 18 anos no Brasil, com 502 participantes, sendo o único estudo realizado em uma população endêmica.","| **Fase 3 (VLA1553-321)** | Adolescentes (12-18 anos, Brasil) | 502 participantes; único estudo em população endêmica |",N/A (Geral),"#EstudosClinicos, #Adolescentes",IXCHIQ (vacina chikungunya) novo registro.md,7,3,100.0
chikungunya_qa_0038,Médica,Quais são os objetivos dos estudos da vacina IXCHIQ?,"Os estudos da vacina IXCHIQ têm como objetivos a segurança, imunogenicidade e a persistência da resposta imunológica, conforme evidenciado nas diferentes fases dos estudos clínicos.","| **Fase 1 (VLA1553-101)** | Adultos saudáveis (EUA) | Segurança e imunogenicidade |
| **Fase 3 (VLA1553-301)** | Adultos saudáveis (EUA) | Estudo pivotal |
| **Fase 3 (VLA1553-302)** | Adultos saudáveis (EUA) | Suporte |
| **Extensão (VLA1553-303)** | Adultos saudáveis (EUA) | Em andamento - persistência da resposta |",N/A (Geral),"#Estudos, #Vacina",IXCHIQ (vacina chikungunya) novo registro.md,7,4,95.0
chikungunya_qa_0039,Médica,Qual é a população estudada na Fase 3 (VLA1553-321) do estudo da vacina IXCHIQ?,"A população estudada na Fase 3 (VLA1553-321) do estudo da vacina IXCHIQ compreende adolescentes de 12 a 18 anos no Brasil, totalizando 502 participantes.","| **Fase 3 (VLA1553-321)** | Adolescentes (12-18 anos, Brasil) | 502 participantes; único estudo em população endêmica |",N/A (Geral),"#População, #Vacina",IXCHIQ (vacina chikungunya) novo registro.md,7,4,100.0
chikungunya_qa_0040,Médica,Qual a descrição da extensão do estudo VLA1553-303 da vacina IXCHIQ?,"A extensão VLA1553-303 envolve adultos saudáveis nos EUA e está em andamento, focando na persistência da resposta imunológica após a vacinação.",| **Extensão (VLA1553-303)** | Adultos saudáveis (EUA) | Em andamento - persistência da resposta |,N/A (Geral),"#Extensão, #Vacina IXCHIQ",IXCHIQ (vacina chikungunya) novo registro.md,7,5,100.0
chikungunya_qa_0041,Paciente,Quais são os estudos que avaliaram a vacina IXCHIQ?,"Os estudos que avaliaram a vacina IXCHIQ são: a Fase 1 (VLA1553-101), que olhou para a segurança e como o corpo reage à vacina; a Fase 3 (VLA1553-301), que foi um estudo importante; a Fase 3 (VLA1553-302), que deu suporte ao estudo anterior; a Extensão (VLA1553-303), que ainda está em andamento e verifica por quanto tempo a resposta da vacina dura; e a Fase 3 (VLA1553-321), que envolveu adolescentes de 12 a 18 anos no Brasil, sendo o único estudo feito em uma área onde a doença é comum.","| Estudo | População | Descrição |
|--------|-----------|-----------|
| **Fase 1 (VLA1553-101)** | Adultos saudáveis (EUA) | Segurança e imunogenicidade |
| **Fase 3 (VLA1553-301)** | Adultos saudáveis (EUA) | Estudo pivotal |
| **Fase 3 (VLA1553-302)** | Adultos saudáveis (EUA) | Suporte |
| **Extensão (VLA1553-303)** | Adultos saudáveis (EUA) | Em andamento - persistência da resposta |
| **Fase 3 (VLA1553-321)** | Adolescentes (12-18 anos, Brasil) | 502 participantes; único estudo em população endêmica |",N/A (Geral),"#Estudos, #Vacina IXCHIQ",IXCHIQ (vacina chikungunya) novo registro.md,7,6,98.75
chikungunya_qa_0042,Paciente,Quantas pessoas participaram do estudo da vacina IXCHIQ para adolescentes?,O estudo da vacina IXCHIQ para adolescentes contou com 502 participantes.,"| **Fase 3 (VLA1553-321)** | Adolescentes (12-18 anos, Brasil) | 502 participantes; único estudo em população endêmica |",N/A (Geral),"#Participantes, #Adolescentes",IXCHIQ (vacina chikungunya) novo registro.md,7,6,95.0
chikungunya_qa_0043,Médica,Qual é a taxa de soroconversão observada na vacina IXCHIQ?,"A taxa de soroconversão da vacina IXCHIQ é de 98,9% para título de anticorpos ≥ 150 µPRNT50, considerado razoavelmente provável para prever proteção.","taxa de soroconversão de 98,9% dos indivíduos adultos avaliados para título de anticorpos ≥ 150 µPRNT50 (considerado razoavelmente provável para prever proteção)",N/A (Geral),"#Vacina, #Soroconversão",IXCHIQ (vacina chikungunya) novo registro.md,8,1,100.0
chikungunya_qa_0044,Médica,Qual a persistência da resposta imune da vacina IXCHIQ?,A persistência da resposta da vacina IXCHIQ é mantida após 12 meses.,título de anticorpos considerado razoavelmente provável para prever proteção mantido após 12 meses,N/A (Geral),"#Vacina, #Persistência",IXCHIQ (vacina chikungunya) novo registro.md,8,1,90.0
chikungunya_qa_0045,Paciente,"O que significa uma taxa de soroconversão de 98,9% na vacina IXCHIQ?",Isso significa que quase todos os adultos que tomaram a vacina desenvolveram anticorpos suficientes para provavelmente estarem protegidos.,"taxa de soroconversão de 98,9% dos indivíduos adultos avaliados para título de anticorpos ≥ 150 µPRNT50 (considerado razoavelmente provável para prever proteção)",N/A (Geral),"#Eficácia, #Vacina",IXCHIQ (vacina chikungunya) novo registro.md,8,2,100.0
chikungunya_qa_0046,Paciente,Por quanto tempo a vacina IXCHIQ pode proteger as pessoas?,A vacina pode manter a proteção por até 12 meses após a aplicação.,título de anticorpos considerado razoavelmente provável para prever proteção mantido após 12 meses,N/A (Geral),"#Duração, #Vacina",IXCHIQ (vacina chikungunya) novo registro.md,8,2,95.0
chikungunya_qa_0047,Médica,A vacina IXCHIQ induz resposta imunológica em populações idosas?,"Sim, a vacina IXCHIQ demonstrou induzir resposta imune robusta em indivíduos com 65 anos ou mais, com títulos médios de anticorpos similares aos de adultos com menos de 65 anos.","vacina demonstrou induzir resposta imune robusta, com títulos médios de anticorpos similares aos de adultos com menos de 65 anos",N/A (Geral),"#Eficácia, #PopulaçãoIdosa",IXCHIQ (vacina chikungunya) novo registro.md,8,2,100.0
chikungunya_qa_0048,Médica,Quais são os resultados da vacina IXCHIQ em populações idosas?,"A vacina IXCHIQ demonstrou induzir resposta imune robusta em indivíduos com 65 anos ou mais, com títulos médios de anticorpos similares aos de adultos com menos de 65 anos.","vacina demonstrou induzir resposta imune robusta, com títulos médios de anticorpos similares aos de adultos com menos de 65 anos",N/A (Geral),"#Vacina, #PopulaçãoIdosa",IXCHIQ (vacina chikungunya) novo registro.md,8,3,100.0
chikungunya_qa_0049,Médica,Qual foi a taxa de soroconversão observada no estudo da vacina IXCHIQ?,"O estudo da vacina IXCHIQ observou uma taxa de soroconversão de 98,9% dos indivíduos adultos avaliados para título de anticorpos ≥ 150 µPRNT50.","taxa de soroconversão de 98,9% dos indivíduos adultos avaliados para título de anticorpos ≥ 150 µPRNT50",N/A (Geral),"#Vacina, #Soroconversão",IXCHIQ (vacina chikungunya) novo registro.md,8,3,95.0
chikungunya_qa_0050,Paciente,"O que significa ter uma taxa de soroconversão de 98,9% para a vacina IXCHIQ?","Isso significa que quase todas as pessoas que receberam a vacina desenvolveram anticorpos, o que é um bom sinal de que a vacina pode proteger contra a doença.","taxa de soroconversão de 98,9% dos indivíduos adultos avaliados para título de anticorpos ≥ 150 µPRNT50 (considerado razoavelmente provável para prever proteção)",N/A (Geral),"#Vacina, #Proteção",IXCHIQ (vacina chikungunya) novo registro.md,8,4,95.0
chikungunya_qa_0051,Paciente,A vacina IXCHIQ é eficaz para idosos?,"Sim, a vacina IXCHIQ mostrou que também induz uma boa resposta imune em pessoas idosas, com níveis de anticorpos semelhantes aos de adultos mais jovens.","vacina demonstrou induzir resposta imune robusta, com títulos médios de anticorpos similares aos de adultos com menos de 65 anos",N/A (Geral),"#Vacina, #Idosos",IXCHIQ (vacina chikungunya) novo registro.md,8,4,100.0
chikungunya_qa_0052,Médica,Qual foi a taxa de soroconversão observada na vacina IXCHIQ em adultos?,"A taxa de soroconversão observada foi de 98,9% para título de anticorpos ≥ 150 µPRNT50, considerado razoavelmente provável para prever proteção.","taxa de soroconversão de 98,9% dos indivíduos adultos avaliados para título de anticorpos ≥ 150 µPRNT50 (considerado razoavelmente provável para prever proteção)",N/A (Geral),"#Vacina, #Soroconversão",IXCHIQ (vacina chikungunya) novo registro.md,8,4,100.0
chikungunya_qa_0053,Paciente,A vacina contra Chikungunya pode ajudar quem já teve a doença?,"A vacina não ajuda muito quem já teve a doença ou teve contato com o vírus antes da vacinação, pois não aumenta significativamente os anticorpos.",a vacina não induz aumentos significativos de títulos de anticorpos em indivíduos que já tiveram a doença ou tiveram contato prévio com o vírus antes da vacinação,N/A (Geral),"#Vacina, #Chikungunya",IXCHIQ (vacina chikungunya) novo registro.md,9,1,100.0
chikungunya_qa_0054,Médica,Qual é o impacto da vacinação em indivíduos com infecção prévia de Chikungunya?,A vacina não induz aumentos significativos de títulos de anticorpos em indivíduos que já tiveram a doença ou contato prévio com o vírus antes da vacinação.,a vacina não induz aumentos significativos de títulos de anticorpos em indivíduos que já tiveram a doença ou tiveram contato prévio com o vírus antes da vacinação,N/A (Geral),"#Vacinação, #Chikungunya",IXCHIQ (vacina chikungunya) novo registro.md,9,1,100.0
chikungunya_qa_0055,Médica,Quais são os dados sobre a eficácia da vacina contra Chikungunya?,"O texto menciona o valor da eficácia e duração da proteção contra a doença Chikungunya, mas não fornece dados específicos.",Valor da eficácia e duração da proteção contra a doença Chikungunya,N/A (Geral),"#Eficácia, #Vacina",IXCHIQ (vacina chikungunya) novo registro.md,9,1,95.0
chikungunya_qa_0056,Paciente,A vacina contra Chikungunya ajuda quem já teve a doença?,"A vacina não ajuda muito quem já teve Chikungunya, pois não aumenta significativamente os anticorpos em pessoas que já tiveram a doença ou tiveram contato com o vírus antes da vacinação.",a vacina não induz aumentos significativos de títulos de anticorpos em indivíduos que já tiveram a doença ou tiveram contato prévio com o vírus antes da vacinação,N/A (Geral),"#Vacina, #Eficácia",IXCHIQ (vacina chikungunya) novo registro.md,9,2,95.0
chikungunya_qa_0057,Paciente,O que acontece se eu já tive Chikungunya e me vacinar?,"Se você já teve Chikungunya, a vacina não vai induzir aumentos significativos de títulos de anticorpos no seu corpo, pois você já teve contato prévio com o vírus antes da vacinação. Isso significa que a vacina pode não oferecer uma proteção adicional significativa para você, já que seu sistema imunológico já teve a oportunidade de reagir ao vírus anteriormente.",a vacina não induz aumentos significativos de títulos de anticorpos em indivíduos que já tiveram a doença ou tiveram contato prévio com o vírus antes da vacinação,N/A (Geral),"#Vacina, #Eficácia",IXCHIQ (vacina chikungunya) novo registro.md,9,2,98.75
chikungunya_qa_0058,Médica,A vacina contra Chikungunya é eficaz em indivíduos com infecção prévia?,"A vacina não induz aumentos significativos de títulos de anticorpos em indivíduos que já tiveram a doença ou tiveram contato prévio com o vírus antes da vacinação, o que pode limitar sua eficácia nessa população.",a vacina não induz aumentos significativos de títulos de anticorpos em indivíduos que já tiveram a doença ou tiveram contato prévio com o vírus antes da vacinação,N/A (Geral),"#Vacina, #Eficácia",IXCHIQ (vacina chikungunya) novo registro.md,9,2,95.0
chikungunya_qa_0059,Paciente,A vacina contra Chikungunya é boa para quem já teve a doença?,A vacina não ajuda a aumentar os anticorpos em pessoas que já tiveram a doença ou tiveram contato com o vírus antes da vacinação.,a vacina não induz aumentos significativos de títulos de anticorpos em indivíduos que já tiveram a doença ou tiveram contato prévio com o vírus antes da vacinação,N/A (Geral),"#Vacinação, #Chikungunya",IXCHIQ (vacina chikungunya) novo registro.md,9,3,100.0
chikungunya_qa_0060,Médica,Qual é a resposta imunológica da vacina contra Chikungunya em indivíduos com infecção prévia?,A vacina não induz aumentos significativos de títulos de anticorpos em indivíduos que já tiveram a doença ou tiveram contato prévio com o vírus antes da vacinação.,a vacina não induz aumentos significativos de títulos de anticorpos em indivíduos que já tiveram a doença ou tiveram contato prévio com o vírus antes da vacinação,N/A (Geral),"#Imunologia, #Vacinação",IXCHIQ (vacina chikungunya) novo registro.md,9,3,100.0
chikungunya_qa_0061,Paciente,A vacina contra Chikungunya é boa para mim se eu já tive a doença?,A vacina não é eficaz em pessoas que já tiveram a doença ou contato prévio com o vírus. Ela não aumenta significativamente os anticorpos nesses casos.,a vacina não induz aumentos significativos de títulos de anticorpos em indivíduos que já tiveram a doença ou tiveram contato prévio com o vírus antes da vacinação,N/A (Geral),"#Vacinação, #Chikungunya",IXCHIQ (vacina chikungunya) novo registro.md,9,4,100.0
chikungunya_qa_0062,Paciente,O que acontece se eu me vacinar contra Chikungunya depois de já ter tido a doença?,"Se você já teve Chikungunya, a vacina não vai ajudar a aumentar a proteção, pois não gera uma resposta significativa de anticorpos.",a vacina não induz aumentos significativos de títulos de anticorpos em indivíduos que já tiveram a doença ou tiveram contato prévio com o vírus antes da vacinação,N/A (Geral),"#Vacinação, #Chikungunya",IXCHIQ (vacina chikungunya) novo registro.md,9,4,100.0
chikungunya_qa_0063,Médica,Quais são as implicações da vacinação contra Chikungunya em pacientes que já tiveram a doença?,"A vacinação em pacientes com infecção prévia não resulta em aumento significativo dos títulos de anticorpos, o que pode limitar a eficácia da vacina nesse grupo.",a vacina não induz aumentos significativos de títulos de anticorpos em indivíduos que já tiveram a doença ou tiveram contato prévio com o vírus antes da vacinação,N/A (Geral),"#Imunologia, #Vacinação",IXCHIQ (vacina chikungunya) novo registro.md,9,4,90.0
chikungunya_qa_0064,Paciente,Quantas pessoas participaram do estudo sobre a vacina IXCHIQ?,"O estudo sobre a vacina IXCHIQ contou com a participação de aproximadamente 3.610 indivíduos adultos saudáveis nos Estados Unidos. Além disso, incluiu cerca de 360 participantes com mais de 65 anos. No Brasil, 502 adolescentes com idades entre 12 e 18 anos também participaram, dos quais 52 eram soropositivos para CHIKV na linha de base.",| Adultos saudáveis (EUA) | ~3.610 indivíduos |,N/A (Geral),"#Epidemiologia, #Vacinação",IXCHIQ (vacina chikungunya) novo registro.md,10,1,100
chikungunya_qa_0065,Paciente,Quantos adolescentes participaram do estudo no Brasil?,"O estudo contou com 502 adolescentes no Brasil, dos quais 52 eram soropositivos para CHIKV na linha de base.","| Adolescentes (12-18 anos, Brasil) | 502 adolescentes (52 soropositivos para CHIKV na baseline) |",N/A (Geral),"#Epidemiologia, #Vacinação",IXCHIQ (vacina chikungunya) novo registro.md,10,1,100.0
chikungunya_qa_0066,Médica,Qual é a composição da população estudada para a vacina IXCHIQ?,"A população estudada incluiu cerca de 3.610 adultos saudáveis nos EUA, aproximadamente 360 participantes com mais de 65 anos e 502 adolescentes no Brasil, dos quais 52 eram soropositivos para CHIKV na linha de base.","| População | Número de participantes |
|-----------|------------------------|
| Adultos saudáveis (EUA) | ~3.610 indivíduos |
| Participantes com >65 anos | ~360 participantes |
| Adolescentes (12-18 anos, Brasil) | 502 adolescentes (52 soropositivos para CHIKV na baseline) |",N/A (Geral),"#Epidemiologia, #Vacinação",IXCHIQ (vacina chikungunya) novo registro.md,10,1,100.0
chikungunya_qa_0067,Médica,Quantos participantes soropositivos foram incluídos no estudo entre os adolescentes?,O estudo incluiu 52 adolescentes soropositivos para CHIKV entre os 502 adolescentes participantes.,"| Adolescentes (12-18 anos, Brasil) | 502 adolescentes (52 soropositivos para CHIKV na baseline) |",N/A (Geral),"#Epidemiologia, #Vacinação",IXCHIQ (vacina chikungunya) novo registro.md,10,1,100.0
chikungunya_qa_0068,Paciente,Quais são os sintomas mais comuns que posso sentir após a vacinação?,"Após a vacinação, os sintomas mais comuns que você pode sentir incluem dor de cabeça, fadiga, dor muscular, dor nas articulações, febre, náusea e sensibilidade no local da injeção.",As reações adversas mais frequentemente observadas nos estudos clínicos conduzidos em adultos e adolescentes foram: - Dor de cabeça - Fadiga - Dor muscular - Dor nas articulações - Febre - Náusea - Sensibilidade no local da injeção,N/A (Geral),"#Sintomas, #Vacinação",IXCHIQ (vacina chikungunya) novo registro.md,11,1,100.0
chikungunya_qa_0069,Médica,Quais são as reações adversas mais frequentemente observadas em adultos e adolescentes após a vacinação?,"As reações adversas mais frequentemente observadas em estudos clínicos em adultos e adolescentes incluem dor de cabeça, fadiga, dor muscular, dor nas articulações, febre, náusea e sensibilidade no local da injeção.",As reações adversas mais frequentemente observadas nos estudos clínicos conduzidos em adultos e adolescentes foram: - Dor de cabeça - Fadiga - Dor muscular - Dor nas articulações - Febre - Náusea - Sensibilidade no local da injeção,N/A (Geral),"#Sintomas, #Vacinação",IXCHIQ (vacina chikungunya) novo registro.md,11,1,100.0
chikungunya_qa_0070,Paciente,Quais sintomas posso sentir após a vacina contra Chikungunya?,"Você pode sentir febre, dor nas articulações, dor nas costas, manchas na pele, inchaço nas extremidades e aumento dos gânglios linfáticos.","As reações foram uma combinação de febre e artralgia (e/ou com outros efeitos adversos, como dor nas costas, erupção cutânea, edema periférico, linfadenopatia).",N/A (Geral),"#Sintomas, #Vacinação",IXCHIQ (vacina chikungunya) novo registro.md,12,1,100.0
chikungunya_qa_0071,Paciente,Quão intensos são os sintomas após a vacinação?,A maioria dos sintomas é leve ou moderada e costuma melhorar sozinha em um período de 2 a 4 dias.,A maioria dos sintomas foi leve ou moderada em intensidade e autolimitada após 2 a 4 dias.,N/A (Geral),"#Sintomas, #Vacinação",IXCHIQ (vacina chikungunya) novo registro.md,12,1,100.0
chikungunya_qa_0072,Médica,Quais são as reações adversas mais comuns observadas após a vacinação contra Chikungunya?,"As reações adversas comuns incluem febre, artralgia, dor nas costas, erupção cutânea, edema periférico e linfadenopatia.","As reações foram uma combinação de febre e artralgia (e/ou com outros efeitos adversos, como dor nas costas, erupção cutânea, edema periférico, linfadenopatia).",N/A (Geral),"#ReaçõesAdversas, #Vacinação",IXCHIQ (vacina chikungunya) novo registro.md,12,1,95.0
chikungunya_qa_0073,Médica,Qual é a duração esperada das reações adversas após a vacinação?,"Os sintomas geralmente são autolimitados, apresentando melhora em 2 a 4 dias, embora haja casos de sintomas prolongados que duram pelo menos 30 dias.",A maioria dos sintomas foi leve ou moderada em intensidade e autolimitada após 2 a 4 dias. Dois participantes apresentaram sintomas prolongados de pelo menos 30 dias de duração.,N/A (Geral),"#DuraçãoSintomas, #Vacinação",IXCHIQ (vacina chikungunya) novo registro.md,12,1,100.0
chikungunya_qa_0074,Paciente,Quais são os sintomas que posso sentir após receber a vacina?,"Após receber a vacina, você pode sentir febre, dor nas articulações, dor nas costas, manchas na pele, inchaço nas pernas e aumento dos gânglios linfáticos.","As reações foram uma combinação de febre e artralgia (e/ou com outros efeitos adversos, como dor nas costas, erupção cutânea, edema periférico, linfadenopatia).",N/A (Geral),"#Sintomas, #Vacinação",IXCHIQ (vacina chikungunya) novo registro.md,12,2,100.0
chikungunya_qa_0075,Paciente,Os sintomas que eu posso sentir após a vacina são graves?,A maioria dos sintomas que você pode sentir será leve ou moderada e geralmente desaparece sozinha em 2 a 4 dias.,A maioria dos sintomas foi leve ou moderada em intensidade e autolimitada após 2 a 4 dias.,N/A (Geral),"#Sintomas, #Vacinação",IXCHIQ (vacina chikungunya) novo registro.md,12,2,95.0
chikungunya_qa_0076,Médica,Qual a intensidade e duração esperada das reações adversas após a vacinação?,"As reações adversas foram em sua maioria leves ou moderadas e autolimitadas, resolvendo-se em 2 a 4 dias, embora dois participantes tenham apresentado sintomas prolongados por pelo menos 30 dias.",A maioria dos sintomas foi leve ou moderada em intensidade e autolimitada após 2 a 4 dias. Dois participantes apresentaram sintomas prolongados de pelo menos 30 dias de duração.,N/A (Geral),"#Sintomas, #Vacinação",IXCHIQ (vacina chikungunya) novo registro.md,12,2,100.0
chikungunya_qa_0077,Médica,Quais reações adversas graves foram observadas em indivíduos vacinados?,"Reações adversas graves semelhantes a Chikungunya foram verificadas, incluindo febre e artralgia, além de outros efeitos adversos como dor nas costas, erupção cutânea, edema periférico e linfadenopatia.","Embora incomuns, reações adversas graves semelhantes a Chikungunya foram verificadas em indivíduos que receberam a vacina. As reações foram uma combinação de febre e artralgia (e/ou com outros efeitos adversos, como dor nas costas, erupção cutânea, edema periférico, linfadenopatia).",N/A (Geral),"#ReaçõesAdversas, #Vacinação",IXCHIQ (vacina chikungunya) novo registro.md,12,2,100.0
chikungunya_qa_0078,Médica,Quais são as reações adversas observadas em indivíduos que receberam a vacina contra Chikungunya?,"As reações adversas incluem febre, artralgia, dor nas costas, erupção cutânea, edema periférico e linfadenopatia, com a maioria dos sintomas sendo leve ou moderada.","As reações foram uma combinação de febre e artralgia (e/ou com outros efeitos adversos, como dor nas costas, erupção cutânea, edema periférico, linfadenopatia).",N/A (Geral),"#ReaçõesAdversas, #Vacinação",IXCHIQ (vacina chikungunya) novo registro.md,12,3,95.0
chikungunya_qa_0079,Paciente,Quais são os sintomas que posso sentir após a vacinação contra Chikungunya?,"Após a vacinação, você pode sentir febre e dor nas articulações, além de outros efeitos como dor nas costas, manchas na pele, inchaço nas pernas e aumento dos gânglios linfáticos.","As reações foram uma combinação de **febre e artralgia** (e/ou com outros efeitos adversos, como dor nas costas, erupção cutânea, edema periférico, linfadenopatia).",N/A (Geral),"#Sintomas, #Vacinação",IXCHIQ (vacina chikungunya) novo registro.md,12,4,95.0
chikungunya_qa_0080,Paciente,Quais sintomas eu posso ter após receber a vacina contra Chikungunya?,"Você pode sentir febre, dor nas articulações, dor nas costas, manchas na pele, inchaço nas pernas e aumento dos gânglios linfáticos.","As reações foram uma combinação de febre e artralgia (e/ou com outros efeitos adversos, como dor nas costas, erupção cutânea, edema periférico, linfadenopatia).",N/A (Geral),"#Sintomas, #Vacinação",IXCHIQ (vacina chikungunya) novo registro.md,12,5,100.0
chikungunya_qa_0081,Paciente,Os sintomas da vacina são graves?,A maioria dos sintomas foi leve ou moderada e desapareceu sozinha após 2 a 4 dias.,A maioria dos sintomas foi leve ou moderada em intensidade e autolimitada após 2 a 4 dias.,N/A (Geral),"#Sintomas, #Vacinação",IXCHIQ (vacina chikungunya) novo registro.md,12,5,100.0
chikungunya_qa_0082,Paciente,É possível que os sintomas durem mais de um mês após a vacinação?,"Sim, dois participantes apresentaram sintomas que duraram pelo menos 30 dias.",Dois participantes apresentaram sintomas prolongados de pelo menos 30 dias de duração.,N/A (Geral),"#Sintomas, #Vacinação",IXCHIQ (vacina chikungunya) novo registro.md,12,5,100.0
chikungunya_qa_0083,Médica,Qual a diferença na frequência de eventos adversos entre diferentes faixas etárias após a vacinação?,"Eventos adversos locais e sistêmicos foram menos frequentes em participantes ≥ 65 anos em comparação com participantes de 18 a 64 anos, enquanto eventos adversos graves foram mais frequentes no grupo de 65 anos ou mais.",Eventos adversos locais e sistêmicos solicitados foram **menos frequentes** em participantes ≥ 65 anos em comparação com participantes de 18 a 64 anos. Eventos adversos graves e eventos adversos com necessidade de atendimento médico associados à vacina foram **mais frequentes** em participantes ≥ 65 anos.,N/A (Geral),"#EventosAdversos, #Vacinação",IXCHIQ (vacina chikungunya) novo registro.md,13,1,100.0
chikungunya_qa_0084,Médica,Quais são as implicações clínicas para participantes com 65 anos ou mais em relação à vacina?,"É importante considerar que eventos adversos graves e a necessidade de atendimento médico foram mais frequentes nesse grupo etário, o que pode exigir monitoramento mais rigoroso.",Eventos adversos graves e eventos adversos com necessidade de atendimento médico associados à vacina foram **mais frequentes** em participantes ≥ 65 anos.,N/A (Geral),"#EventosAdversos, #Vacinação",IXCHIQ (vacina chikungunya) novo registro.md,13,1,90.0
chikungunya_qa_0085,Paciente,As pessoas mais velhas sentem mais reações adversas graves após a vacina?,"Sim, eventos adversos graves e eventos que exigiram atendimento médico foram mais frequentes em pessoas com 65 anos ou mais.",Eventos adversos graves e eventos adversos com necessidade de atendimento médico associados à vacina foram **mais frequentes** em participantes ≥ 65 anos,N/A (Geral),"#EfeitosColaterais, #Idosos",IXCHIQ (vacina chikungunya) novo registro.md,13,2,100.0
chikungunya_qa_0086,Médica,Quais são os eventos adversos mais frequentes em idosos após a vacinação?,Eventos adversos graves e eventos adversos que necessitaram de atendimento médico foram mais frequentes em participantes ≥ 65 anos.,Eventos adversos graves e eventos adversos com necessidade de atendimento médico associados à vacina foram **mais frequentes** em participantes ≥ 65 anos,N/A (Geral),"#EventosAdversos, #Idosos",IXCHIQ (vacina chikungunya) novo registro.md,13,2,90.0
chikungunya_qa_0087,Médica,Quais critérios podem ser usados para avaliar a segurança da vacina em idosos?,"A avaliação deve considerar que eventos adversos graves e que exigem atendimento médico são mais frequentes em participantes com 65 anos ou mais, o que pode impactar a conduta clínica.",Eventos adversos graves e eventos adversos com necessidade de atendimento médico associados à vacina foram **mais frequentes** em participantes ≥ 65 anos,N/A (Geral),"#EventosAdversos, #SegurançaVacinal",IXCHIQ (vacina chikungunya) novo registro.md,13,5,90.0
chikungunya_qa_0088,Paciente,"Se eu tiver 65 anos ou mais, vou sentir menos efeitos colaterais após a vacina?","Embora eventos adversos locais e sistêmicos tenham sido menos frequentes em participantes com 65 anos ou mais em comparação com aqueles de 18 a 64 anos, é importante notar que eventos adversos graves e eventos adversos que exigiram atendimento médico foram mais frequentes em participantes com 65 anos ou mais. Portanto, enquanto você pode experimentar menos efeitos colaterais leves, há um risco maior de eventos adversos mais sérios associados à vacina nessa faixa etária.",Eventos adversos locais e sistêmicos solicitados foram **menos frequentes** em participantes ≥ 65 anos em comparação com participantes de 18 a 64 anos,N/A (Geral),"#EfeitosColaterais, #Idosos",IXCHIQ (vacina chikungunya) novo registro.md,13,6,96.25
chikungunya_qa_0089,Médica,Qual é a comparação da frequência de eventos adversos entre participantes com 65 anos ou mais e aqueles de 18 a 64 anos?,"Eventos adversos locais e sistêmicos foram menos frequentes em participantes ≥ 65 anos, enquanto eventos adversos graves e com necessidade de atendimento médico foram mais frequentes nesse grupo.",Eventos adversos locais e sistêmicos solicitados foram **menos frequentes** em participantes ≥ 65 anos em comparação com participantes de 18 a 64 anos; Eventos adversos graves e eventos adversos com necessidade de atendimento médico associados à vacina foram **mais frequentes** em participantes ≥ 65 anos,N/A (Geral),"#EventosAdversos, #Idosos",IXCHIQ (vacina chikungunya) novo registro.md,13,6,100.0
chikungunya_qa_0090,Paciente,Quais são os cuidados que devo ter se eu tiver doenças autoimunes ou inflamatórias?,"Se você tem doenças autoimunes ou inflamatórias, é importante ficar atento ao perfil de segurança da vacina, pois pode haver riscos adicionais. Converse com seu médico sobre isso.",Perfil de segurança em pacientes com doenças autoimunes ou inflamatórias,N/A (Geral),"#Segurança, #DoençasAutoimunes",IXCHIQ (vacina chikungunya) novo registro.md,14,1,90.0
chikungunya_qa_0091,Paciente,"E se eu estiver debilitado ou com alguma condição clínica grave, como isso afeta minha vacinação?","Indivíduos debilitados com condições clínicas agudas ou progressivas, instáveis ou descontroladas devem ter cuidado extra ao se vacinar. É essencial discutir sua situação com um profissional de saúde.","Perfil de segurança em indivíduos debilitados com condições clínicas agudas ou progressivas, instáveis ou descontroladas",N/A (Geral),"#Segurança, #CondiçõesClínicas",IXCHIQ (vacina chikungunya) novo registro.md,14,1,95.0
chikungunya_qa_0092,Paciente,Existem reações adversas raras que eu preciso saber se vou me vacinar?,"Sim, pode haver reações adversas incomuns e raras, especialmente em populações endêmicas e pediátricas. Fale com seu médico para entender melhor os riscos.","Reações adversas incomuns e raras, incluindo em populações endêmicas e pediátricas",N/A (Geral),"#ReaçõesAdversas, #Vacinação",IXCHIQ (vacina chikungunya) novo registro.md,14,1,95.0
chikungunya_qa_0093,Médica,Quais considerações devem ser feitas para pacientes com doenças autoimunes ao vaciná-los?,"Ao vacinar pacientes com doenças autoimunes, é crucial considerar o perfil de segurança em longo prazo, uma vez que esses indivíduos podem apresentar reações adversas diferentes em comparação à população geral. Além disso, é importante avaliar o perfil de segurança em pacientes com condições clínicas agudas ou progressivas, que podem estar debilitados ou em estado instável ou descontrolado. Também deve-se ter atenção às reações adversas incomuns e raras, especialmente em populações endêmicas e pediátricas, que podem ter respostas imunológicas distintas. Portanto, uma avaliação cuidadosa e individualizada é necessária para garantir a segurança e eficácia da vacinação nesses grupos específicos.",Perfil de segurança em pacientes com **doenças autoimunes ou inflamatórias**,N/A (Geral),"#Segurança, #DoençasAutoimunes",IXCHIQ (vacina chikungunya) novo registro.md,14,3,91.25
chikungunya_qa_0094,Paciente,Quais efeitos colaterais posso esperar após a vacinação?,"Após a vacinação, você pode esperar que a maioria dos efeitos colaterais relatados sejam leves ou moderados. Esses efeitos adversos geralmente têm uma duração curta. É importante lembrar que, embora a maioria dos efeitos seja leve, a experiência pode variar de pessoa para pessoa. Se você tiver alguma preocupação específica ou se os efeitos persistirem, é sempre recomendável consultar um profissional de saúde.","a maioria dos efeitos adversos relatados sendo leves ou moderados e, em geral, de curta duração.",N/A (Geral),"#EfeitosAdversos, #Vacinação",IXCHIQ (vacina chikungunya) novo registro.md,15,1,91.25
chikungunya_qa_0095,Médica,Qual é a avaliação do perfil de segurança da vacina?,"O perfil de segurança da vacina foi considerado aceitável, com a maioria dos efeitos adversos sendo leves ou moderados.","o perfil de segurança da vacina foi considerado **aceitável**, com a maioria dos efeitos adversos relatados sendo leves ou moderados",N/A (Geral),"#Segurança, #EfeitosAdversos",IXCHIQ (vacina chikungunya) novo registro.md,15,1,95.0
chikungunya_qa_0096,Paciente,Quais são os efeitos que posso esperar após tomar a vacina?,"Os efeitos adversos da vacina são, em sua maioria, leves ou moderados e, geralmente, de curta duração.","a maioria dos efeitos adversos relatados sendo leves ou moderados e, em geral, de curta duração.",N/A (Geral),"#EfeitosAdversos, #Vacinação",IXCHIQ (vacina chikungunya) novo registro.md,15,2,100.0
chikungunya_qa_0097,Paciente,Os efeitos da vacina são graves?,"Não, a maioria dos efeitos adversos relatados são leves ou moderados e, em geral, de curta duração.","o perfil de segurança da vacina foi considerado **aceitável**, com a maioria dos efeitos adversos relatados sendo leves ou moderados e, em geral, de curta duração.",N/A (Geral),"#EfeitosAdversos, #Segurança",IXCHIQ (vacina chikungunya) novo registro.md,15,4,100.0
chikungunya_qa_0098,Paciente,Como posso me sentir após tomar a vacina?,Você pode esperar que os efeitos adversos sejam leves ou moderados e que durem pouco tempo.,"a maioria dos efeitos adversos relatados sendo leves ou moderados e, em geral, de curta duração.",N/A (Geral),"#EfeitosAdversos, #Segurança",IXCHIQ (vacina chikungunya) novo registro.md,15,4,90.0
chikungunya_qa_0099,Paciente,O que significa ter um perfil de segurança aceitado para a vacina?,"Significa que a vacina foi considerada segura, com efeitos colaterais geralmente leves e temporários.",o perfil de segurança da vacina foi considerado **aceitável**,N/A (Geral),"#Segurança, #Vacinação",IXCHIQ (vacina chikungunya) novo registro.md,15,6,100.0
chikungunya_qa_0100,Paciente,Quem não pode tomar a vacina?,A vacina é contraindicada para pessoas imunodeficientes ou imunossuprimidas e mulheres grávidas.,A vacina contém vírus vivos atenuados e é **contraindicada** para: - Pessoas imunodeficientes ou imunossuprimidas - Mulheres grávidas,N/A (Geral),"#Contraindicações, #Vacinação",IXCHIQ (vacina chikungunya) novo registro.md,16,1,100.0
chikungunya_qa_0101,Paciente,"E se eu tiver problemas de imunidade, posso me vacinar?","Não, se você tiver problemas de imunidade, como ser imunodeficiente ou imunossuprimido, a vacina que contém vírus vivos atenuados é contraindicada para você. Isso significa que, devido à sua condição, a vacina pode não ser segura e pode não proporcionar os benefícios esperados. É importante discutir suas opções de vacinação com seu médico, que pode oferecer alternativas adequadas para sua situação.",A vacina contém vírus vivos atenuados e é **contraindicada** para: - Pessoas imunodeficientes ou imunossuprimidas,N/A (Geral),"#Contraindicações, #Vacinação",IXCHIQ (vacina chikungunya) novo registro.md,16,1,95
chikungunya_qa_0102,Paciente,As mulheres grávidas podem tomar a vacina?,"Não, as mulheres grávidas não podem tomar a vacina, pois ela contém vírus vivos atenuados e é contraindicada para esse grupo. Além disso, a vacina também é contraindicada para pessoas imunodeficientes ou imunossuprimidas.",A vacina contém vírus vivos atenuados e é **contraindicada** para: - Mulheres grávidas,N/A (Geral),"#Contraindicações, #Vacinação",IXCHIQ (vacina chikungunya) novo registro.md,16,1,97.5
chikungunya_qa_0103,Paciente,Para quem a vacina Chikungunya é recomendada?,A vacina é recomendada para pessoas com 18 anos ou mais que estão em risco aumentado de exposição ao vírus Chikungunya.,para a prevenção da doença causada pelo vírus da Chikungunya em indivíduos com 18 anos ou mais que estejam em risco aumentado de exposição ao vírus Chikungunya,N/A (Geral),"#Tratamento, #Vacinação",IXCHIQ (vacina chikungunya) novo registro.md,17,1,100.0
chikungunya_qa_0104,Médica,Qual é a avaliação do benefício/risco da vacina IXCHIQ?,A avaliação do benefício/risco é favorável para o uso da vacina IXCHIQ na prevenção da Chikungunya.,Conclui-se que o benefício/risco é favorável para o uso da vacina IXCHIQ,N/A (Geral),"#Tratamento, #Vacinação",IXCHIQ (vacina chikungunya) novo registro.md,17,1,90.0
chikungunya_qa_0105,Paciente,Por que devo me vacinar contra a Chikungunya?,"A vacina IXCHIQ ajuda a prevenir a doença causada pelo vírus da Chikungunya, especialmente para aqueles que estão em risco aumentado de exposição ao vírus.",Conclui-se que o benefício/risco é favorável para o uso da vacina IXCHIQ (vacina Chikungunya recombinante e atenuada) para a prevenção da doença causada pelo vírus da Chikungunya em indivíduos com 18 anos ou mais que estejam em risco aumentado de exposição ao vírus Chikungunya.,N/A (Geral),"#Prevenção, #Chikungunya",IXCHIQ (vacina chikungunya) novo registro.md,17,2,95.0
chikungunya_qa_0106,Médica,Qual é a indicação da vacina IXCHIQ?,A vacina IXCHIQ é indicada para a prevenção da doença causada pelo vírus da Chikungunya em indivíduos com 18 anos ou mais que estejam em risco aumentado de exposição ao vírus.,Conclui-se que o benefício/risco é favorável para o uso da vacina IXCHIQ (vacina Chikungunya recombinante e atenuada) para a prevenção da doença causada pelo vírus da Chikungunya em indivíduos com 18 anos ou mais que estejam em risco aumentado de exposição ao vírus Chikungunya.,N/A (Geral),"#Vacina, #Indicação",IXCHIQ (vacina chikungunya) novo registro.md,17,2,100.0
chikungunya_qa_0107,Paciente,Por que é importante tomar a vacina IXCHIQ?,"A vacina IXCHIQ é importante porque ajuda a prevenir a doença causada pelo vírus da Chikungunya, especialmente para pessoas com 18 anos ou mais que estão em risco aumentado de exposição ao vírus.",Conclui-se que o benefício/risco é favorável para o uso da vacina IXCHIQ (vacina Chikungunya recombinante e atenuada) para a prevenção da doença causada pelo vírus da Chikungunya em indivíduos com 18 anos ou mais que estejam em risco aumentado de exposição ao vírus Chikungunya.,N/A (Geral),"#Vacinação, #Chikungunya",IXCHIQ (vacina chikungunya) novo registro.md,17,3,100.0
chikungunya_qa_0108,Médica,Qual é a indicação para a vacina IXCHIQ?,A vacina IXCHIQ é indicada para a prevenção da doença causada pelo vírus da Chikungunya em indivíduos com 18 anos ou mais que estejam em risco aumentado de exposição ao vírus.,para a prevenção da doença causada pelo vírus da Chikungunya em indivíduos com 18 anos ou mais que estejam em risco aumentado de exposição ao vírus Chikungunya.,N/A (Geral),"#Indicação, #Vacina",IXCHIQ (vacina chikungunya) novo registro.md,17,4,100.0
chikungunya_qa_0109,Paciente,Para quem a vacina IXCHIQ é indicada?,A vacina IXCHIQ é indicada para indivíduos com 18 anos ou mais que estejam em risco aumentado de exposição ao vírus Chikungunya.,para a prevenção da doença causada pelo vírus da Chikungunya em indivíduos com 18 anos ou mais que estejam em risco aumentado de exposição ao vírus Chikungunya.,N/A (Geral),"#Vacina, #Chikungunya",IXCHIQ (vacina chikungunya) novo registro.md,17,5,100.0
chikungunya_qa_0110,Paciente,Qual é o benefício da vacina IXCHIQ?,"O benefício da vacina IXCHIQ é a proteção contra a doença causada pelo vírus da Chikungunya, especialmente em pessoas que estão em risco aumentado de exposição.",o benefício/risco é favorável para o uso da vacina IXCHIQ,N/A (Geral),"#Vacina, #Chikungunya",IXCHIQ (vacina chikungunya) novo registro.md,17,5,95.0
chikungunya_qa_0111,Médica,Qual é a conclusão sobre o uso da vacina IXCHIQ?,A conclusão é que o benefício/risco é favorável para o uso da vacina IXCHIQ na prevenção da doença Chikungunya em indivíduos com 18 anos ou mais em risco aumentado de exposição.,Conclui-se que o benefício/risco é favorável para o uso da vacina IXCHIQ,N/A (Geral),"#Vacina, #Chikungunya",IXCHIQ (vacina chikungunya) novo registro.md,17,5,100.0
chikungunya_qa_0112,Paciente,Quem pode tomar a vacina IXCHIQ?,A vacina IXCHIQ é indicada para indivíduos com 18 anos ou mais que estejam em risco aumentado de exposição ao vírus Chikungunya.,para a prevenção da doença causada pelo vírus da Chikungunya em indivíduos com 18 anos ou mais que estejam em risco aumentado de exposição ao vírus Chikungunya.,N/A (Geral),"#Vacina, #Indicação",IXCHIQ (vacina chikungunya) novo registro.md,17,6,100.0
chikungunya_qa_0113,Médica,Qual é o perfil de indivíduos que devem ser vacinados com a IXCHIQ?,Indivíduos com 18 anos ou mais que estejam em risco aumentado de exposição ao vírus Chikungunya devem ser vacinados com a IXCHIQ.,para a prevenção da doença causada pelo vírus da Chikungunya em indivíduos com 18 anos ou mais que estejam em risco aumentado de exposição ao vírus Chikungunya.,N/A (Geral),"#Vacina, #Indicação",IXCHIQ (vacina chikungunya) novo registro.md,17,6,100.0
chikungunya_qa_0114,Paciente,Quanto tempo leva para os sintomas da chikungunya aparecerem após a picada?,"O tempo entre a picada e os primeiros sintomas é, em média, de três a sete dias, podendo variar de um a doze dias.","O período de incubação intrínseco, que ocorre no ser humano, é em média de três a sete dias (podendo variar de um a 12 dias).",Fase Aguda,"#Sintomas, #Chikungunya",Manejo_Chikungunya_2ed.md,19,1,100.0
chikungunya_qa_0115,Médica,Qual é o período de viremia em humanos infectados pelo CHIKV?,"O período de viremia no ser humano pode perdurar por até dez dias e geralmente se inicia dois dias antes do início dos sintomas, podendo perdurar por mais oito dias.","O período de viremia no ser humano pode perdurar por até dez dias, e geralmente se inicia dois dias antes do início dos sintomas, podendo perdurar por mais oito dias.",Fase Crônica/Subaguda,"#Viremia, #Chikungunya",Manejo_Chikungunya_2ed.md,19,1,100.0
chikungunya_qa_0116,Médica,Quais são os principais modos de transmissão do vírus chikungunya?,"A transmissão se dá pela picada de fêmeas dos mosquitos Aedes aegypti e Aedes albopictus infectadas pelo CHIKV, além de transmissão vertical e por via transfusional.","A transmissão se dá pela picada de fêmeas dos mosquitos Aedes aegypti e Aedes albopictus infectadas pelo CHIKV. Adicionalmente, pode haver a transmissão pessoa-pessoa por via transfusional.",Fase Aguda,"#Transmissão, #Chikungunya",Manejo_Chikungunya_2ed.md,19,1,100.0
chikungunya_qa_0117,Paciente,Quanto tempo leva para os sintomas aparecerem após a picada do mosquito?,"Os sintomas geralmente aparecem entre três a sete dias após a picada do mosquito, mas isso pode variar de um a 12 dias.","O período de incubação intrínseco, que ocorre no ser humano, é em média de três a sete dias (podendo variar de um a 12 dias).",Fase Aguda,"#Sintomas, #Chikungunya",Manejo_Chikungunya_2ed.md,19,2,100.0
chikungunya_qa_0118,Paciente,O que significa chikungunya e como isso afeta as pessoas?,"Chikungunya é uma doença causada por um vírus que provoca dor nas articulações, fazendo com que as pessoas fiquem encurvadas, como se estivessem se dobrando.","O nome chikungunya deriva de uma palavra em makonde, língua falada por um grupo que vive no sudeste da Tanzânia e no norte de Moçambique. Significa “aqueles que se dobram”, descrevendo a aparência encurvada de pessoas que sofrem com a artralgia, característica desta doença.",Fase Aguda,"#Sintomas, #Definição",Manejo_Chikungunya_2ed.md,19,4,95.0
chikungunya_qa_0119,Paciente,Quanto tempo leva para os sintomas da chikungunya aparecerem?,"Os sintomas da chikungunya geralmente aparecem entre três a sete dias após a picada do mosquito, mas esse tempo pode variar de um a 12 dias.","O período de incubação intrínseco, que ocorre no ser humano, é em média de três a sete dias (podendo variar de um a 12 dias).",Fase Aguda,"#Sintomas, #PeríodoIncubação",Manejo_Chikungunya_2ed.md,19,4,100.0
chikungunya_qa_0120,Paciente,Quais são os efeitos da chikungunya nos recém-nascidos?,"Se uma gestante estiver com o vírus próximo ao parto, pode ocorrer a transmissão para o bebê, levando a infecções severas em recém-nascidos.","Casos de transmissão vertical podem ocorrer quando gestantes estão virêmicas nos dias próximos ao parto, podendo levar à infecção neonatal e apresentações clínicas severas em neonatos.",Fase Aguda,"#Transmissão, #RecémNascidos",Manejo_Chikungunya_2ed.md,19,4,100.0
chikungunya_qa_0121,Paciente,Como é o tempo entre a picada do mosquito e o início dos sintomas?,"O tempo entre a picada do mosquito e o início dos sintomas é em média de três a sete dias, mas pode variar de um a 12 dias.","O período de incubação intrínseco, que ocorre no ser humano, é em média de três a sete dias (podendo variar de um a 12 dias).",Fase Aguda,"#Sintomas, #Incubação",Manejo_Chikungunya_2ed.md,19,5,100.0
chikungunya_qa_0122,Médica,Qual é o período de viremia no ser humano após infecção pelo CHIKV?,"O período de viremia no ser humano pode perdurar por até dez dias e geralmente se inicia dois dias antes do início dos sintomas, podendo perdurar por mais oito dias.","O período de viremia no ser humano pode perdurar por até dez dias, e geralmente se inicia dois dias antes do início dos sintomas, podendo perdurar por mais oito dias.",Fase Aguda,"#Viremia, #Chikungunya",Manejo_Chikungunya_2ed.md,19,5,100.0
chikungunya_qa_0123,Médica,Qual é o período de incubação do vírus chikungunya em humanos?,"O período de incubação intrínseco em humanos é em média de três a sete dias, podendo variar de um a 12 dias.","O período de incubação intrínseco, que ocorre no ser humano, é em média de três a sete dias (podendo variar de um a 12 dias).",Fase Crônica/Subaguda,"#Incubação, #Critérios",Manejo_Chikungunya_2ed.md,19,6,100.0
chikungunya_qa_0124,Paciente,O que pode acontecer se eu tiver chikungunya?,"Além das dores nas articulações, a chikungunya pode causar problemas em outros órgãos, como o coração, rins e pulmões. Isso pode levar a complicações graves e até mesmo ao óbito.","manifestações extra-articulares são complicações relativamente frequentes que merecem atenção, com acometimento dos sistemas nervosos central e periférico, do coração, dos rins, dos pulmões, do fígado e do sistema circulatório, que podem evoluir para disfunções orgânicas severas e mesmo a óbito.",Fase Aguda,"#Complicações, #Chikungunya",Manejo_Chikungunya_2ed.md,20,1,95.0
chikungunya_qa_0125,Paciente,Quanto tempo posso ter sintomas de chikungunya?,"Cerca de metade dos pacientes tende a ter sintomas por meses e até anos, indicando que a chikungunya pode se tornar uma condição crônica.","a doença é pouco responsiva a analgésicos, com cerca de metade dos pacientes tendendo à cronificação, com manutenção de sintomas por meses e até anos.",Fase Crônica/Subaguda,"#Evolução, #Chikungunya",Manejo_Chikungunya_2ed.md,20,1,100.0
chikungunya_qa_0126,Médica,Quais são as formas clínicas da chikungunya que devem ser classificadas?,"As formas clínicas da chikungunya incluem manifestações articulares e extra-articulares, conforme destacado na revisão da classificação de casos.","esta versão propõe uma revisão da classificação de casos, destacando as diferentes formas clínicas da doença (manifestações articulares e extra-articulares)",Fase Aguda,"#Classificação, #Chikungunya",Manejo_Chikungunya_2ed.md,20,1,100.0
chikungunya_qa_0127,Paciente,Quais são os sintomas que posso sentir se tiver chikungunya?,"Os sintomas incluem dor intensa nas articulações e inchaço nas articulações, além de complicações que podem afetar outros órgãos.","o acometimento musculoesquelético é a principal manifestação clínica associada à chikungunya, incluindo sintomas como edema articular e artralgia intensas.",Fase Aguda,"#Sintomas, #Chikungunya",Manejo_Chikungunya_2ed.md,20,2,90.0
chikungunya_qa_0128,Médica,Como é a classificação dos casos de chikungunya?,"A nova classificação de casos destaca as diferentes formas clínicas da doença, incluindo manifestações articulares e extra-articulares, e utiliza fluxogramas para guiar o diagnóstico e tratamento.","esta versão propõe uma revisão da classificação de casos, destacando as diferentes formas clínicas da doença (manifestações articulares e extra-articulares) e sensibilizando os profissionais de saúde quanto aos espectros clínicos da doença.",Fase Aguda,"#Classificação, #Tratamento",Manejo_Chikungunya_2ed.md,20,2,95.0
chikungunya_qa_0129,Médica,Qual é a abordagem terapêutica atual para as manifestações musculoesqueléticas da chikungunya?,"A abordagem terapêutica foi atualizada e inclui fluxogramas que sistematizam o tratamento, considerando possíveis reações adversas e buscando reduzir o sofrimento agudo e crônico.","A abordagem terapêutica das manifestações musculoesqueléticas foi atualizada e permitiu a construção de fluxogramas para que, de forma simples e sistemática, incluindo possíveis reações adversas a essas abordagens, sejam amplamente divulgados e aplicados por médicos de diferentes especialidades nos diferentes níveis de atenção da assistência.",Fase Aguda,"#Tratamento, #AbordagemTerapêutica",Manejo_Chikungunya_2ed.md,20,2,95.0
chikungunya_qa_0130,Médica,Quais são as principais manifestações clínicas da chikungunya?,"As manifestações clínicas da chikungunya incluem acometimento musculoesquelético, com edema articular e artralgia intensas, além de manifestações extra-articulares que podem afetar diversos sistemas orgânicos.","Em geral, o acometimento musculoesquelético é a principal manifestação clínica associada à chikungunya, incluindo sintomas como edema articular e artralgia intensas. Além do acometimento articular, manifestações extra-articulares são complicações relativamente frequentes.",Fase Aguda,"#ManifestaçõesClínicas, #Chikungunya",Manejo_Chikungunya_2ed.md,20,3,95.0
chikungunya_qa_0131,Paciente,Quanto tempo posso esperar sentir os sintomas da chikungunya?,"Os sintomas da chikungunya podem durar meses e até anos, pois cerca de metade das pessoas afetadas tende a ter sintomas crônicos.","A doença é pouco responsiva a analgésicos, com cerca de metade dos pacientes tendendo à cronificação, com manutenção de sintomas por meses e até anos.",Fase Crônica/Subaguda,"#Sintomas, #Evolução",Manejo_Chikungunya_2ed.md,20,4,95.0
chikungunya_qa_0132,Médica,Quais são as principais atualizações no manejo clínico da chikungunya?,"As principais atualizações no manejo clínico da chikungunya incluem a revisão da classificação de casos, que agora destaca as diferentes formas clínicas da doença, tanto as manifestações articulares quanto as extra-articulares. O guia também introduziu fluxogramas que ajudam na identificação da gravidade dos casos e possíveis complicações, visando sensibilizar os profissionais de saúde sobre os espectros clínicos da doença. Além disso, a abordagem terapêutica das manifestações musculoesqueléticas foi atualizada, permitindo a construção de fluxogramas que sistematizam as intervenções, incluindo possíveis reações adversas. O objetivo dessas mudanças é principalmente sensibilizar os profissionais de saúde para a identificação de casos graves, reduzindo o risco de complicações e mortes, e proporcionar uma abordagem terapêutica que diminua o sofrimento agudo e crônico das manifestações articulares, que impactam significativamente a qualidade de vida dos indivíduos.","Entre as principais mudanças, esta versão propõe uma revisão da classificação de casos, destacando as diferentes formas clínicas da doença e sensibilizando os profissionais de saúde quanto aos espectros clínicos da doença por meio da utilização de fluxogramas que reúnem informações sobre gravidade e possíveis complicações.",Fase Aguda,"#Manejo, #Classificação",Manejo_Chikungunya_2ed.md,20,4,98.75
chikungunya_qa_0133,Médica,Qual é a taxa de soroprevalência da chikungunya em áreas com surtos?,"As taxas de soroprevalência variam de 20% a 51% em cidades brasileiras, indicando que mesmo em regiões com surtos, ainda há uma população suscetível à infecção.","os estudos realizados até o momento em cidades brasileiras mostram soroprevalência que variam de 20% a 51%, sugerindo que, mesmo em regiões com histórico de surtos expressivos, há população remanescente suscetível à infecção pelo CHIKV.",N/A (Geral),"#Epidemiologia, #Soroprevalência",Manejo_Chikungunya_2ed.md,20,4,95.0
chikungunya_qa_0134,Paciente,Quais complicações posso enfrentar se eu tiver chikungunya?,"As complicações da chikungunya incluem problemas nos sistemas nervosos central e periférico, do coração, dos rins, dos pulmões, do fígado e do sistema circulatório, que podem levar a disfunções orgânicas severas e até a óbito.","manifestações extra-articulares são complicações relativamente frequentes que merecem atenção, com acometimento dos sistemas nervosos central e periférico, do coração, dos rins, dos pulmões, do fígado e do sistema circulatório, que podem evoluir para disfunções orgânicas severas e mesmo a óbito",Fase Aguda,"#Complicações, #Chikungunya",Manejo_Chikungunya_2ed.md,20,5,100.0
chikungunya_qa_0135,Paciente,Qual é a taxa de pessoas que podem ter sintomas persistentes de chikungunya?,Cerca de metade das pessoas que têm chikungunya tendem a ter sintomas que duram meses e até anos.,"com cerca de metade dos pacientes tendendo à cronificação, com manutenção de sintomas por meses e até anos.",Fase Crônica/Subaguda,"#Sintomas, #Chikungunya",Manejo_Chikungunya_2ed.md,20,5,100.0
chikungunya_qa_0136,Paciente,O que aconteceu com o número de mortes durante epidemias de chikungunya?,"Durante as epidemias de chikungunya, houve um aumento significativo no número de mortes, com muitos casos graves não sendo detectados e notificados. Isso ocorreu em várias regiões, incluindo a América Latina e o Caribe, e também no Brasil.","Publicações referentes às epidemias ocorridas na primeira década do século XXI nas Ilhas Reunião, Ilhas Maurício e na Índia relataram um significativo aumento do número de óbitos nos meses coincidentes com epidemias de chikungunya, sugerindo que muitos casos graves poderiam não ter sido detectados e notificados pelos sistemas de vigilância oficiais.",Fase Aguda,"#Epidemiologia, #Complicações",Manejo_Chikungunya_2ed.md,21,1,95.0
chikungunya_qa_0137,Paciente,Quantas mortes a epidemia de chikungunya causou em Pernambuco em 2016?,"Em Pernambuco, no ano de 2016, houve um excedente de 4.235 mortes em comparação à média dos quatro anos anteriores.",Um estudo comparou o número de óbitos hospitalares por todas as causas ocorridos no período de janeiro a novembro de 2016 com os ocorridos nos quatro anos anteriores no Estado de Pernambuco. Houve um excedente de 4.235 óbitos no ano de 2016 em relação à média dos quatro anos anteriores.,Fase Crônica/Subaguda,"#Epidemiologia, #Mortes",Manejo_Chikungunya_2ed.md,21,1,100.0
chikungunya_qa_0138,Paciente,O que as epidemias de chikungunya nas Américas significaram para a saúde pública?,"A introdução do chikungunya nas Américas em 2013 e sua rápida disseminação representaram um grande desafio para a saúde pública, levando a um aumento nos estudos e evidências científicas sobre a doença.","A introdução do chikungunya nas Américas em 2013, seguida de rápida disseminação para grande parte dos países, incluindo o Brasil, representou um grande desafio para a saúde pública.",Fase Aguda,"#Epidemiologia, #Saúde Pública",Manejo_Chikungunya_2ed.md,21,1,95.0
chikungunya_qa_0139,Médica,Qual foi o impacto das epidemias de chikungunya na mortalidade nos anos de 2014 e 2015?,"Nos anos de 2014 e 2015, aumentos significativos da mortalidade coincidiram exatamente com os períodos das epidemias de chikungunya em diferentes localidades, sem eventos que justificassem essa relação temporal. Isso indica uma associação clara entre a arbovirose e a mortalidade.",Vários outros estudos também observaram aumentos na mortalidade geral durante períodos epidêmicos de chikungunya em diversos países da América Latina e Caribe.,Fase Crônica/Subaguda,"#Epidemiologia, #Mortalidade",Manejo_Chikungunya_2ed.md,21,1,100.0
chikungunya_qa_0140,Médica,Quais são os dados sobre a mortalidade relacionada à chikungunya em Pernambuco em 2016?,"Em Pernambuco, no ano de 2016, foi registrado um excedente de 4.235 óbitos em comparação com a média dos quatro anos anteriores, com um aumento de 33% a 66% nos primeiros meses do ano.",Houve um excedente de 4.235 óbitos no ano de 2016 em relação à média dos quatro anos anteriores. No período de janeiro a abril o aumento ficou entre 33% e 66%.,Fase Crônica/Subaguda,"#Epidemiologia, #Mortes",Manejo_Chikungunya_2ed.md,21,2,100.0
chikungunya_qa_0141,Paciente,Como a chikungunya pode afetar a saúde pública?,"A introdução da chikungunya nas Américas em 2013 e sua rápida disseminação trouxeram grandes desafios para a saúde pública, com muitos casos graves possivelmente não sendo detectados.","A introdução do chikungunya nas Américas em 2013, seguida de rápida disseminação para grande parte dos países, incluindo o Brasil, representou um grande desafio para a saúde pública.",Fase Aguda,"#Epidemiologia, #Saúde Pública",Manejo_Chikungunya_2ed.md,21,3,95.0
chikungunya_qa_0142,Paciente,O que aconteceu com o número de mortes durante a epidemia de chikungunya em 2016?,"Em 2016, houve um aumento de 4.235 óbitos no Estado de Pernambuco em relação à média dos quatro anos anteriores.",Houve um excedente de 4.235 óbitos no ano de 2016 em relação à média dos quatro anos anteriores no Estado de Pernambuco.,Fase Crônica/Subaguda,"#Mortes, #Epidemiologia",Manejo_Chikungunya_2ed.md,21,3,95.0
chikungunya_qa_0143,Paciente,Quais países tiveram aumento de mortalidade durante as epidemias de chikungunya?,"Durante as epidemias de chikungunya, vários países da América Latina e Caribe, incluindo a República Dominicana, Porto Rico, Jamaica, além das ilhas francesas de Guadalupe e Martinica, apresentaram aumentos significativos na mortalidade. Nos anos de 2014 e 2015, esses aumentos de mortalidade coincidiram exatamente com os períodos das epidemias de chikungunya em cada localidade. Além disso, estudos indicaram que, nas epidemias ocorridas na primeira década do século XXI nas Ilhas Reunião e Ilhas Maurício, houve um aumento significativo no número de óbitos, sugerindo que muitos casos graves poderiam não ter sido detectados. No Brasil, especificamente no Estado de Pernambuco, um estudo revelou um excedente de 4.235 óbitos no ano de 2016 em comparação à média dos quatro anos anteriores, com um aumento de mortalidade entre 33% e 66% no período de janeiro a abril de 2016. Outros estados como Rio Grande do Norte e Bahia também apresentaram um excesso de mortes durante a epidemia de chikungunya.","Nos anos de 2014 e 2015, aumentos significativos da mortalidade coincidiram exatamente com os períodos das epidemias de chikungunya de cada localidade em países diferentes, como República Dominicana, Porto Rico e Jamaica.",Fase Crônica/Subaguda,"#Epidemiologia, #Mortes",Manejo_Chikungunya_2ed.md,21,3,92.5
chikungunya_qa_0144,Médica,Qual foi o excedente de óbitos hospitalares em Pernambuco durante a epidemia de chikungunya em 2016?,"O excedente de óbitos no ano de 2016 foi de 4.235 em relação à média dos quatro anos anteriores, com um aumento entre 33% e 66% no período de janeiro a abril.",Houve um excedente de 4.235 óbitos no ano de 2016 em relação à média dos quatro anos anteriores. No período de janeiro a abril o aumento ficou entre 33% e 66%.,N/A (Geral),"#Mortes, #Dados Clínicos",Manejo_Chikungunya_2ed.md,21,3,100.0
chikungunya_qa_0145,Paciente,Como as epidemias de chikungunya afetaram as mortes em 2014 e 2015?,"Em 2014 e 2015, houve um aumento significativo no número de mortes que aconteceu ao mesmo tempo das epidemias de chikungunya em vários países da América Latina e Caribe.","Nos anos de 2014 e 2015, aumentos significativos da mortalidade coincidiram exatamente com os períodos das epidemias de chikungunya de cada localidade em países diferentes.",Fase Aguda,"#Epidemiologia, #Mortes",Manejo_Chikungunya_2ed.md,21,4,98.75
chikungunya_qa_0146,Médica,Quais foram os dados sobre mortalidade em Pernambuco durante a epidemia de chikungunya em 2016?,"Em Pernambuco, houve um excedente de 4.235 óbitos no ano de 2016 em relação à média dos quatro anos anteriores, com um aumento de 33% a 66% no período de janeiro a abril.",Um estudo comparou o número de óbitos hospitalares por todas as causas ocorridos no período de janeiro a novembro de 2016 com os ocorridos nos quatro anos anteriores no Estado de Pernambuco. Houve um excedente de 4.235 óbitos no ano de 2016 em relação à média dos quatro anos anteriores.,Fase Crônica/Subaguda,"#Mortalidade, #Epidemiologia",Manejo_Chikungunya_2ed.md,21,5,100.0
chikungunya_qa_0147,Médica,Quais evidências apoiam a relação entre chikungunya e aumento da mortalidade?,"Estudos indicam que aumentos significativos da mortalidade coincidiram exatamente com os períodos das epidemias de chikungunya, sem eventos que justificassem essa relação temporal.","Nos anos de 2014 e 2015, aumentos significativos da mortalidade coincidiram exatamente com os períodos das epidemias de chikungunya de cada localidade em países diferentes.",Fase Aguda,"#Epidemiologia, #Mortalidade",Manejo_Chikungunya_2ed.md,21,5,95.0
chikungunya_qa_0148,Paciente,Quais são os principais problemas de saúde que podem ocorrer se eu tiver chikungunya?,"Os principais problemas de saúde que podem ocorrer incluem problemas nos órgãos vitais, como coração, pulmões, rins, fígado e sistema nervoso. Além disso, pode haver agravamento de doenças que você já tenha, como diabetes.","As manifestações sistêmicas aparecem como potenciais causas primárias dos desfechos fatais associados à chikungunya. As complicações que podem levar a óbito incluem acometimento de órgãos e aparelhos vitais, como coração, pulmões, rins, fígado, sistema nervoso e sistema circulatório, além da descompensação de doenças preexistentes, como diabetes.",Fase Aguda,"#Sintomas, #Complicações",Manejo_Chikungunya_2ed.md,22,1,95.0
chikungunya_qa_0149,Médica,Qual foi a taxa de mortalidade na epidemia de chikungunya de 2005-2006 nas Ilhas Reunião?,"A taxa de mortalidade na epidemia de 2005-2006 nas Ilhas Reunião foi de um óbito para cada 1000 casos notificados, com uma mortalidade global de 25 por 100.000 habitantes.","Na epidemia de 2005-2006 nas Ilhas Reunião, com uma população de cerca de 800 mil habitantes, foram estimados 244 mil casos de chikungunya e 203 mortes relatadas, com uma proporção de um óbito para cada 1000 casos notificados e mortalidade global de 25/100.000 mil habitantes.",Fase Aguda,"#Epidemiologia, #Mortalidade",Manejo_Chikungunya_2ed.md,22,1,100.0
chikungunya_qa_0150,Médica,Quais complicações fatais estão associadas à chikungunya?,"As complicações fatais associadas à chikungunya incluem acometimento de órgãos vitais como coração, pulmões, rins, fígado, sistema nervoso e sistema circulatório, além da descompensação de doenças preexistentes.","As complicações que podem levar a óbito incluem acometimento de órgãos e aparelhos vitais, como coração, pulmões, rins, fígado, sistema nervoso e sistema circulatório, além da descompensação de doenças preexistentes, como diabetes.",Fase Aguda,"#Complicações, #DesfechosFatais",Manejo_Chikungunya_2ed.md,22,1,100.0
chikungunya_qa_0151,Paciente,O que pode acontecer com a minha saúde se eu tiver chikungunya?,"A chikungunya pode levar a complicações graves que afetam órgãos vitais, como coração, pulmões, rins, fígado e sistema nervoso, além de agravar doenças que você já possa ter, como diabetes.","As complicações que podem levar a óbito incluem acometimento de órgãos e aparelhos vitais, como coração, pulmões, rins, fígado, sistema nervoso e sistema circulatório, além da descompensação de doenças preexistentes, como diabetes.",Fase Aguda,"#Complicações, #Chikungunya",Manejo_Chikungunya_2ed.md,22,2,95.0
chikungunya_qa_0152,Paciente,Como a chikungunya pode afetar a duração dos meus sintomas?,"Uma quantidade significativa de pacientes apresenta evolução crônica, com sintomas que podem durar de meses a anos.",com uma proporção significativa dos pacientes apresentando evolução crônica que pode durar de meses a anos.,Fase Crônica/Subaguda,"#Sintomas, #Chikungunya",Manejo_Chikungunya_2ed.md,22,2,100.0
chikungunya_qa_0153,Médica,Qual é a taxa de mortalidade associada à chikungunya nas epidemias?,"Na epidemia de 2005-2006 nas Ilhas Reunião, a taxa de mortalidade foi de um óbito para cada 1000 casos notificados, com uma mortalidade global de 25 por 100.000 habitantes.","foram estimados 244 mil casos de chikungunya e 203 mortes relatadas, com uma proporção de um óbito para cada 1000 casos notificados e mortalidade global de 25/100.000 mil habitantes.",Fase Aguda,"#Epidemiologia, #Chikungunya",Manejo_Chikungunya_2ed.md,22,2,100.0
chikungunya_qa_0154,Médica,Quais são as complicações fatais associadas à chikungunya?,"As complicações que podem levar a óbito incluem acometimento de órgãos e aparelhos vitais, como coração, pulmões, rins, fígado, sistema nervoso e sistema circulatório.","As complicações que podem levar a óbito incluem acometimento de órgãos e aparelhos vitais, como coração, pulmões, rins, fígado, sistema nervoso e sistema circulatório.",Fase Aguda,"#Complicações, #Chikungunya",Manejo_Chikungunya_2ed.md,22,2,95.0
chikungunya_qa_0155,Paciente,Quais são os principais problemas de saúde que a chikungunya pode causar?,"A chikungunya pode causar problemas graves, como afetar órgãos vitais como o coração, pulmões, rins, fígado, sistema nervoso e sistema circulatório. Além disso, pode agravar doenças que você já tenha, como diabetes.","As manifestações sistêmicas aparecem como potenciais causas primárias dos desfechos fatais associados à chikungunya. As complicações que podem levar a óbito incluem acometimento de órgãos e aparelhos vitais, como coração, pulmões, rins, fígado, sistema nervoso e sistema circulatório, além da descompensação de doenças preexistentes, como diabetes.",Fase Aguda,"#Sintomas, #Complicações",Manejo_Chikungunya_2ed.md,22,3,95.0
chikungunya_qa_0156,Paciente,Quais são as complicações que podem levar a óbito se eu tiver chikungunya?,"As complicações que podem levar a óbito incluem problemas no coração, pulmões, rins, fígado, sistema nervoso e sistema circulatório, além da descompensação de doenças que você já possa ter, como diabetes.","As complicações que podem levar a óbito incluem acometimento de órgãos e aparelhos vitais, como coração, pulmões, rins, fígado, sistema nervoso e sistema circulatório, além da descompensação de doenças preexistentes, como diabetes.",Fase Aguda,"#Complicações, #Chikungunya",Manejo_Chikungunya_2ed.md,23,1,100.0
chikungunya_qa_0157,Paciente,Como a chikungunya pode afetar pessoas mais velhas?,"Pessoas mais velhas podem ter dificuldades para serem classificadas corretamente quando têm chikungunya, e isso pode significar que seus sintomas não estão sendo bem entendidos pelos médicos.","Dos 257 pacientes com mais de 65 anos com confirmação laboratorial por RT-PCR de infecção por pelo vírus chikungunya (CHIKV), 42,7% não puderam ser classificados em nenhuma categoria do sistema proposto.",Fase Aguda,"#Idosos, #Chikungunya",Manejo_Chikungunya_2ed.md,23,1,95.0
chikungunya_qa_0158,Médica,Quais são as categorias clínicas propostas para classificar os casos de chikungunya?,"As categorias clínicas propostas para classificar os casos de chikungunya são: aguda, atípica, aguda grave e crônica.","Em 2015, um painel de especialistas sugeriu uma classificação dos casos de chikungunya, propondo quatro categorias clínicas e evolutivas da doença: aguda, atípica, aguda grave e crônica.",Fase Crônica/Subaguda,"#Classificação, #Chikungunya",Manejo_Chikungunya_2ed.md,23,1,100.0
chikungunya_qa_0159,Médica,Quais limitações foram observadas na classificação de chikungunya para pacientes idosos?,"No grupo de pacientes com mais de 65 anos, 42,7% não puderam ser classificados em nenhuma categoria do sistema proposto, indicando limitações significativas na classificação.","Dos 257 pacientes com mais de 65 anos com confirmação laboratorial por RT-PCR de infecção por pelo vírus chikungunya (CHIKV), 42,7% não puderam ser classificados em nenhuma categoria do sistema proposto.",Fase Crônica/Subaguda,"#Limitações, #Classificação",Manejo_Chikungunya_2ed.md,23,1,95.0
chikungunya_qa_0160,Paciente,Por que é importante a classificação dos casos de chikungunya?,"A classificação dos casos de chikungunya ajuda os médicos a detectar precocemente e tratar de forma adequada os casos graves, que podem ser potencialmente fatais.",tornou-se fundamental uma revisão da classificação clínica dos casos de chikungunya no sentido de alertar profissionais de saúde para a detecção precoce e o manejo adequado e oportuno de casos graves e potencialmente fatais da doença.,Fase Aguda,"#Tratamento, #Classificação",Manejo_Chikungunya_2ed.md,24,1,95.0
chikungunya_qa_0161,Médica,Quais são os aspectos que devem ser considerados na classificação clínica da chikungunya?,"A classificação clínica deve considerar a intensidade e a duração dos sintomas articulares, além das manifestações sistêmicas extra-articulares e das formas clínicas graves associadas à chikungunya.","muitas classificações utilizadas até o momento baseiam-se na intensidade e na duração dos sintomas articulares, sem muita ênfase nas manifestações sistêmicas extra-articulares e nas formas clínicas graves associadas à doença.",Fase Aguda,"#Classificação, #Sintomas",Manejo_Chikungunya_2ed.md,24,1,100.0
chikungunya_qa_0162,Médica,Quais são os principais aspectos a serem considerados na classificação dos casos de chikungunya?,"A classificação deve considerar a intensidade e a duração dos sintomas articulares, as manifestações sistêmicas extra-articulares e as formas clínicas graves associadas à doença.","muitas classificações utilizadas até o momento baseiam-se na intensidade e na duração dos sintomas articulares, sem muita ênfase nas manifestações sistêmicas extra-articulares e nas formas clínicas graves associadas à doença.",Fase Aguda,"#Classificação, #Sintomas",Manejo_Chikungunya_2ed.md,24,2,100.0
chikungunya_qa_0163,Médica,Qual é o impacto de uma classificação abrangente na vigilância epidemiológica da chikungunya?,"Uma classificação estruturada permite o aprimoramento do sistema de vigilância epidemiológica, contribuindo para que os casos da doença sejam notificados e investigados de maneira mais qualificada, refletindo o perfil da doença.",Isso possibilita a análise de indicadores epidemiológicos de diferentes localidades e comparações com indicadores de outras doenças.,Fase Aguda,"#Epidemiologia, #Classificação",Manejo_Chikungunya_2ed.md,24,2,95.0
chikungunya_qa_0164,Paciente,O que pode acontecer com a chikungunya se não for tratada corretamente?,"Se a chikungunya não for tratada corretamente, pode evoluir para formas graves que são potencialmente fatais. A doença apresenta um amplo espectro clínico, e as manifestações sistêmicas, quando presentes, podem indicar um potencial sinal de gravidade em qualquer fase da infecção. O comprometimento de órgãos sistêmicos, classificado como formas atípicas, pode levar a complicações severas e se tornar a principal causa de morte relacionada à infecção pelo chikungunya. Portanto, é fundamental que os profissionais de saúde estejam alertas para a detecção precoce e o manejo adequado de casos graves. A revisão da classificação clínica da chikungunya visa sensibilizar os profissionais para a identificação precoce de casos potencialmente graves, permitindo uma melhor comunicação do risco à população. Assim, ao perceber os sintomas, é crucial buscar ajuda médica imediatamente para evitar a progressão da doença.",casos graves e potencialmente fatais da doença,Fase Aguda,"#Complicações, #Tratamento",Manejo_Chikungunya_2ed.md,24,3,90
chikungunya_qa_0165,Médica,Quais critérios são utilizados para classificar os casos de chikungunya?,"Os critérios de classificação dos casos de chikungunya baseiam-se na intensidade e na duração dos sintomas articulares, além das manifestações sistêmicas extra-articulares e formas clínicas graves. Uma classificação abrangente é essencial para o manejo adequado.","muitas classificações utilizadas até o momento baseiam-se na intensidade e na duração dos sintomas articulares, sem muita ênfase nas manifestações sistêmicas extra-articulares e nas formas clínicas graves",Fase Aguda,"#Classificação, #Critérios",Manejo_Chikungunya_2ed.md,24,3,95.0
chikungunya_qa_0166,Paciente,O que pode acontecer se eu tiver sintomas sistêmicos durante a chikungunya?,"Se você tiver sintomas sistêmicos durante a chikungunya, isso pode ser um sinal de que a situação é mais grave. Esses sintomas podem piorar e levar a formas mais sérias da doença, que podem até ser a principal causa de morte relacionada à chikungunya.","Portanto, em qualquer fase da chikungunya as manifestações sistêmicas, quando presentes, podem representar um potencial sinal de gravidade.",Fase Aguda,"#Sintomas, #Gravidade",Manejo_Chikungunya_2ed.md,24,4,91.25
chikungunya_qa_0167,Médica,Qual é a importância de uma classificação estruturada na chikungunya?,"Uma classificação estruturada na chikungunya é fundamental pois permite nortear a padronização da assistência a casos de acordo com a complexidade e a gravidade clínica. Isso é crucial para a detecção precoce e o manejo adequado de casos graves e potencialmente fatais da doença. Além disso, essa classificação abrangente contribui para uma maior sensibilização dos profissionais de saúde sobre a gravidade e as complicações associadas à chikungunya, permitindo um aprimoramento do sistema de vigilância epidemiológica. Com uma classificação estruturada, os casos da doença podem ser notificados e investigados de maneira mais qualificada, refletindo de modo consistente o perfil da doença, estimando a frequência das formas clínicas, a proporção de casos graves e a letalidade associada. Isso possibilita a análise de indicadores epidemiológicos de diferentes localidades e comparações com indicadores de outras doenças, incluindo arboviroses como dengue e Zika. Além disso, a classificação ajuda na definição do ambiente de tratamento, na utilização de exames complementares e no tratamento, orientando ações de acordo com a complexidade da doença. Por fim, é importante ressaltar que as manifestações sistêmicas, quando presentes, podem representar um potencial sinal de gravidade em qualquer fase da chikungunya, reforçando a necessidade de uma classificação que considere todos os aspectos da doença.",Uma classificação estruturada permite nortear a padronização da assistência a casos de acordo com a complexidade e a gravidade clínica.,Fase Aguda,"#Classificação, #VigilânciaEpidemiológica",Manejo_Chikungunya_2ed.md,24,4,100
chikungunya_qa_0168,Paciente,O que pode indicar que a chikungunya está se tornando grave?,"Se você notar sintomas sistêmicos, isso pode ser um sinal de gravidade e deve ser levado a sério. Essas manifestações podem evoluir para formas graves e, em alguns casos, se tornar a principal causa de morte relacionada à infecção pelo chikungunya.","em qualquer fase da chikungunya as manifestações sistêmicas, quando presentes, podem representar um potencial sinal de gravidade",Fase Aguda,"#Sintomas, #Gravidade",Manejo_Chikungunya_2ed.md,24,5,95.0
chikungunya_qa_0169,Paciente,Por que é importante que os médicos classifiquem os casos de chikungunya?,"A classificação dos casos de chikungunya é fundamental para que os médicos possam detectar precocemente os casos potencialmente graves e oferecer o manejo adequado e oportuno, evitando complicações que podem levar à morte. Essa classificação deve considerar não apenas a intensidade e a duração dos sintomas articulares, mas também as manifestações sistêmicas extra-articulares e as formas clínicas graves associadas à doença. Um sistema de classificação abrangente contribui para a sensibilização dos profissionais de saúde sobre a gravidade e as complicações da chikungunya, permitindo um aprimoramento do sistema de vigilância epidemiológica. Isso resulta em notificações e investigações mais qualificadas dos casos, refletindo de maneira consistente o perfil da doença, incluindo a frequência das formas clínicas, a proporção de casos graves e a letalidade associada. Além disso, a classificação estruturada orienta a padronização da assistência, definindo o ambiente de tratamento com base na complexidade da doença e na utilização de exames complementares. É importante ressaltar que as manifestações sistêmicas podem ser um sinal de gravidade em qualquer fase da chikungunya, e o comprometimento de órgãos sistêmicos pode evoluir para formas graves, sendo uma das principais causas de morte relacionada à infecção. Portanto, a revisão do sistema de classificação vigente é essencial para favorecer a identificação precoce de casos graves e melhorar a comunicação do risco à população.",A revisão do sistema de classificação vigente pretende favorecer a sensibilização dos profissionais para a identificação precoce de casos potencialmente graves,Fase Aguda,"#Diagnóstico, #Tratamento",Manejo_Chikungunya_2ed.md,24,5,93.75
chikungunya_qa_0170,Paciente,O que pode acontecer se eu tiver sintomas que afetam outros órgãos além das articulações durante a chikungunya?,"Se você tiver sintomas que afetam outros órgãos, isso pode ser um sinal de que a chikungunya está se tornando grave e pode até ser a principal causa de morte relacionada à infecção.",o comprometimento de órgãos sistêmicos (classificados como formas atípicas) pode evoluir para formas graves e se tornar a principal causa de morte relacionada à infecção pelo chikungunya.,Fase Aguda,"#Sintomas, #Gravidade",Manejo_Chikungunya_2ed.md,24,6,95.0
chikungunya_qa_0171,Médica,Qual é a importância de revisar a classificação clínica dos casos de chikungunya?,"A revisão da classificação clínica dos casos de chikungunya é de extrema importância, pois visa alertar os profissionais de saúde para a detecção precoce e o manejo adequado de casos graves e potencialmente fatais da doença. Muitas classificações existentes até o momento têm se baseado apenas na intensidade e na duração dos sintomas articulares, negligenciando as manifestações sistêmicas extra-articulares e as formas clínicas graves associadas à chikungunya. Um sistema de classificação abrangente que considere todos os aspectos da doença pode aumentar a sensibilização dos profissionais de saúde sobre a gravidade e as complicações associadas, semelhante ao que já foi realizado para outras patologias infecciosas epidêmicas. Além disso, essa revisão contribui para o aprimoramento do sistema de vigilância epidemiológica, permitindo que os casos sejam notificados e investigados de maneira mais qualificada, refletindo de forma consistente o perfil da doença. Isso inclui a estimativa da frequência das formas clínicas, a proporção de casos graves e a letalidade associada. A classificação estruturada também orienta a padronização da assistência, definindo o ambiente de tratamento com base na complexidade da doença, na utilização de exames complementares e no tratamento adequado. É importante ressaltar que, assim como em outras infecções por arbovírus, os mecanismos fisiopatológicos da chikungunya reforçam o conceito de doença dinâmica, onde o comprometimento de órgãos sistêmicos pode evoluir para formas graves e se tornar a principal causa de morte relacionada à infecção. Portanto, em qualquer fase da chikungunya, as manifestações sistêmicas podem ser um sinal de gravidade, e a revisão da classificação vigente é essencial para favorecer a identificação precoce de casos potencialmente graves e melhorar a comunicação do risco à população.",tornou-se fundamental uma revisão da classificação clínica dos casos de chikungunya no sentido de alertar profissionais de saúde para a detecção precoce e o manejo adequado e oportuno de casos graves e potencialmente fatais da doença.,Fase Aguda,"#Classificação, #Manejo",Manejo_Chikungunya_2ed.md,24,6,100
chikungunya_qa_0172,Paciente,Quais são os sintomas mais comuns da chikungunya?,Os sintomas mais comuns da chikungunya incluem dor nas articulações e dor muscular. Isso geralmente acontece na fase aguda da doença.,"A apresentação clínica clássica de chikungunya é caracterizada pelo comprometimento musculoesquelético, a manifestação clínica mais comum da doença, com um componente inflamatório predominantemente na fase aguda.",Fase Aguda,"#Sintomas, #Chikungunya",Manejo_Chikungunya_2ed.md,25,1,90.0
chikungunya_qa_0173,Paciente,O que significa ter chikungunya grave?,Chikungunya grave é uma forma da doença que causa comprometimento clínico severo e pode necessitar de cuidados intensivos ou até levar ao risco de óbito.,"Chikungunya grave — forma com comprometimento clínico severo, com necessidade de cuidados intensivos ou risco de óbito.",Fase Aguda,"#Sintomas, #Chikungunya",Manejo_Chikungunya_2ed.md,25,1,100.0
chikungunya_qa_0174,Médica,Qual é a taxa de infecções sintomáticas por chikungunya?,"Até 70% das infecções por chikungunya são sintomáticas, o que leva a epidemias de grandes proporções e significativa sobrecarga sobre os serviços de saúde.","a maioria dos indivíduos infectados pelo CHIKV desenvolve sintomas, com alguns estudos mostrando que até 70% das infecções são sintomáticas, levando a epidemias de grandes proporções e significativa sobrecarga sobre os serviços de saúde.",Fase Aguda,"#Epidemiologia, #Sintomas",Manejo_Chikungunya_2ed.md,25,1,100.0
chikungunya_qa_0175,Médica,Como se caracteriza a fase crônica da chikungunya?,"Os quadros com duração de mais de três meses são considerados crônicos, apresentando manifestações que podem incluir dor musculoesquelética não inflamatória e artrite/tenossinovite.",Os quadros com duração de mais de três meses são considerados crônicos. As fases pós-aguda e crônica apresentam diferentes padrões de manifestação que podem envolver: (a) dor musculoesquelética não inflamatória localizada ou difusa; (b) artrite/tenossinovite (doença articular ou periarticular associada a edema).,Fase Crônica/Subaguda,"#Sintomas, #Evolução",Manejo_Chikungunya_2ed.md,25,1,95.0
chikungunya_qa_0176,Paciente,O que acontece após o tempo entre a picada e os primeiros sintomas da chikungunya?,"Após o tempo entre a picada e os primeiros sintomas, inicia-se a fase aguda ou febril, que dura até o 14º dia de sintomas.","Após o período de incubação inicia-se a fase aguda ou febril, que dura até o 14o dia de sintomas.",Fase Aguda,"#Sintomas, #Evolução",Manejo_Chikungunya_2ed.md,25,2,100.0
chikungunya_qa_0177,Paciente,O que pode acontecer com as dores nas articulações depois dos primeiros sintomas?,"Alguns pacientes podem continuar a sentir dor nas articulações mesmo após a fase aguda, o que caracteriza a fase pós-aguda que pode durar até três meses.","Alguns pacientes podem evoluir com persistência das dores articulares após a fase aguda, caracterizando-se o início da fase pós-aguda, que pode prolongar-se por até três meses.",Fase Crônica/Subaguda,"#Sintomas, #Evolução",Manejo_Chikungunya_2ed.md,25,2,95.0
chikungunya_qa_0178,Paciente,O que é a fase crônica da chikungunya?,A fase crônica da chikungunya é quando as dores nas articulações duram mais de três meses após a infecção inicial.,Os quadros com duração de mais de três meses são considerados crônicos.,Fase Crônica/Subaguda,#Sintomas,Manejo_Chikungunya_2ed.md,25,3,95.0
chikungunya_qa_0179,Paciente,O que acontece com as dores nas articulações após os primeiros sintomas?,"Após os primeiros sintomas, algumas pessoas podem continuar a sentir dores nas articulações, que podem durar até três meses, caracterizando a fase pós-aguda.","Alguns pacientes podem evoluir com persistência das dores articulares após a fase aguda, caracterizando-se o início da fase pós-aguda, que pode prolongar-se por até três meses.",Fase Crônica/Subaguda,"#Sintomas, #Evolução",Manejo_Chikungunya_2ed.md,25,4,90.0
chikungunya_qa_0180,Paciente,Quanto tempo dura a fase aguda da chikungunya?,A fase aguda da chikungunya dura até o 14º dia de sintomas.,"Após o período de incubação inicia-se a fase aguda ou febril, que dura até o 14o dia de sintomas.",Fase Aguda,"#Fases, #Chikungunya",Manejo_Chikungunya_2ed.md,25,6,100.0
chikungunya_qa_0181,Paciente,O que pode acontecer com as dores nas articulações após a fase aguda da chikungunya?,"Após a fase aguda, alguns pacientes podem continuar sentindo dor nas articulações, o que caracteriza o início da fase pós-aguda, que pode durar até três meses.","Alguns pacientes podem evoluir com persistência das dores articulares após a fase aguda, caracterizando-se o início da fase pós-aguda, que pode prolongar-se por até três meses.",Fase Crônica/Subaguda,"#Sintomas, #Chikungunya",Manejo_Chikungunya_2ed.md,25,6,100.0
chikungunya_qa_0182,Médica,Qual é a duração da fase crônica da chikungunya?,Os quadros com duração de mais de três meses são considerados crônicos.,Os quadros com duração de mais de três meses são considerados crônicos.,Fase Crônica/Subaguda,"#Fases, #Chikungunya",Manejo_Chikungunya_2ed.md,25,6,100.0
chikungunya_qa_0183,Paciente,Quais são os sintomas que posso sentir durante a fase aguda da chikungunya?,"Durante a fase aguda da chikungunya, você pode sentir febre de início súbito, dor intensa nas articulações, dores nas costas, manchas na pele, dor de cabeça e fadiga. Esses sintomas podem durar até 14 dias.","A fase aguda da doença, na sua apresentação clássica, é caracterizada principalmente por febre de início súbito, surgimento de intensa poliartralgia de grandes e pequenas articulações, geralmente acompanhada de dores nas costas, exantema com diferentes padrões, cefaleia e fadiga, com duração de até 14 dias.",Fase Aguda,"#Sintomas, #Chikungunya",Manejo_Chikungunya_2ed.md,26,1,95.0
chikungunya_qa_0184,Paciente,O que significa ter dor nas articulações durante a chikungunya?,"Ter dor nas articulações durante a chikungunya significa que você pode sentir dor intensa nas articulações de mãos, punhos, ombros, joelhos, tornozelos e pés. Essas dores podem ser incapacitantes e dificultar atividades do dia a dia.","A artralgia tem sido descrita em mais de 90% dos pacientes na fase aguda, com padrão poliarticular, simétrico, acometendo principalmente as articulações de mãos, punhos, ombros, joelhos, tornozelos e pés. A artralgia é comumente incapacitante e limita a execução de atividades cotidianas como andar, pentear os cabelos, pegar objetos.",Fase Aguda,"#Sintomas, #Chikungunya",Manejo_Chikungunya_2ed.md,26,1,95.0
chikungunya_qa_0185,Paciente,O que eu posso esperar em relação às manchas na pele durante a chikungunya?,"Durante a chikungunya, você pode esperar o aparecimento de manchas na pele, conhecidas como exantema, que geralmente surgem entre o terceiro e o quarto dia da doença. Essas manchas podem ser de dois tipos: maculares ou maculopapulares. Elas podem afetar a face, mas são mais comuns no tronco e nas extremidades, incluindo palmas das mãos e plantas dos pés, atingindo de 30% a 50% dos pacientes. Além disso, a chikungunya é caracterizada por um polimorfismo de lesões cutâneas, o que significa que diferentes manifestações podem ocorrer na fase aguda, como exantema com padrão urticariforme, dermatite esfoliativa, lesões vesicobolhosas, hiperpigmentação, fotossensibilidade, lesões que simulam eritema nodoso, úlceras e lesões aftoides orais. É importante notar que o prurido pode estar presente em um terço dos pacientes, e a descamação das plantas dos pés é frequentemente relatada, embora menos frequentemente em mãos e no pavilhão auricular.","O aparecimento de exantema geralmente tem início a partir do terceiro ou quarto dia, normalmente é macular ou maculopapular, podendo atingir a face, mas principalmente o tronco e as extremidades (incluindo palmas e plantas), e acomete de 30% a 50% dos doentes.",Fase Aguda,"#Sintomas, #Chikungunya",Manejo_Chikungunya_2ed.md,26,1,98.75
chikungunya_qa_0186,Médica,Qual é a característica da febre na fase aguda da chikungunya?,"A febre na fase aguda da chikungunya pode ser contínua, intermitente ou bifásica, frequentemente com curta duração. A queda de temperatura não está associada à piora dos sintomas, como observado na dengue.","A febre pode ser contínua, intermitente ou bifásica, e frequentemente possui curta duração; porém a queda de temperatura não é associada à piora dos sintomas, como observado na dengue.",Fase Aguda,"#Sintomas, #Chikungunya",Manejo_Chikungunya_2ed.md,26,1,95.0
chikungunya_qa_0187,Paciente,O que pode acontecer com as manchas na pele durante a chikungunya?,"As manchas na pele podem aparecer a partir do terceiro ou quarto dia e geralmente têm um padrão macular ou maculopapular. Elas podem atingir a face, tronco e extremidades, e ocorrem em 30% a 50% dos doentes.","O aparecimento de exantema geralmente tem início a partir do terceiro ou quarto dia, normalmente é macular ou maculopapular, podendo atingir a face, mas principalmente o tronco e as extremidades (incluindo palmas e plantas), e acomete de 30% a 50% dos doentes.",Fase Aguda,"#Sintomas, #ManchasNaPele",Manejo_Chikungunya_2ed.md,26,2,95.0
chikungunya_qa_0188,Paciente,Como a dor nas articulações pode afetar meu dia a dia durante a chikungunya?,"A dor nas articulações é comumente incapacitante e pode limitar atividades cotidianas como andar, pentear os cabelos e pegar objetos. A dor pode ser intensa e afetar várias articulações ao mesmo tempo.","A artralgia é comumente incapacitante e limita a execução de atividades cotidianas como andar, pentear os cabelos, pegar objetos.",Fase Aguda,"#Sintomas, #ImpactoNoDiaADia",Manejo_Chikungunya_2ed.md,26,2,95.0
chikungunya_qa_0189,Médica,Qual é a duração típica da fase aguda da chikungunya e quais são suas características principais?,"A fase aguda da chikungunya dura até 14 dias e é caracterizada por febre de início súbito, intensa poliartralgia, dor nas costas, exantema, cefaleia e fadiga. A febre pode apresentar padrões contínuos, intermitentes ou bifásicos.","A fase aguda da doença, na sua apresentação clássica, é caracterizada principalmente por febre de início súbito, surgimento de intensa poliartralgia de grandes e pequenas articulações, geralmente acompanhada de dores nas costas, exantema com diferentes padrões, cefaleia e fadiga, com duração de até 14 dias.",Fase Aguda,"#FaseAguda, #Características",Manejo_Chikungunya_2ed.md,26,2,100.0
chikungunya_qa_0190,Médica,Quais manifestações cutâneas podem ocorrer durante a fase aguda da chikungunya?,"As manifestações cutâneas incluem exantema com padrão urticariforme, dermatite esfoliativa, lesões vesicobolhosas, hiperpigmentação, fotossensibilidade, lesões simulando eritema nodoso, úlceras e lesões aftoides orais. O prurido pode estar presente em um terço dos pacientes.","A chikungunya é a arbovirose com maior polimorfismo de lesões, com diferentes manifestações cutâneas descritas na fase aguda: exantema com padrão urticariforme, dermatite esfoliativa, lesões vesicobolhosas, hiperpigmentação, fotossensibilidade, lesões simulando eritema nodoso e úlceras e lesões aftoides orais.",Fase Aguda,"#ManifestaçõesCutâneas, #FaseAguda",Manejo_Chikungunya_2ed.md,26,2,100.0
chikungunya_qa_0191,Paciente,Quais são os sintomas que aparecem na fase aguda da chikungunya?,"Na fase aguda da chikungunya, você pode sentir febre de início súbito, dor intensa nas articulações, dor nas costas, manchas na pele, dor de cabeça e fadiga. Esses sintomas podem durar até 14 dias.","A fase aguda da doença, na sua apresentação clássica, é caracterizada principalmente por febre de início súbito, surgimento de intensa poliartralgia de grandes e pequenas articulações, geralmente acompanhada de dores nas costas, exantema com diferentes padrões, cefaleia e fadiga, com duração de até 14 dias.",Fase Aguda,"#Sintomas, #Chikungunya",Manejo_Chikungunya_2ed.md,26,3,95.0
chikungunya_qa_0192,Médica,Qual a porcentagem de pacientes que apresentam artralgia na fase aguda da chikungunya?,"A artralgia é descrita em mais de 90% dos pacientes na fase aguda da chikungunya, apresentando um padrão poliarticular e simétrico.","A artralgia tem sido descrita em mais de 90% dos pacientes na fase aguda, com padrão poliarticular, simétrico, acometendo principalmente as articulações de mãos, punhos, ombros, joelhos, tornozelos e pés.",Fase Aguda,"#Sintomas, #Chikungunya",Manejo_Chikungunya_2ed.md,26,3,100.0
chikungunya_qa_0193,Médica,Quais são os padrões de exantema observados na fase aguda da chikungunya?,"Os padrões de exantema na fase aguda incluem macular, maculopapular, urticariforme, dermatite esfoliativa, lesões vesicobolhosas, hiperpigmentação, fotossensibilidade, lesões simulando eritema nodoso e úlceras e lesões aftoides orais.","A chikungunya é a arbovirose com maior polimorfismo de lesões, com diferentes manifestações cutâneas descritas na fase aguda: exantema com padrão urticariforme, dermatite esfoliativa, lesões vesicobolhosas, hiperpigmentação, fotossensibilidade, lesões simulando eritema nodoso e úlceras e lesões aftoides orais.",Fase Aguda,"#Sintomas, #Chikungunya",Manejo_Chikungunya_2ed.md,26,3,100.0
chikungunya_qa_0194,Paciente,Quais sintomas posso esperar durante a fase aguda da chikungunya?,"Durante a fase aguda da chikungunya, você pode sentir febre de início súbito, dor intensa nas articulações, que pode ser muito forte, dores nas costas, manchas na pele, dor de cabeça e cansaço. Esses sintomas podem durar até 14 dias.","A fase aguda da doença, na sua apresentação clássica, é caracterizada principalmente por febre de início súbito, surgimento de intensa poliartralgia de grandes e pequenas articulações, geralmente acompanhada de dores nas costas, exantema com diferentes padrões, cefaleia e fadiga, com duração de até 14 dias.",Fase Aguda,"#Sintomas, #FaseAguda",Manejo_Chikungunya_2ed.md,26,4,95.0
chikungunya_qa_0195,Paciente,O que são as manchas na pele que podem aparecer durante a chikungunya?,"As manchas na pele que podem aparecer durante a chikungunya geralmente começam a surgir a partir do terceiro ou quarto dia da infecção. Elas podem apresentar diferentes padrões, como exantema macular ou maculopapular, e podem afetar a face, tronco e extremidades, incluindo palmas e plantas. Estima-se que essas lesões cutâneas acometam de 30% a 50% dos doentes. A chikungunya é conhecida por ter um polimorfismo de lesões, com manifestações que podem incluir exantema com padrão urticariforme, dermatite esfoliativa, lesões vesicobolhosas, hiperpigmentação, fotossensibilidade, lesões que simulam eritema nodoso, úlceras e lesões aftoides orais. Além disso, o prurido pode estar presente em um terço dos pacientes, e a descamação das plantas dos pés é frequentemente relatada, sendo menos comum nas mãos e no pavilhão auricular.","O aparecimento de exantema geralmente tem início a partir do terceiro ou quarto dia, normalmente é macular ou maculopapular, podendo atingir a face, mas principalmente o tronco e as extremidades (incluindo palmas e plantas), e acomete de 30% a 50% dos doentes.",Fase Aguda,"#Sintomas, #Exantema",Manejo_Chikungunya_2ed.md,26,4,100
chikungunya_qa_0196,Médica,Qual é a frequência de artralgia na fase aguda da chikungunya?,"A artralgia tem sido descrita em mais de 90% dos pacientes na fase aguda, apresentando padrão poliarticular e simétrico, com acometimento das articulações de mãos, punhos, ombros, joelhos, tornozelos e pés.","A artralgia tem sido descrita em mais de 90% dos pacientes na fase aguda, com padrão poliarticular, simétrico, acometendo principalmente as articulações de mãos, punhos, ombros, joelhos, tornozelos e pés.",Fase Aguda,"#Sintomas, #Chikungunya",Manejo_Chikungunya_2ed.md,26,5,100.0
chikungunya_qa_0197,Paciente,Quais são os sintomas que podem aparecer durante a chikungunya?,"Durante a chikungunya, você pode sentir febre de início súbito, dor intensa nas articulações, que pode ser acompanhada de dores nas costas, manchas na pele, dor de cabeça e fadiga. Esses sintomas podem durar até 14 dias.","A fase aguda da doença, na sua apresentação clássica, é caracterizada principalmente por febre de início súbito, surgimento de intensa poliartralgia de grandes e pequenas articulações, geralmente acompanhada de dores nas costas, exantema com diferentes padrões, cefaleia e fadiga, com duração de até 14 dias.",Fase Aguda,"#Sintomas, #Chikungunya",Manejo_Chikungunya_2ed.md,26,6,95.0
chikungunya_qa_0198,Médica,Quais manifestações cutâneas são comuns na fase aguda da chikungunya?,"Na fase aguda, as manifestações cutâneas incluem exantema com padrão urticariforme, dermatite esfoliativa, lesões vesicobolhosas, hiperpigmentação, fotossensibilidade, lesões simulando eritema nodoso e úlceras orais.","A chikungunya é a arbovirose com maior polimorfismo de lesões, com diferentes manifestações cutâneas descritas na fase aguda: exantema com padrão urticariforme, dermatite esfoliativa, lesões vesicobolhosas, hiperpigmentação, fotossensibilidade, lesões simulando eritema nodoso e úlceras e lesões aftoides orais.",Fase Aguda,"#Sintomas, #Chikungunya",Manejo_Chikungunya_2ed.md,26,6,95.0
chikungunya_qa_0199,Paciente,Quais sintomas posso ter após a fase aguda da chikungunya?,"Após a fase aguda, você pode continuar a sentir dor nas articulações, como dor intensa nas articulações, e pode haver também rigidez pela manhã. Outros sintomas incluem cansaço e até depressão. Algumas pessoas relatam febre, coceira e manchas na pele.","Após a fase aguda, que pode durar em média 14 dias, 45% a 75% dos pacientes persistem com sintomas, continuando com as manifestações clínicas por até três meses. Nesta fase a febre normalmente desaparece, persistindo as queixas musculoesqueléticas, com poliartralgia e/ou poliartrite de forte intensidade. Nesta fase podem estar presentes também sintomas gerais, como astenia e depressão. Há relatos de recorrência da febre, do prurido e do exantema maculopapular.",Fase Aguda,"#Sintomas, #Chikungunya",Manejo_Chikungunya_2ed.md,27,1,95.0
chikungunya_qa_0200,Paciente,O que acontece com a dor nas articulações após a fase aguda da chikungunya?,"Após a fase aguda da chikungunya, que pode durar em média 14 dias, 45% a 75% dos pacientes continuam a apresentar sintomas, incluindo dor nas articulações. Essa dor pode persistir e até aumentar em intensidade, afetando articulações que já estavam doendo anteriormente. É comum que os pacientes relatem poliartralgia e/ou poliartrite de forte intensidade, com exacerbação da dor em articulações previamente acometidas. Além disso, pode ocorrer tenossinovite subaguda, especialmente em punhos e tornozelos, acompanhada de rigidez matinal. Também são frequentes relatos de dor neuropática e síndrome do túnel do carpo. Outros sintomas gerais, como astenia e depressão, podem estar presentes. Em alguns casos, há relatos de recorrência da febre, prurido e exantema maculopapular, além do surgimento de lesões purpúricas, vesiculares e bolhosas. Se os sintomas persistirem por mais de três meses após o início da doença, isso pode indicar a progressão para a fase crônica da chikungunya.","A exacerbação da dor pode atingir articulações previamente acometidas, podendo ser acompanhada de tenossinovite subaguda, com acometimento predominante em punhos e tornozelos, associada à rigidez matinal.",Fase Crônica/Subaguda,"#Sintomas, #Chikungunya",Manejo_Chikungunya_2ed.md,27,1,91.25
chikungunya_qa_0201,Paciente,Quanto tempo posso ter sintomas após a fase aguda da chikungunya?,Os sintomas podem persistir por até três meses após a fase aguda da chikungunya.,"Após a fase aguda, que pode durar em média 14 dias, 45% a 75% dos pacientes persistem com sintomas, continuando com as manifestações clínicas por até três meses.",Fase Crônica/Subaguda,"#Sintomas, #Chikungunya",Manejo_Chikungunya_2ed.md,27,1,100.0
chikungunya_qa_0202,Médica,Quais são as manifestações articulares comuns na fase pós-aguda da chikungunya?,"Na fase pós-aguda da chikungunya, é comum observar poliartralgia e/ou poliartrite de forte intensidade, frequentemente acompanhada de tenossinovite subaguda, com acometimento predominante em punhos e tornozelos, além de rigidez matinal.","Nesta fase a febre normalmente desaparece, persistindo as queixas musculoesqueléticas, com poliartralgia e/ou poliartrite de forte intensidade. A exacerbação da dor pode atingir articulações previamente acometidas, podendo ser acompanhada de tenossinovite subaguda.",Fase Crônica/Subaguda,"#Sintomas, #Chikungunya",Manejo_Chikungunya_2ed.md,27,1,100.0
chikungunya_qa_0203,Médica,Qual é a porcentagem de pacientes que apresentam sintomas persistentes após a fase aguda da chikungunya?,"Entre 45% a 75% dos pacientes continuam apresentando sintomas após a fase aguda, que pode durar em média 14 dias.","Após a fase aguda, que pode durar em média 14 dias, 45% a 75% dos pacientes persistem com sintomas.",Fase Crônica/Subaguda,"#Epidemiologia, #Chikungunya",Manejo_Chikungunya_2ed.md,27,2,100.0
chikungunya_qa_0204,Paciente,O que pode acontecer com a dor nas articulações após três meses da chikungunya?,"Após três meses, a dor nas articulações pode se tornar intensa e incapacitante, podendo ser persistente ou voltar a aparecer. Isso é chamado de fase crônica da doença.","A fase crônica caracteriza-se pela persistência das queixas musculoesqueléticas por períodos superiores a três meses. Nesta fase as queixas são caracterizadas por dor intensa e incapacitante, que pode ser persistente ou recidivante, semelhante às descritas nas fases anteriores.",Fase Crônica/Subaguda,"#Sintomas, #FaseCrônica",Manejo_Chikungunya_2ed.md,28,1,100.0
chikungunya_qa_0205,Paciente,Como a chikungunya pode afetar minha qualidade de vida após três meses?,"Após três meses, muitos pacientes apresentam dificuldades para realizar atividades do dia a dia, como levantar-se da cadeira, andar ou até tomar banho, o que impacta bastante a qualidade de vida.","Nesse contexto, verificou que 62,9% tinham limitações para levantar-se da cadeira, 54,8% para andar, 54,8% para pegar um objeto, 53,2% para abrir uma garrafa e 37,1% para tomar banho.",Fase Crônica/Subaguda,"#QualidadeDeVida, #Limitações",Manejo_Chikungunya_2ed.md,28,1,95.0
chikungunya_qa_0206,Paciente,Quais problemas emocionais posso enfrentar após a chikungunya?,"Após a chikungunya, você pode enfrentar problemas emocionais como desordem do sono, depressão e dificuldades de memória e concentração, que afetam a sua saúde mental.","A doença também apresentou impacto no status emocional, levando frequentemente à desordem do sono (56,4%), à depressão (50%) e à desordem de memória (43,5%) e de concentração (38,7%).",Fase Crônica/Subaguda,"#SaúdeMental, #ImpactoEmocional",Manejo_Chikungunya_2ed.md,28,1,95.0
chikungunya_qa_0207,Médica,Qual é a porcentagem de pacientes que evolui com manifestações crônicas da chikungunya?,Estudo de Schilte et al. (2013) informa que 60% dos pacientes evoluíram com manifestações crônicas.,Estudo de Schilte et al. (2013) na Polinésia Francesa informa que 60% dos pacientes evoluíram com manifestações crônicas.,Fase Crônica/Subaguda,"#Epidemiologia, #ManifestaçõesCrônicas",Manejo_Chikungunya_2ed.md,28,1,100.0
chikungunya_qa_0208,Médica,Quais fatores estão associados ao risco de cronificação das queixas musculoesqueléticas?,"Os fatores associados incluem sexo feminino, idade maior de 45 anos, dor intensa, presença de edema, rigidez ou poliartrite na fase aguda, doença articular prévia, diabetes, alta carga viral e níveis elevados da proteína C na fase aguda, e IgM persistentemente elevada.","Vários fatores em diferentes estudos têm sido associados ao risco de cronificação das queixas musculoesqueléticas, a destacar: sexo feminino; idade maior de 45 anos; dor intensa, presença de edema, rigidez ou poliartrite na fase aguda; doença articular prévia; diabetes; alta carga viral e níveis elevados da proteína C na fase aguda; e IgM persistentemente elevada.",Fase Crônica/Subaguda,"#FatoresDeRisco, #Cronificação",Manejo_Chikungunya_2ed.md,28,1,100.0
chikungunya_qa_0209,Paciente,Quais são os principais problemas que posso enfrentar após três meses da chikungunya?,"Após três meses, você pode enfrentar dor intensa e incapacitante, limitações para realizar atividades habituais, e também pode ter problemas emocionais como desordem do sono e depressão.","A fase crônica caracteriza-se pela persistência das queixas musculoesqueléticas por períodos superiores a três meses. Nesta fase as queixas são caracterizadas por dor intensa e incapacitante, que pode ser persistente ou recidivante, semelhante às descritas nas fases anteriores.",Fase Crônica/Subaguda,"#Sintomas, #QualidadeDeVida",Manejo_Chikungunya_2ed.md,28,2,95.0
chikungunya_qa_0210,Paciente,Quantas pessoas têm dor nas articulações após a fase aguda da chikungunya?,"Cerca de 45% dos pacientes que evoluíram para a fase crônica da chikungunya apresentam dor nas articulações, conhecida como artralgia persistente. Este dado é parte de um estudo realizado na Polinésia Francesa, onde 72 pacientes foram acompanhados por até três anos. Além disso, 24% dos pacientes relataram recuperação inicial seguida de recidiva, enquanto 31% apresentaram completa recuperação da fase aguda. É importante notar que a dor nas articulações é uma das queixas mais comuns, e as articulações mais frequentemente acometidas incluem mãos, punhos, joelhos e tornozelos, frequentemente associadas à rigidez matinal e edema. A dor neuropática também acomete cerca de 20% dos pacientes, que muitas vezes não respondem aos tratamentos convencionais de analgesia, necessitando de terapias específicas. Portanto, a dor nas articulações é uma manifestação significativa e persistente da chikungunya na fase crônica.","60% dos pacientes evoluíram com manifestações crônicas, e destes, 72 pacientes foram acompanhados por até três anos, com 45% tendo artralgia persistente.",Fase Crônica/Subaguda,"#Sintomas, #Epidemiologia",Manejo_Chikungunya_2ed.md,28,2,91.25
chikungunya_qa_0211,Paciente,Como a chikungunya pode afetar meu sono e meu humor após a fase aguda?,"Após a fase aguda, a chikungunya pode causar desordem do sono em 56,4% dos pacientes e depressão em 50% deles.","A doença também apresentou impacto no status emocional, levando frequentemente à desordem do sono (56,4%), à depressão (50%)...",Fase Crônica/Subaguda,"#Sintomas, #ImpactoEmocional",Manejo_Chikungunya_2ed.md,28,2,95.0
chikungunya_qa_0212,Paciente,Quais são as limitações que posso ter após três meses da chikungunya?,"Após três meses da chikungunya, 62,9% das pessoas têm dificuldade para levantar-se da cadeira, 54,8% para andar, 54,8% para pegar um objeto, 53,2% para abrir uma garrafa e 37,1% para tomar banho.","verificou que 62,9% tinham limitações para levantar-se da cadeira, 54,8% para andar, 54,8% para pegar um objeto, 53,2% para abrir uma garrafa e 37,1% para tomar banho.",Fase Crônica/Subaguda,"#Sintomas, #Impacto",Manejo_Chikungunya_2ed.md,28,3,100.0
chikungunya_qa_0213,Paciente,Como a chikungunya pode afetar meu estado emocional?,"A chikungunya pode levar a problemas emocionais, como desordem do sono em 56,4% dos pacientes, depressão em 50% e desordem de memória em 43,5%.","A doença também apresentou impacto no status emocional, levando frequentemente à desordem do sono (56,4%), à depressão (50%) e à desordem de memória (43,5%) e de concentração (38,7%).",Fase Aguda,"#Sintomas, #Impacto",Manejo_Chikungunya_2ed.md,28,3,95.0
chikungunya_qa_0214,Médica,Qual a porcentagem de pacientes com artralgia persistente após a fase aguda da chikungunya?,"Após a fase aguda da chikungunya, 45% dos pacientes apresentam artralgia persistente.",45% tendo artralgia persistente.,Fase Crônica/Subaguda,"#Sintomas, #Epidemiologia",Manejo_Chikungunya_2ed.md,28,3,100.0
chikungunya_qa_0215,Médica,Quais fatores estão associados à cronificação das queixas musculoesqueléticas na chikungunya?,"Os fatores associados incluem sexo feminino, idade maior de 45 anos, dor intensa, presença de edema, rigidez ou poliartrite na fase aguda, doença articular prévia, diabetes, alta carga viral e níveis elevados da proteína C na fase aguda, e IgM persistentemente elevada.","Vários fatores em diferentes estudos têm sido associados ao risco de cronificação das queixas musculoesqueléticas, a destacar: sexo feminino; idade maior de 45 anos; dor intensa, presença de edema, rigidez ou poliartrite na fase aguda; doença articular prévia; diabetes; alta carga viral e níveis elevados da proteína C na fase aguda; e IgM persistentemente elevada.",Fase Crônica/Subaguda,"#Epidemiologia, #FatoresDeRisco",Manejo_Chikungunya_2ed.md,28,3,100.0
chikungunya_qa_0216,Paciente,O que acontece com a dor nas articulações depois de três meses da chikungunya?,"Após três meses, a dor nas articulações pode se tornar intensa e incapacitante. Em alguns casos, você pode ter artralgia persistente, que é a dor nas articulações que continua a aparecer.","Nesta fase as queixas são caracterizadas por dor intensa e incapacitante, que pode ser persistente ou recidivante.",Fase Crônica/Subaguda,"#Sintomas, #Tratamento",Manejo_Chikungunya_2ed.md,28,4,95.0
chikungunya_qa_0217,Paciente,Quais limitações posso ter após três meses da chikungunya?,"Após três meses, você pode ter dificuldades para levantar-se da cadeira, andar, pegar objetos, abrir garrafas e até tomar banho. Essas limitações afetam a sua qualidade de vida.","62,9% tinham limitações para levantar-se da cadeira, 54,8% para andar, 54,8% para pegar um objeto, 53,2% para abrir uma garrafa e 37,1% para tomar banho.",Fase Crônica/Subaguda,"#Sintomas, #Qualidade de Vida",Manejo_Chikungunya_2ed.md,28,4,100.0
chikungunya_qa_0218,Paciente,Como a chikungunya pode afetar meu estado emocional após três meses?,"Após três meses, a chikungunya pode levar a problemas emocionais, como desordem do sono, depressão, e dificuldades de memória e concentração. Isso pode causar muito sofrimento.","A doença também apresentou impacto no status emocional, levando frequentemente à desordem do sono (56,4%), à depressão (50%) e à desordem de memória (43,5%) e de concentração (38,7%).",Fase Crônica/Subaguda,"#Sintomas, #Problemas Emocionais",Manejo_Chikungunya_2ed.md,28,4,100.0
chikungunya_qa_0219,Paciente,Quais são os sintomas que posso ter após três meses da chikungunya?,"Após três meses da chikungunya, você pode continuar a sentir dor intensa e incapacitante nas articulações, que pode ser persistente ou recidivante. Estudos mostram que 60% dos pacientes evoluem com manifestações crônicas, e entre aqueles acompanhados por até três anos, 45% apresentam artralgia persistente. Além da dor, você pode ter limitações para realizar atividades habituais, como levantar-se da cadeira (62,9%), andar (54,8%), pegar objetos (54,8%), abrir garrafas (53,2%) e tomar banho (37,1%). É importante notar que o sofrimento pode ser agravado por transtornos mentais, como desordens do sono (56,4%), depressão (50%) e problemas de memória (43,5%) e concentração (38,7%). Fatores que podem aumentar o risco de cronificação incluem ser do sexo feminino, ter mais de 45 anos, dor intensa, presença de edema, rigidez ou poliartrite na fase aguda, doenças articulares prévias, diabetes, alta carga viral, níveis elevados de proteína C e IgM persistentemente elevada. As articulações mais afetadas costumam ser as mãos, punhos, joelhos e tornozelos, e você pode sentir rigidez matinal e edema. Além disso, cerca de 20% dos pacientes podem experimentar dor neuropática, que muitas vezes é negligenciada e pode não responder a tratamentos convencionais, necessitando de terapia específica. Em alguns casos, a chikungunya pode evoluir para artrite erosiva progressiva, com características semelhantes às artrites reumatoide ou psoriática.","Nesta fase as queixas são caracterizadas por dor intensa e incapacitante, que pode ser persistente ou recidivante.",Fase Crônica/Subaguda,"#Sintomas, #Dor",Manejo_Chikungunya_2ed.md,28,5,92.5
chikungunya_qa_0220,Médica,Quais são os fatores de risco associados à cronificação das queixas musculoesqueléticas na chikungunya?,"Os fatores associados ao risco de cronificação incluem sexo feminino, idade maior de 45 anos, dor intensa, presença de edema, rigidez ou poliartrite na fase aguda, doença articular prévia, diabetes, alta carga viral e níveis elevados da proteína C na fase aguda, e IgM persistentemente elevada.","Vários fatores em diferentes estudos têm sido associados ao risco de cronificação das queixas musculoesqueléticas, a destacar: sexo feminino; idade maior de 45 anos; dor intensa, presença de edema, rigidez ou poliartrite na fase aguda; doença articular prévia; diabetes; alta carga viral e níveis elevados da proteína C na fase aguda; e IgM persistentemente elevada.",Fase Crônica/Subaguda,"#FatoresDeRisco, #Cronificação",Manejo_Chikungunya_2ed.md,28,5,100.0
chikungunya_qa_0221,Paciente,Quais limitações eu posso ter para realizar atividades do dia a dia após três meses da chikungunya?,"Após três meses, você pode ter limitações para levantar-se da cadeira (62,9%), andar (54,8%), pegar um objeto (54,8%), abrir uma garrafa (53,2%) e tomar banho (37,1%).","62,9% tinham limitações para levantar-se da cadeira, 54,8% para andar, 54,8% para pegar um objeto, 53,2% para abrir uma garrafa e 37,1% para tomar banho.",Fase Crônica/Subaguda,"#Limitações, #QualidadeDeVida",Manejo_Chikungunya_2ed.md,28,6,90.0
chikungunya_qa_0222,Paciente,Quais são os sintomas que posso ter se a chikungunya afetar outros órgãos além das articulações?,"Se a chikungunya afetar outros órgãos, você pode sentir dor no peito, cansaço, dificuldade para respirar, palpitações, náuseas, tonturas e até desmaios. Esses sintomas podem ser graves.","Os sintomas mais comuns são precordialgia, fadiga, dispneia, palpitações, sintomas vagais (sudorese, palidez, tosse), náuseas, tonturas e lipotimia/ síncope.",Fase Aguda,"#Sintomas, #Chikungunya",Manejo_Chikungunya_2ed.md,29,1,95.0
chikungunya_qa_0223,Paciente,O que pode acontecer com meu coração se eu tiver chikungunya?,"A chikungunya pode causar problemas no coração, como inflamação do músculo cardíaco, arritmias e instabilidade na pressão arterial, o que pode ser muito sério.","O comprometimento extra-articular pode envolver vários órgãos e sistemas, com destaque para o sistema cardiovascular (miocardite, pericardite, arritmia, instabilidade hemodinâmica).",Fase Aguda,"#Sintomas, #Chikungunya",Manejo_Chikungunya_2ed.md,29,1,95.0
chikungunya_qa_0224,Médica,Quais são as complicações graves associadas à chikungunya que devem ser consideradas na abordagem clínica?,"Complicações graves incluem comprometimento cardiovascular, respiratório, neurológico e urinário, como miocardite, pneumonite e encefalite, que podem resultar em alta morbiletalidade.","O comprometimento desses órgãos, que pode ou não estar associado à sepse e ao choque séptico, frequentemente se associa à elevada morbiletalidade.",Fase Aguda,"#Complicações, #Chikungunya",Manejo_Chikungunya_2ed.md,29,1,95.0
chikungunya_qa_0225,Médica,Quais são as manifestações extra-articulares da chikungunya que devem ser monitoradas?,"As manifestações extra-articulares da chikungunya que devem ser monitoradas incluem comprometimento de vários órgãos e sistemas. No sistema cardiovascular, podem ocorrer miocardite, pericardite, arritmias e instabilidade hemodinâmica. No sistema respiratório, as complicações incluem pneumonite, insuficiência respiratória, edema pulmonar, hemorragia intra-alveolar, derrame pleural e broncopneumonia. O sistema nervoso central e periférico pode ser afetado por encefalite, mielite, meningoencefalite, acidente vascular cerebral, síndrome de Guillain-Barré, neurite óptica, cerebelite e rombencefalite. No sistema urinário, as manifestações incluem insuficiência renal aguda, nefrite intersticial aguda e necrose tubular aguda. É importante ressaltar que o comprometimento desses órgãos pode estar associado à sepse e ao choque séptico, frequentemente resultando em elevada morbiletalidade. Além disso, deve-se estar atento à descompensação de comorbidades como diabetes mellitus, doenças cardiovasculares preexistentes (hipertensão arterial, insuficiência cardíaca), doença renal crônica e doenças respiratórias crônicas (DPOC, asma). Os profissionais de saúde devem monitorar também casos de tromboembolismo pulmonar em pacientes com imobilidade articular e edema. Os sinais e sintomas relacionados à forma sistêmica da chikungunya incluem precordialgia, fadiga, dispneia, palpitações, sintomas vagais (sudorese, palidez, tosse), náuseas, tonturas e lipotimia/síncope. Durante o exame físico, podem ser observados taquicardia, batimentos ectópicos prematuros atrial e ventricular, crepitação ou roncos nos pulmões e taquipneia.","O comprometimento extra-articular pode envolver vários órgãos e sistemas, com destaque para o sistema cardiovascular (miocardite, pericardite, arritmia, instabilidade hemodinâmica), o sistema respiratório (pneumonite, insuficiência respiratória, edema pulmonar).",Fase Crônica/Subaguda,"#Manifestações, #Chikungunya",Manejo_Chikungunya_2ed.md,29,1,100
chikungunya_qa_0226,Médica,Quais são os sintomas sistêmicos da chikungunya relacionados à lesão de órgãos-alvo?,"Os sintomas sistêmicos incluem precordialgia, fadiga, dispneia, palpitações, sudorese, palidez, tosse, náuseas, tonturas e lipotimia/síncope, que podem se manifestar devido ao comprometimento dos órgãos-alvo.",Os sinais e os sintomas descritos na forma sistêmica de chikungunya estão relacionados à lesão de órgãos-alvo pela doença.,Fase Aguda,"#Sintomas, #Chikungunya",Manejo_Chikungunya_2ed.md,29,2,100.0
chikungunya_qa_0227,Paciente,Quais órgãos podem ser afetados pela chikungunya?,"A chikungunya pode afetar diversos órgãos e sistemas, incluindo: o sistema cardiovascular, que pode apresentar miocardite, pericardite, arritmia e instabilidade hemodinâmica; o sistema respiratório, que pode ser comprometido por pneumonite, insuficiência respiratória, edema pulmonar, hemorragia intra-alveolar, derrame pleural e broncopneumonia; o sistema nervoso central e periférico, que pode sofrer encefalite, mielite, meningoencefalite, acidente vascular cerebral, síndrome de Guillain-Barré, neurite óptica, cerebelite e rombencefalite; e o sistema urinário, que pode apresentar insuficiência renal aguda, nefrite intersticial aguda e necrose tubular aguda. Além disso, o comprometimento desses órgãos pode estar associado à sepse e ao choque séptico, resultando em elevada morbiletalidade. É importante também considerar a descompensação de comorbidades como diabetes mellitus, doenças cardiovasculares preexistentes (como hipertensão arterial e insuficiência cardíaca), doença renal crônica e doenças respiratórias crônicas (como DPOC e asma). Os profissionais de saúde devem estar atentos a casos de tromboembolismo pulmonar em pacientes com imobilidade articular e edema. Os sinais e sintomas da forma sistêmica da chikungunya incluem precordialgia, fadiga, dispneia, palpitações, sintomas vagais (como sudorese, palidez e tosse), náuseas, tonturas e lipotimia/síncope. Durante o exame físico, podem ser observados taquicardia, batimentos ectópicos prematuros atriais e ventriculares, crepitação ou roncos nos pulmões e taquipneia.","O comprometimento extra-articular pode envolver vários órgãos e sistemas, com destaque para o sistema cardiovascular, o sistema respiratório, o sistema nervoso central e periférico e o sistema urinário.",Fase Crônica/Subaguda,"#Complicações, #Chikungunya",Manejo_Chikungunya_2ed.md,29,3,97.5
chikungunya_qa_0228,Médica,Quais complicações graves devem ser consideradas na abordagem clínica de pacientes com chikungunya?,"Devem ser consideradas complicações como miocardite, pericardite, arritmia, insuficiência respiratória, encefalite e insuficiência renal aguda.","O comprometimento extra-articular pode envolver vários órgãos e sistemas, com destaque para o sistema cardiovascular (miocardite, pericardite, arritmia, instabilidade hemodinâmica), o sistema respiratório (pneumonite, insuficiência respiratória, edema pulmonar, hemorragia intra-aoveolar, derrame pleural, broncopneumonia), o sistema nervoso central e periférico (encefalite, mielite, meningoencefalite, acidente vascular cerebral, síndrome de Guillain-Barré, neurite óptica, cerebelite, rombencefalite) e o sistema urinário (insuficiência renal aguda, nefrite intersticial aguda, necrose tubular aguda).",Fase Aguda,"#Complicações, #Chikungunya",Manejo_Chikungunya_2ed.md,29,3,95.0
chikungunya_qa_0229,Paciente,Quais sintomas eu posso sentir se a chikungunya afetar outros órgãos além das articulações?,"Você pode sentir dor no peito, cansaço, falta de ar, palpitações, náuseas, tonturas e até desmaios. Esses sintomas podem ocorrer devido ao comprometimento de outros órgãos pelo vírus.","Os sintomas mais comuns são precordialgia, fadiga, dispneia, palpitações, sintomas vagais (sudorese, palidez, tosse), náuseas, tonturas e lipotimia/ síncope.",Fase Aguda,"#Sintomas, #Chikungunya",Manejo_Chikungunya_2ed.md,29,4,95.0
chikungunya_qa_0230,Paciente,Como a chikungunya pode afetar meu coração?,"A chikungunya pode causar inflamações no coração, como miocardite e arritmias, que podem ser bastante graves. É importante ficar atento a qualquer dor no peito ou batimentos cardíacos irregulares.","O comprometimento extra-articular pode envolver vários órgãos e sistemas, com destaque para o sistema cardiovascular (miocardite, pericardite, arritmia, instabilidade hemodinâmica).",Fase Aguda,"#SistemaCardiovascular, #Chikungunya",Manejo_Chikungunya_2ed.md,29,4,95.0
chikungunya_qa_0231,Médica,Quais são as manifestações extra-articulares mais preocupantes na chikungunya?,"As manifestações extra-articulares incluem comprometimento cardiovascular, respiratório, neurológico e urinário. Complicações como miocardite, pneumonite e encefalite são de particular preocupação devido à sua gravidade.","O comprometimento extra-articular pode envolver vários órgãos e sistemas, com destaque para o sistema cardiovascular (miocardite, pericardite, arritmia, instabilidade hemodinâmica), o sistema respiratório (pneumonite, insuficiência respiratória, edema pulmonar, hemorragia intra-aoveolar, derrame pleural, broncopneumonia)...",Fase Aguda,"#ComplicaçõesGraves, #Chikungunya",Manejo_Chikungunya_2ed.md,29,4,95.0
chikungunya_qa_0232,Médica,Quais são as manifestações extra-articulares mais graves da chikungunya?,"As manifestações extra-articulares mais graves incluem comprometimento do sistema cardiovascular, respiratório, nervoso e urinário, como miocardite, pneumonite, encefalite e insuficiência renal aguda.","O comprometimento extra-articular pode envolver vários órgãos e sistemas, com destaque para o sistema cardiovascular (miocardite, pericardite, arritmia, instabilidade hemodinâmica), o sistema respiratório (pneumonite, insuficiência respiratória, edema pulmonar, hemorragia intra-aoveolar, derrame pleural, broncopneumonia), o sistema nervoso central e periférico (encefalite, mielite, meningoencefalite, acidente vascular cerebral, síndrome de Guillain-Barré, neurite óptica, cerebelite, rombencefalite) e o sistema urinário (insuficiência renal aguda, nefrite intersticial aguda, necrose tubular aguda).",Fase Aguda,"#Complicações, #Chikungunya",Manejo_Chikungunya_2ed.md,29,6,95.0
chikungunya_qa_0233,Paciente,Quais são os sintomas que posso sentir se a chikungunya afetar o sistema nervoso?,"Se a chikungunya afetar o sistema nervoso, você pode sentir cefaleia, letargia, alteração no nível de consciência, convulsões, diminuição da força muscular ou da sensibilidade, além de paresia e parestesia.","Os sintomas mais comuns incluíram cefaleia, alteração do sensório, letargia, convulsões, fraqueza e parestesia.",Fase Aguda,"#Sintomas, #SistemaNervoso",Manejo_Chikungunya_2ed.md,30,1,100.0
chikungunya_qa_0234,Paciente,Quais problemas o chikungunya pode causar nos meus olhos?,"A chikungunya pode causar problemas como neurite óptica, iridociclite, episclerite, retinite e uveíte, que podem resultar em fotofobia e diminuição súbita na visão.","Neurite óptica, iridociclite, episclerite, retinite, uveíte.",Fase Aguda,"#Sintomas, #Oftalmológicas",Manejo_Chikungunya_2ed.md,30,1,100.0
chikungunya_qa_0235,Médica,Quais são as principais complicações neurológicas associadas à chikungunya?,"As principais complicações neurológicas incluem encefalite, mielopatia, mielite e síndrome de Guillain-Barré. A encefalite é a complicação mais comum.","Uma revisão sistemática do comprometimento neurológico por chikungunya encontrou encefalite como a complicação mais comum, seguida por mielopatia, mielite e síndrome de Guillain-Barré.",Fase Aguda,"#Complicações, #Neurológicas",Manejo_Chikungunya_2ed.md,30,1,100.0
chikungunya_qa_0236,Médica,Quais manifestações clínicas estão associadas ao comprometimento do sistema nervoso na chikungunya?,"As manifestações clínicas incluem encefalite, meningoencefalite, encefalopatia, convulsões, síndrome de Guillain-Barré, síndrome cerebelar, paresias, paralisias e neuropatias.","Sistema nervoso | Encefalite, meningoencefalite, encefalopatia, convulsões, síndrome de Guillain-Barré, síndrome cerebelar, paresias, paralisias e neuropatias.",Fase Aguda,"#Manifestações, #SistemaNervoso",Manejo_Chikungunya_2ed.md,30,1,100.0
chikungunya_qa_0237,Paciente,Quais sintomas posso ter se a chikungunya afetar meu sistema nervoso?,"Os sintomas mais comuns incluem dor de cabeça, alteração do sensório, letargia, convulsões, fraqueza e formigamento.","Os sintomas mais comuns incluíram cefaleia, alteração do sensório, letargia, convulsões, fraqueza e parestesia (Mehta et al., 2018).",Fase Aguda,"#Sintomas, #SistemaNervoso",Manejo_Chikungunya_2ed.md,30,2,100.0
chikungunya_qa_0238,Médica,Quais são as complicações neurológicas mais frequentes associadas à chikungunya?,"As complicações neurológicas mais frequentes incluem encefalite, mielopatia, mielite e síndrome de Guillain-Barré.","Uma revisão sistemática do comprometimento neurológico por chikungunya encontrou encefalite como a complicação mais comum, seguida por mielopatia, mielite e síndrome de Guillain-Barré (SGB).",Fase Aguda,"#Complicações, #SistemaNervoso",Manejo_Chikungunya_2ed.md,30,2,100.0
chikungunya_qa_0239,Médica,Quais manifestações neurológicas adicionais podem ocorrer em pacientes com chikungunya?,"Além das complicações mencionadas, outras manifestações neurológicas incluem neurite óptica, paresia de nervos faciais, acidente vascular cerebral e miosites.","Além dessas, outras manifestações neurológicas, como neurite óptica, paresia de nervos faciais, acidente vascular cerebral e miosites, foram relatadas.",Fase Aguda,"#Complicações, #SistemaNervoso",Manejo_Chikungunya_2ed.md,30,2,95.0
chikungunya_qa_0240,Médica,Qual é a prevalência do chikungunya em quadros neurológicos confirmados em Pernambuco?,"Em Pernambuco, chikungunya foi a mais prevalente em uma coorte de 148 quadros neurológicos confirmados de arbovirose, associando-se mais frequentemente ao acometimento do sistema nervoso central.","Em Pernambuco, em uma coorte de 148 quadros neurológicos confirmados de arbovirose, chikungunya foi a mais prevalente, sendo associada mais frequentemente ao acometimento do sistema nervoso central.",Fase Aguda,"#Epidemiologia, #Neurológicas",Manejo_Chikungunya_2ed.md,30,3,100.0
chikungunya_qa_0241,Paciente,Quais sintomas posso ter se a chikungunya afetar meus olhos?,"Se a chikungunya afetar seus olhos, você pode sentir fotofobia, que é a sensibilidade à luz, diminuição súbita na visão e hiperemia ocular, que é o aumento da vermelhidão nos olhos.","Fotofobia, diminuição súbita na visão e hiperemia ocular.",Fase Aguda,"#Sintomas, #Oftalmológicas",Manejo_Chikungunya_2ed.md,31,1,100.0
chikungunya_qa_0242,Médica,Quais são as complicações associadas à chikungunya que envolvem o sistema renal?,"A chikungunya pode levar a complicações como insuficiência renal aguda, nefrite intersticial aguda e necrose tubular aguda.","Insuficiência renal aguda, nefrite intersticial aguda, necrose tubular aguda.",Fase Aguda,"#Complicações, #SistemaUrinário",Manejo_Chikungunya_2ed.md,31,1,100.0
chikungunya_qa_0243,Paciente,Quais problemas posso ter se a chikungunya afetar meus rins?,"Se a chikungunya afetar seus rins, você pode ter insuficiência renal aguda, nefrite intersticial aguda e necrose tubular aguda. Isso pode levar a sintomas como diminuição da produção de urina, sangue na urina, inchaço e aumento dos níveis de ureia e creatinina no sangue.","Insuficiência renal aguda, nefrite intersticial aguda, necrose tubular aguda. Oligúria, anúria, hematúria, edema, aumento dos níveis de ureia e creatinina séricas, alterações hidroeletrolíticas e no sedimento urinário.",Fase Aguda,"#Sintomas, #Tratamento",Manejo_Chikungunya_2ed.md,31,2,100.0
chikungunya_qa_0244,Paciente,Como a chikungunya pode afetar meus olhos?,"A chikungunya pode causar problemas como neurite óptica, iridociclite, episclerite, retinite e uveíte. Isso pode resultar em sintomas como sensibilidade à luz, diminuição súbita da visão e vermelhidão nos olhos.","Neurite óptica, iridociclite, episclerite, retinite, uveíte. Fotofobia, diminuição súbita na visão e hiperemia ocular.",Fase Aguda,"#Sintomas, #Tratamento",Manejo_Chikungunya_2ed.md,31,2,100.0
chikungunya_qa_0245,Paciente,Quais problemas de pele posso ter se tiver chikungunya?,"Você pode ter hiperpigmentação por fotossensibilidade, dermatoses vesiculobolhosas e ulcerações semelhantes a aftas. Isso pode se manifestar como alterações na coloração da pele e a presença de lesões bolhosas e ulceradas.","Hiperpigmentação por fotossensibilidade, dermatoses vesiculobolhosas, ulcerações aftosa-like. Alterações na coloração da pele, presença de lesões bolhosas e ulceradas.",Fase Aguda,"#Sintomas, #Tratamento",Manejo_Chikungunya_2ed.md,31,2,100.0
chikungunya_qa_0246,Médica,Quais são as manifestações oculares mais comuns na chikungunya?,"As manifestações oculares incluem neurite óptica, iridociclite, episclerite, retinite e uveíte. Clinicamente, os pacientes podem relatar fotofobia, diminuição súbita da visão e hiperemia ocular.","Neurite óptica, iridociclite, episclerite, retinite, uveíte. Fotofobia, diminuição súbita na visão e hiperemia ocular.",Fase Aguda,"#Complicações, #Diagnóstico",Manejo_Chikungunya_2ed.md,31,2,100.0
chikungunya_qa_0247,Paciente,Quais sintomas podem ocorrer se a chikungunya afetar meus rins?,"Se a chikungunya afetar seus rins, você pode ter diminuição da urina, sangue na urina, inchaço, e aumento dos níveis de ureia e creatinina no sangue.","Oligúria, anúria, hematúria, edema, aumento dos níveis de ureia e creatini-na séricas.",Fase Aguda,"#Sintomas, #Sistema Renal",Manejo_Chikungunya_2ed.md,31,3,95.0
chikungunya_qa_0248,Médica,Quais são os principais sinais clínicos associados à insuficiência renal aguda na chikungunya?,"Os principais sinais clínicos incluem oligúria, anúria, hematúria, edema e aumento dos níveis de ureia e creatinina séricas.","Oligúria, anúria, hematúria, edema, aumento dos níveis de ureia e creatini-na séricas.",Fase Aguda,"#Sintomas, #Sistema Renal",Manejo_Chikungunya_2ed.md,31,3,95.0
chikungunya_qa_0249,Médica,Quais comorbidades podem agravar a condição do paciente com chikungunya?,"As comorbidades que podem agravar a condição incluem diabetes, doença cardiovascular prévia, hipertensão arterial, insuficiência cardíaca, e doenças renais ou pulmonares como DPOC e asma.","Diabetes, doença cardiovascular prévia, hipertensão arterial, insuficiência cardíaca, doenças renais ou pulmonares (DPOC, asma).",Fase Aguda,"#Comorbidades, #Chikungunya",Manejo_Chikungunya_2ed.md,31,4,100.0
chikungunya_qa_0250,Paciente,Quais são os sintomas que posso ter se a chikungunya afetar meus rins?,"Se a chikungunya afetar seus rins, você pode sentir diminuição da urina, presença de sangue na urina, inchaço, e pode ter aumento dos níveis de ureia e creatinina no sangue.","Oligúria, anúria, hematúria, edema, aumento dos níveis de ureia e creatini-na séricas, alterações hidroeletrolíticas e no sedimento urinário.",Fase Aguda,"#Sintomas, #SistemaRenal",Manejo_Chikungunya_2ed.md,31,5,95.0
chikungunya_qa_0251,Médica,Quais são as principais manifestações clínicas associadas à insuficiência renal aguda na chikungunya?,"As principais manifestações clínicas incluem oligúria, anúria, hematúria, edema, e aumento dos níveis de ureia e creatinina séricas, além de alterações hidroeletrolíticas e no sedimento urinário.","Oligúria, anúria, hematúria, edema, aumento dos níveis de ureia e creatini-na séricas, alterações hidroeletrolíticas e no sedimento urinário.",Fase Aguda,"#Sintomas, #SistemaRenal",Manejo_Chikungunya_2ed.md,31,5,100.0
chikungunya_qa_0252,Médica,Quais complicações cutâneas podem ser observadas em pacientes com chikungunya?,"As complicações cutâneas incluem hiperpigmentação por fotossensibilidade, dermatoses vesiculobolhosas e ulcerações aftosa-like.","Hiperpigmentação por fotossensibilidade, dermatoses vesiculobolhosas, ulcerações aftosa-like.",Fase Aguda,"#Sintomas, #Pele",Manejo_Chikungunya_2ed.md,31,5,100.0
chikungunya_qa_0253,Paciente,O que é considerado um caso grave de chikungunya?,"Um caso grave de chikungunya é quando o paciente apresenta sinais clínicos ou alterações laboratoriais de insuficiência de, no mínimo, um órgão ou sistema, associado a risco de morte ou que exige internação hospitalar.","Todo paciente com suspeita de chikungunya que apresentar sinais clínicos e/ou alterações laboratoriais de insuficiência de, no mínimo, um órgão ou sistema, associado a risco de morte ou exigindo internação hospitalar deve ser considerado como caso de chikungunya grave.",Fase Aguda,"#Diagnóstico, #Chikungunya",Manejo_Chikungunya_2ed.md,32,1,100.0
chikungunya_qa_0254,Paciente,Quais complicações podem ocorrer em casos graves de chikungunya?,"As complicações que podem levar à hospitalização incluem problemas no coração, nos pulmões, nos rins, no sistema nervoso e distúrbios de coagulação.","sendo as complicações que levam à hospitalização as seguintes: cardiovasculares, respiratórias, renais, neurológicas e distúrbios de coagulação, sejam isoladas ou associadas.",Fase Aguda,"#Complicações, #Chikungunya",Manejo_Chikungunya_2ed.md,32,1,100.0
chikungunya_qa_0255,Paciente,Quem está mais em risco de ter chikungunya grave?,"Os grupos mais em risco de desenvolver chikungunya grave incluem recém-nascidos, pacientes com idade acima de 65 anos e aqueles que apresentam comorbidades, como diabetes, hipertensão, doença renal crônica, asma, insuficiência cardíaca, doenças reumatológicas, anemia falciforme e talassemia. Além disso, pacientes que estão em uso de fármacos específicos, como aspirina, anti-inflamatórios e paracetamol em altas doses, também estão sob maior risco. É importante ressaltar que, embora as formas graves da infecção pelo CHIKV acometam com maior frequência esses grupos, casos graves e fatais podem ocorrer em diferentes faixas etárias, mesmo na ausência de doenças associadas. Essas condições preexistentes estão associadas a um maior risco de evolução para óbito.","É importante destacar que as formas graves da infecção pelo CHIKV acometem com maior frequência recém-nascidos, pacientes com idade acima de 65 anos e pacientes com comorbidades.",Fase Crônica/Subaguda,"#Epidemiologia, #Chikungunya",Manejo_Chikungunya_2ed.md,32,1,100
chikungunya_qa_0256,Médica,Quais são as principais complicações que levam à hospitalização em chikungunya grave?,"As principais complicações que levam à hospitalização incluem complicações cardiovasculares, respiratórias, renais, neurológicas e distúrbios de coagulação, que podem ocorrer isoladamente ou em conjunto.","sendo as complicações que levam à hospitalização as seguintes: cardiovasculares, respiratórias, renais, neurológicas e distúrbios de coagulação, sejam isoladas ou associadas.",Fase Aguda,"#Complicações, #Tratamento",Manejo_Chikungunya_2ed.md,32,1,100.0
chikungunya_qa_0257,Médica,Quais pacientes têm maior risco de evolução para chikungunya grave?,"Pacientes com mais de 65 anos, recém-nascidos e aqueles com comorbidades como diabetes, hipertensão, doença renal crônica e doenças reumatológicas têm maior risco de evolução para chikungunya grave.","É importante destacar que as formas graves da infecção pelo CHIKV acometem com maior frequência recém-nascidos, pacientes com idade acima de 65 anos e pacientes com comorbidades.",Fase Crônica/Subaguda,"#Epidemiologia, #Chikungunya",Manejo_Chikungunya_2ed.md,32,1,95.0
chikungunya_qa_0258,Paciente,Quais são algumas complicações que podem ocorrer em chikungunya grave?,"As complicações que podem ocorrer em chikungunya grave incluem problemas no coração, nos pulmões, nos rins, no sistema nervoso e distúrbios de coagulação.","sendo as complicações que levam à hospitalização as seguintes: cardiovasculares, respiratórias, renais, neurológicas e distúrbios de coagulação, sejam isoladas ou associadas.",Fase Aguda,"#Complicações, #Chikungunya",Manejo_Chikungunya_2ed.md,32,2,100.0
chikungunya_qa_0259,Médica,Quais condições preexistentes estão associadas ao maior risco de evolução para óbito em chikungunya?,"Condições preexistentes associadas ao maior risco de evolução para óbito em chikungunya incluem diabetes, hipertensão, doença renal crônica, asma, insuficiência cardíaca, doenças reumatológicas, anemia falciforme e talassemia, além do uso de fármacos como aspirina e anti-inflamatórios em altas doses.",Tais condições preexistentes estão também associadas ao maior risco de evolução para óbito.,Fase Crônica/Subaguda,"#Risco, #Chikungunya",Manejo_Chikungunya_2ed.md,32,2,100.0
chikungunya_qa_0260,Paciente,Quais complicações posso ter se a chikungunya for grave?,"As complicações que podem ocorrer em chikungunya grave incluem problemas no coração, respiração, rins, sistema nervoso e distúrbios da coagulação.","as complicações que levam à hospitalização as seguintes: cardiovasculares, respiratórias, renais, neurológicas e distúrbios de coagulação, sejam isoladas ou associadas.",Fase Aguda,"#Complicações, #Chikungunya",Manejo_Chikungunya_2ed.md,32,3,100.0
chikungunya_qa_0261,Médica,Quais são as principais manifestações clínicas que indicam chikungunya grave?,"As principais manifestações clínicas que indicam chikungunya grave incluem falência orgânica, com complicações cardiovasculares, respiratórias, renais, neurológicas e distúrbios de coagulação, que podem ser isoladas ou associadas.","Na forma grave, o paciente experimenta o agravamento do quadro clínico, com piora clínica por falência orgânica, sendo as complicações que levam à hospitalização as seguintes: cardiovasculares, respiratórias, renais, neurológicas e distúrbios de coagulação, sejam isoladas ou associadas.",Fase Aguda,"#Sintomas, #Chikungunya",Manejo_Chikungunya_2ed.md,32,3,100.0
chikungunya_qa_0262,Paciente,O que acontece se eu tiver chikungunya grave?,"Se você tiver chikungunya grave, pode ter um agravamento do quadro clínico com piora por falência de um órgão ou sistema, e isso pode levar a complicações como problemas no coração, pulmões, rins, sistema nervoso e distúrbios de coagulação.","Na forma grave, o paciente experimenta o agravamento do quadro clínico, com piora clínica por falência orgânica, sendo as complicações que levam à hospitalização as seguintes: cardiovasculares, respiratórias, renais, neurológicas e distúrbios de coagulação, sejam isoladas ou associadas.",Fase Aguda,"#Sintomas, #Complicações",Manejo_Chikungunya_2ed.md,32,4,95.0
chikungunya_qa_0263,Paciente,Quais grupos de pessoas estão mais em risco de ter chikungunya grave?,"Os grupos de pessoas que estão mais em risco de ter chikungunya grave incluem recém-nascidos, pacientes com idade acima de 65 anos e aqueles que possuem comorbidades como diabetes, hipertensão, doença renal crônica, asma, insuficiência cardíaca, doenças reumatológicas, anemia falciforme e talassemia. Além disso, indivíduos que estão em uso de fármacos específicos, como aspirina, anti-inflamatórios e paracetamol em altas doses, também estão em maior risco. É importante ressaltar que, embora as formas graves da infecção pelo CHIKV acometam com maior frequência esses grupos, casos graves e fatais podem ocorrer em diferentes faixas etárias, mesmo na ausência de doenças associadas.","É importante destacar que as formas graves da infecção pelo CHIKV acometem com maior frequência recém-nascidos, pacientes com idade acima de 65 anos e pacientes com comorbidades (diabetes, hipertensão, doença renal crônica, asma, insuficiência cardíaca, doenças reumatológicas, anemia falciforme e talassemia).",Fase Crônica/Subaguda,"#Epidemiologia, #Risco",Manejo_Chikungunya_2ed.md,32,4,100
chikungunya_qa_0264,Médica,Quais condições preexistentes aumentam o risco de evolução para óbito em chikungunya?,"Condições preexistentes como diabetes, hipertensão, doença renal crônica, asma, insuficiência cardíaca, doenças reumatológicas, anemia falciforme e talassemia estão associadas a um maior risco de evolução para óbito.",Tais condições preexistentes estão também associadas ao maior risco de evolução para óbito.,Fase Crônica/Subaguda,"#Risco, #Comorbidades",Manejo_Chikungunya_2ed.md,32,4,95.0
chikungunya_qa_0265,Paciente,Quais são os principais problemas que podem acontecer se eu tiver chikungunya grave?,"Se você tiver chikungunya grave, pode ter problemas como dificuldades no coração, problemas respiratórios, problemas nos rins, complicações neurológicas e distúrbios de coagulação. Às vezes, esses problemas podem acontecer juntos ou separados.","as complicações que levam à hospitalização as seguintes: cardiovasculares, respiratórias, renais, neurológicas e distúrbios de coagulação, sejam isoladas ou associadas",Fase Aguda,"#Complicações, #Chikungunya",Manejo_Chikungunya_2ed.md,32,5,100.0
chikungunya_qa_0266,Paciente,Quem tem mais chance de ter chikungunya grave?,"As pessoas que têm mais chance de ter chikungunya grave incluem recém-nascidos, pessoas com mais de 65 anos e aquelas que têm doenças como diabetes, hipertensão, problemas nos rins, asma, insuficiência cardíaca, doenças reumatológicas, anemia falciforme e talassemia. Também, quem usa certos remédios em altas doses, como aspirina e anti-inflamatórios, está em risco.","as formas graves da infecção pelo CHIKV acometem com maior frequência recém-nascidos, pacientes com idade acima de 65 anos e pacientes com comorbidades (diabetes, hipertensão, doença renal crônica, asma, insuficiência cardíaca, doenças reumatológicas, anemia falciforme e talassemia) e/ou que estejam em uso de alguns fármacos específicos (aspirina, anti-inflamatórios e paracetamol em altas doses).",Fase Crônica/Subaguda,"#Risco, #Chikungunya",Manejo_Chikungunya_2ed.md,32,5,100.0
chikungunya_qa_0267,Médica,Quais são os critérios para classificar um caso como chikungunya grave?,"Um caso é classificado como chikungunya grave se o paciente apresentar sinais clínicos e/ou alterações laboratoriais de insuficiência de, no mínimo, um órgão ou sistema, associado a risco de morte ou exigindo internação hospitalar.","Todo paciente com suspeita de chikungunya que apresentar sinais clínicos e/ou alterações laboratoriais de insuficiência de, no mínimo, um órgão ou sistema, associado a risco de morte ou exigindo internação hospitalar deve ser considerado como caso de chikungunya grave.",Fase Aguda,"#Critérios, #Chikungunya",Manejo_Chikungunya_2ed.md,32,5,100.0
chikungunya_qa_0268,Médica,Quais complicações podem levar à hospitalização em casos de chikungunya grave?,"As complicações que podem levar à hospitalização incluem manifestações cardiovasculares, respiratórias, renais, neurológicas e distúrbios de coagulação, podendo ocorrer isoladamente ou em associação.","as complicações que levam à hospitalização as seguintes: cardiovasculares, respiratórias, renais, neurológicas e distúrbios de coagulação, sejam isoladas ou associadas",Fase Aguda,"#Complicações, #Chikungunya",Manejo_Chikungunya_2ed.md,32,5,100.0
chikungunya_qa_0269,Médica,Quais são as complicações que podem levar à hospitalização em chikungunya grave?,"As complicações que levam à hospitalização em chikungunya grave incluem complicações cardiovasculares, respiratórias, renais, neurológicas e distúrbios de coagulação, sejam isoladas ou associadas.","sendo as complicações que levam à hospitalização as seguintes: cardiovasculares, respiratórias, renais, neurológicas e distúrbios de coagulação, sejam isoladas ou associadas.",Fase Aguda,"#Complicações, #ChikungunyaGrave",Manejo_Chikungunya_2ed.md,32,6,100.0
chikungunya_qa_0270,Paciente,Quais são os sintomas que podem indicar dengue?,"Os sintomas de dengue incluem febre, dor de cabeça, dor atrás dos olhos e manchas vermelhas na pele. Também pode haver dor nas articulações, mas geralmente é menos intensa do que na chikungunya.","dengue: febre, dor de cabeça, dor atrás dos olhos, podendo aparecer manchas vermelhas na pele. A dengue também pode causar dor nas articulações, mas geralmente é menos intensa do que na chikungunya.",Fase Aguda,"#Sintomas, #Diagnóstico",Manejo_Chikungunya_2ed.md,33,1,100.0
chikungunya_qa_0271,Paciente,Quais sinais de alarme devo ficar atento se suspeitar de dengue?,"Os sinais de alarme que você deve ficar atento se suspeitar de dengue incluem: dor forte na barriga, vômitos que não param, inchaço, sangramentos, cansaço extremo ou irritação, aumento do tamanho do fígado, aumento do nível de sangue no corpo, tontura ao levantar ou sinais de choque.","A presença de sinais de alarme como dor abdominal intensa, vômitos persistentes, acúmulo de líquidos, sangramento de mucosas, letargia ou irritabilidade, hepatomegalia maior que 2 cm, aumento do hematócrito, hipotensão postural ou sinais de choque podem sugerir dengue grave;",Fase Aguda,"#Sintomas, #Cuidados",Manejo_Chikungunya_2ed.md,33,1,91.25
chikungunya_qa_0272,Médica,Quais doenças devem ser consideradas no diagnóstico diferencial da chikungunya?,"As doenças que devem ser incluídas no diagnóstico diferencial são: dengue, malária, leptospirose, artrite séptica, Zika, febre reumática, lúpus eritematoso sistêmico e Mayaro.","outras doenças podem ser incluídas no diagnóstico diferencial, a depender do contexto epidemiológico e das exposições de risco específicas. As doenças que fazem parte do diagnóstico diferencial incluem: dengue, malária, leptospirose, artrite séptica, Zika, febre reumática, lúpus eritematoso sistêmico (LES), Mayaro.",Fase Aguda,"#Diagnóstico, #Diferencial",Manejo_Chikungunya_2ed.md,33,1,100.0
chikungunya_qa_0273,Paciente,Quais sintomas posso ter se eu tiver dengue?,"Se você tiver dengue, pode sentir febre, dor de cabeça, dor atrás dos olhos e talvez apareçam manchas vermelhas na pele. Também pode ter dor nas articulações, mas geralmente essa dor é menos intensa do que na chikungunya.","dengue: febre, dor de cabeça, dor atrás dos olhos, podendo aparecer manchas vermelhas na pele. A dengue também pode causar dor nas articulações, mas geralmente é menos intensa do que na chikungunya.",Fase Aguda,"#Sintomas, #Dengue",Manejo_Chikungunya_2ed.md,33,2,100.0
chikungunya_qa_0274,Paciente,Quais são os sinais de alerta que indicam dengue grave?,"Os sinais de alerta que podem indicar dengue grave incluem dor abdominal forte, vômitos que não param, inchaço, sangramentos, cansaço extremo ou irritação, aumento do fígado, aumento do nível de sangue no corpo, pressão baixa ao levantar ou sinais de choque.","A presença de sinais de alarme como dor abdominal intensa, vômitos persistentes, acúmulo de líquidos, sangramento de mucosas, letargia ou irritabilidade, hepatomegalia maior que 2 cm, aumento do hematócrito, hipotensão postural ou sinais de choque podem sugerir dengue grave;",Fase Aguda,"#Sintomas, #Dengue",Manejo_Chikungunya_2ed.md,33,2,93.75
chikungunya_qa_0275,Cuidador,Quais doenças eu preciso ficar atento ao cuidar de alguém com chikungunya?,"É importante ficar atento a outras doenças febris agudas que podem ter sintomas semelhantes, como dengue, malária, leptospirose, artrite séptica, Zika, febre reumática e lúpus eritematoso sistêmico.",O diagnóstico diferencial de chikungunya deve ser feito com outras doenças febris agudas associadas à artralgia.,Fase Aguda,"#Cuidados, #Diagnóstico",Manejo_Chikungunya_2ed.md,33,2,95.0
chikungunya_qa_0276,Médica,Quais são as principais doenças a serem consideradas no diagnóstico diferencial da chikungunya?,"As principais doenças a serem consideradas no diagnóstico diferencial da chikungunya incluem dengue, malária, leptospirose, artrite séptica, Zika, febre reumática e lúpus eritematoso sistêmico.",O diagnóstico diferencial de chikungunya deve ser feito com outras doenças febris agudas associadas à artralgia.,Fase Aguda,"#Diagnóstico, #Diferencial",Manejo_Chikungunya_2ed.md,33,2,95.0
chikungunya_qa_0277,Médica,Quais critérios são utilizados para a febre reumática no diagnóstico diferencial?,"Os critérios utilizados para a febre reumática incluem poliartrite migratória de grandes articulações, história de faringoamigdalite e a consideração dos critérios de Jones para a febre reumática, além de evidência de infecção prévia pelo estreptococos.","Considerar os critérios de Jones para a febre reumática e evidência de infecção prévia pelo estreptococos (cultura positiva de orofaringe, positividade em testes rápidos para detecção de antígenos estreptocócicos ou títulos elevados de anticorpos antiestreptocócicos).",Fase Aguda,"#Diagnóstico, #Critérios",Manejo_Chikungunya_2ed.md,33,2,100.0
chikungunya_qa_0278,Médica,Quais sinais de alarme indicam dengue grave?,"Os sinais de alarme que indicam dengue grave incluem dor abdominal intensa, vômitos persistentes, acúmulo de líquidos, sangramento de mucosas, letargia ou irritabilidade, hepatomegalia maior que 2 cm, aumento do hematócrito, hipotensão postural ou sinais de choque.","A presença de sinais de alarme como dor abdominal intensa, vômitos persistentes, acúmulo de líquidos, sangramento de mucosas, letargia ou irritabilidade, hepatomegalia maior que 2 cm, aumento do hematócrito, hipotensão postural ou sinais de choque podem sugerir dengue grave;",Fase Crônica/Subaguda,"#Sintomas, #Dengue",Manejo_Chikungunya_2ed.md,33,3,100.0
chikungunya_qa_0279,Paciente,Quais sintomas posso ter se tiver lúpus eritematoso sistêmico?,"Os sintomas do lúpus eritematoso sistêmico incluem dor nas articulações, erupções cutâneas, fadiga e febre.","* lúpus eritematoso sistêmico (LES): sintomas articulares semelhantes, além de outros sintomas sistêmicos, como erupções cutâneas, fadiga e febre.",Fase Aguda,"#Sintomas, #Lúpus",Manejo_Chikungunya_2ed.md,34,1,100.0
chikungunya_qa_0280,Paciente,O que pode causar a febre do Nilo Ocidental?,"A febre do Nilo Ocidental pode causar febre, dor de cabeça, dores no corpo, náuseas, vômitos e, às vezes, erupções cutâneas.","* febre do Nilo Ocidental: febre, cefaleia, dores no corpo, náuseas, vômitos e, às vezes, erupção cutânea.",Fase Aguda,"#Sintomas, #FebreNiloOcidental",Manejo_Chikungunya_2ed.md,34,1,95.0
chikungunya_qa_0281,Paciente,Quais são os sintomas da febre maculosa brasileira?,"Os sintomas da febre maculosa brasileira incluem febre alta, dor de cabeça, manchas na pele, dor no corpo e podem evoluir para complicações mais graves.","* febre maculosa brasileira: causada pela bactéria Rickettsia rickettsii, transmitida por carrapatos. Os sintomas incluem febre alta, dor de cabeça, rash (que geralmente começa nas extremidades e se espalha para o tronco), mialgia, podendo evoluir para complicações hemorrágicas, neurológicas, renais e respiratórias.",Fase Aguda,"#Sintomas, #FebreMaculosa",Manejo_Chikungunya_2ed.md,34,1,95.0
chikungunya_qa_0282,Médica,"Quais são os critérios para o diagnóstico diferencial entre dengue, Zika e chikungunya?","Os critérios incluem sinais e sintomas como febre, duração da febre, exantema, mialgia, artralgia, edema da articulação, conjuntivite, cefaleia, linfonodomegalia, discrasia hemorrágica, risco de morte, acometimento neurológico, leucopenia, linfopenia e trombocitopenia.",Quadro 2 – Diagnóstico diferencial: dengue versus Zika versus chikungunya,Fase Aguda,"#Diagnóstico, #DengueZikaChikungunya",Manejo_Chikungunya_2ed.md,34,1,100.0
chikungunya_qa_0283,Paciente,Quais sintomas posso ter se eu tiver febre do Nilo Ocidental?,"Os sintomas da febre do Nilo Ocidental incluem febre, dor de cabeça, dores no corpo, náuseas, vômitos e, às vezes, erupção cutânea.","febre do Nilo Ocidental: febre, cefaleia, dores no corpo, náuseas, vômitos e, às vezes, erupção cutânea.",Fase Aguda,"#Sintomas, #FebreNiloOcidental",Manejo_Chikungunya_2ed.md,34,2,100.0
chikungunya_qa_0284,Paciente,O que pode acontecer se eu tiver febre maculosa brasileira?,"Se você tiver febre maculosa brasileira, pode ter febre alta, dor de cabeça, manchas na pele e dor no corpo, e pode evoluir para complicações graves.","febre maculosa brasileira: causada pela bactéria Rickettsia rickettsii, transmitida por carrapatos. Os sintomas incluem febre alta, dor de cabeça, rash (que geralmente começa nas extremidades e se espalha para o tronco), mialgia, podendo evoluir para complicações hemorrágicas, neurológicas, renais e respiratórias.",Fase Aguda,"#Sintomas, #FebreMaculosa",Manejo_Chikungunya_2ed.md,34,2,95.0
chikungunya_qa_0285,Médica,Quais são os critérios clínicos para o diagnóstico de febre maculosa brasileira?,"Os critérios clínicos incluem febre alta, dor de cabeça, rash que geralmente começa nas extremidades e se espalha para o tronco, além de mialgia, podendo evoluir para complicações hemorrágicas, neurológicas, renais e respiratórias.","febre maculosa brasileira: causada pela bactéria Rickettsia rickettsii, transmitida por carrapatos. Os sintomas incluem febre alta, dor de cabeça, rash (que geralmente começa nas extremidades e se espalha para o tronco), mialgia, podendo evoluir para complicações hemorrágicas, neurológicas, renais e respiratórias.",Fase Aguda,"#Diagnóstico, #FebreMaculosa",Manejo_Chikungunya_2ed.md,34,2,100.0
chikungunya_qa_0286,Médica,Quais são os sintomas característicos da febre do Nilo Ocidental?,"Os sintomas característicos da febre do Nilo Ocidental incluem febre, cefaleia, dores no corpo, náuseas, vômitos e, em casos raros, pode causar doença neurológica grave, como encefalite ou meningite.","* febre do Nilo Ocidental: febre, cefaleia, dores no corpo, náuseas, vômitos e, às vezes, erupção cutânea. Em casos raros pode causar doença neurológica grave, como encefalite ou meningite.",Fase Aguda,"#Sintomas, #Febre do Nilo Ocidental",Manejo_Chikungunya_2ed.md,34,3,100.0
chikungunya_qa_0287,Paciente,Quais são os sintomas que posso ter se eu tiver lúpus eritematoso sistêmico?,"Se você tiver lúpus eritematoso sistêmico, pode sentir dor nas articulações, além de ter manchas na pele, fadiga e febre.","* lúpus eritematoso sistêmico (LES): sintomas articulares semelhantes, além de outros sintomas sistêmicos, como erupções cutâneas, fadiga e febre.",Fase Aguda,"#Sintomas, #Lúpus",Manejo_Chikungunya_2ed.md,34,4,100.0
chikungunya_qa_0288,Paciente,O que pode acontecer se eu pegar a febre maculosa brasileira?,"Se você pegar a febre maculosa brasileira, pode ter febre alta, dor de cabeça, manchas na pele, dor no corpo e, em casos mais graves, pode ter complicações como problemas neurológicos, renais e respiratórios.","* febre maculosa brasileira: causada pela bactéria Rickettsia rickettsii, transmitida por carrapatos. Os sintomas incluem febre alta, dor de cabeça, rash (que geralmente começa nas extremidades e se espalha para o tronco), mialgia, podendo evoluir para complicações hemorrágicas, neurológicas, renais e respiratórias.",Fase Aguda,"#Sintomas, #Febre Maculosa",Manejo_Chikungunya_2ed.md,34,4,100.0
chikungunya_qa_0289,Médica,Quais são os sintomas que devem ser considerados para o diagnóstico de sífilis secundária?,"Os sintomas a serem considerados para o diagnóstico de sífilis secundária incluem rash cutâneo, febre, linfadenopatia generalizada e mal-estar. A presença de lesões mucocutâneas e histórico de sífilis é relevante para a consideração de testes diagnósticos.","* sífilis secundária: podem aparecer sintomas polimórficos, incluindo rash cutâneo (incluindo palmas das mãos e plantas dos pés), febre, linfadenopatia generalizada e mal-estar. Lesões mucocutâneas e a presença de lesões genitais ou histórico de sífilis devem levar à consideração de testes diagnósticos para sífilis.",Fase Aguda,"#Diagnóstico, #Sífilis",Manejo_Chikungunya_2ed.md,34,4,100.0
chikungunya_qa_0290,Médica,Quais são as características clínicas da febre maculosa brasileira?,"As características clínicas da febre maculosa brasileira incluem febre alta, dor de cabeça, rash que geralmente começa nas extremidades e se espalha para o tronco, mialgia, com potencial para evoluir para complicações hemorrágicas, neurológicas, renais e respiratórias.","* febre maculosa brasileira: causada pela bactéria Rickettsia rickettsii, transmitida por carrapatos. Os sintomas incluem febre alta, dor de cabeça, rash (que geralmente começa nas extremidades e se espalha para o tronco), mialgia, podendo evoluir para complicações hemorrágicas, neurológicas, renais e respiratórias.",Fase Aguda,"#Sintomas, #Febre Maculosa",Manejo_Chikungunya_2ed.md,34,4,100.0
chikungunya_qa_0291,Paciente,Quais sintomas posso ter se eu tiver sífilis secundária?,"Você pode ter sintomas como manchas na pele, febre, inchaço dos gânglios e mal-estar.","sífilis secundária: podem aparecer sintomas polimórficos, incluindo rash cutâneo (incluindo palmas das mãos e plantas dos pés), febre, linfadenopatia generalizada e mal-estar.",Fase Aguda,"#Sintomas, #Sífilis",Manejo_Chikungunya_2ed.md,34,5,95.0
chikungunya_qa_0292,Paciente,O que pode acontecer se eu tiver febre do Nilo Ocidental?,"Você pode sentir febre, dor de cabeça, dores no corpo, náuseas, vômitos e, em casos raros, pode ter problemas neurológicos graves.","febre do Nilo Ocidental: febre, cefaleia, dores no corpo, náuseas, vômitos e, às vezes, erupção cutânea. Em casos raros pode causar doença neurológica grave, como encefalite ou meningite.",Fase Aguda,"#Sintomas, #Febre do Nilo Ocidental",Manejo_Chikungunya_2ed.md,34,5,100.0
chikungunya_qa_0293,Paciente,Quais sintomas posso ter se eu tiver febre maculosa brasileira?,"Você pode ter febre alta, dor de cabeça, manchas na pele, dores no corpo e, em casos mais graves, complicações como sangramentos e problemas nos rins e cérebro.","Os sintomas incluem febre alta, dor de cabeça, rash (que geralmente começa nas extremidades e se espalha para o tronco), mialgia, podendo evoluir para complicações hemorrágicas, neurológicas, renais e respiratórias.",Fase Aguda,"#Sintomas, #Febre Maculosa Brasileira",Manejo_Chikungunya_2ed.md,34,5,100.0
chikungunya_qa_0294,Médica,Quais são os sintomas que indicam sífilis secundária?,"Os sintomas polimórficos incluem rash cutâneo, febre, linfadenopatia generalizada e mal-estar. Lesões mucocutâneas devem ser consideradas para testes diagnósticos.","sífilis secundária: podem aparecer sintomas polimórficos, incluindo rash cutâneo (incluindo palmas das mãos e plantas dos pés), febre, linfadenopatia generalizada e mal-estar.",Fase Aguda,"#Sintomas, #Diagnóstico",Manejo_Chikungunya_2ed.md,34,5,95.0
chikungunya_qa_0295,Médica,Quais são os critérios para diagnóstico de sepse bacteriana?,"A sepse é caracterizada por febre, hipotensão, taquicardia e alterações do estado mental, podendo levar à falência de múltiplos órgãos, exigindo diagnóstico e tratamento rápidos.","sepse bacteriana: caracterizada por febre, hipotensão, taquicardia, alterações do estado mental e, potencialmente, falência de múltiplos órgãos. A sepse requer diagnóstico e tratamento rápidos.",Fase Aguda,"#Diagnóstico, #Sepse",Manejo_Chikungunya_2ed.md,34,5,100.0
chikungunya_qa_0296,Médica,Quais são os sintomas que indicam a presença de sepse bacteriana?,"A sepse bacteriana é caracterizada por febre, hipotensão, taquicardia, alterações do estado mental e, potencialmente, falência de múltiplos órgãos. O diagnóstico e tratamento rápidos são essenciais.","sepse bacteriana: caracterizada por febre, hipotensão, taquicardia, alterações do estado mental e, potencialmente, falência de múltiplos órgãos. A sepse requer diagnóstico e tratamento rápidos.",Fase Aguda,"#Sintomas, #SepseBacteriana",Manejo_Chikungunya_2ed.md,34,6,95.0
chikungunya_qa_0297,Paciente,O que pode acontecer se eu não tiver febre mas tiver dor nas articulações?,"Alguns pacientes, especialmente idosos, podem não apresentar febre, mas ainda assim podem ter chikungunya. Isso significa que a dor nas articulações é um sinal importante a ser considerado, mesmo sem febre.","Ressalta-se que alguns pacientes, especialmente idosos, podem não apresentar febre, e que podem ocorrer manifestações extra-articulares, inclusive graves, mesmo em casos que não atendam plenamente à definição clássica.",Fase Aguda,"#Sintomas, #Chikungunya",Manejo_Chikungunya_2ed.md,35,1,95.0
chikungunya_qa_0298,Paciente,Quais são as fases da chikungunya?,"A chikungunya pode se manifestar em diferentes fases: a fase aguda ocorre até 16 dias após o início dos sintomas, seguida pela fase pós-aguda e, por último, a fase crônica, quando os sintomas articulares persistem por mais de 90 dias.","A doença pode se manifestar em diferentes fases. A fase aguda ocorre até 16 dias do início dos sintomas. Após esse período, pode evoluir para a fase pós-aguda e, posteriormente, para a fase crônica, quando os sintomas articulares persistem por mais de 90 dias.",Fase Crônica/Subaguda,"#Fases, #Chikungunya",Manejo_Chikungunya_2ed.md,35,1,100.0
chikungunya_qa_0299,Médica,Quais são os critérios para considerar um caso suspeito de chikungunya?,"Um caso suspeito de chikungunya é definido por paciente que apresenta febre e artralgia ou artrite não explicadas por outras condições, com início súbito geralmente até duas semanas antes, ou que tenha vínculo epidemiológico com caso confirmado.","Considera-se caso suspeito todo paciente que apresenta febre e artralgia ou artrite não explicadas por outras condições, com início súbito, geralmente até duas semanas antes, ou que possua vínculo epidemiológico com caso confirmado.",Fase Aguda,"#Critérios, #Chikungunya",Manejo_Chikungunya_2ed.md,35,1,100.0
chikungunya_qa_0300,Paciente,O que acontece se os sintomas de chikungunya persistirem?,"Se os sintomas de chikungunya persistirem por mais de 90 dias, você pode estar na fase crônica da doença, onde a dor nas articulações continua. É importante notar que a chikungunya pode se manifestar em diferentes fases: a fase aguda ocorre até 16 dias após o início dos sintomas, seguida pela fase pós-aguda e, finalmente, a fase crônica. Além das manifestações articulares, a chikungunya pode apresentar formas com manifestações extra-articulares ou evoluir para formas graves. Pacientes com maior risco incluem idosos, especialmente aqueles acima de 65 anos, indivíduos com comorbidades, neonatos e aqueles com sinais de gravidade, como manifestações hemorrágicas ou sintomas que coloquem a vida em risco. Esses pacientes devem ser avaliados quanto à necessidade de internação. Já os pacientes pertencentes a grupos de risco ou que apresentem manifestações extra-articulares sem sinais de gravidade podem ser acompanhados ambulatorialmente, em observação, até a realização de exames necessários e reavaliação clínica.",quando os sintomas articulares persistem por mais de 90 dias.,Fase Crônica/Subaguda,"#Evolução, #Chikungunya",Manejo_Chikungunya_2ed.md,35,2,91.25
chikungunya_qa_0301,Médica,Quais são as manifestações que podem ocorrer em casos graves de chikungunya?,"As complicações podem atingir diversos sistemas, incluindo miocardite, pericardite, insuficiência cardíaca, arritmias, pneumonite, encefalite, insuficiência renal aguda, entre outros. Manifestações articulares podem até estar ausentes em algumas situações.","As complicações podem atingir diversos sistemas: no sistema cardiovascular, podem ocorrer miocardite, pericardite, insuficiência cardíaca...",Fase Aguda,"#Complicações, #Chikungunya",Manejo_Chikungunya_2ed.md,35,2,95.0
chikungunya_qa_0302,Paciente,Quais são os grupos de pessoas que têm maior risco em relação à doença?,"Os grupos de maior risco incluem idosos, especialmente aqueles acima de 65 anos, pessoas com outras doenças, recém-nascidos e aqueles que têm sinais de gravidade, como sangramentos ou sintomas que podem colocar a vida em risco.","Pacientes com maior risco incluem idosos (especialmente acima de 65 anos), indivíduos com comorbidades, neonatos e aqueles com sinais de gravidade, como manifestações hemorrágicas ou sintomas que coloquem a vida em risco.",Fase Crônica/Subaguda,"#Epidemiologia, #Risco",Manejo_Chikungunya_2ed.md,36,1,100.0
chikungunya_qa_0303,Paciente,O que acontece se eu tiver manifestações extra-articulares?,"Se você tiver manifestações extra-articulares sem sinais de gravidade, pode ser acompanhado em casa, em observação, até que sejam feitos os exames necessários e uma nova avaliação clínica.","Já os pacientes pertencentes a grupos de risco ou que apresentem manifestações extra-articulares sem sinais de gravidade podem ser acompanhados ambulatorialmente, em observação, até a realização de exames necessários e reavaliação clínica.",Fase Aguda,"#Tratamento, #Acompanhamento",Manejo_Chikungunya_2ed.md,36,1,95.0
chikungunya_qa_0304,Paciente,É normal não ter febre quando estou doente?,"Sim, em alguns casos, especialmente em idosos, os pacientes podem não apresentar febre.","em alguns casos os pacientes podem não apresentar febre, principalmente se forem idosos;",Fase Aguda,"#Sintomas, #Febre",Manejo_Chikungunya_2ed.md,36,1,100.0
chikungunya_qa_0305,Médica,Quais são as indicações para internação de pacientes com risco?,"Os pacientes com maior risco, que apresentem sinais de gravidade, como manifestações hemorrágicas ou sintomas que coloquem a vida em risco, devem ser avaliados quanto à necessidade de internação.",Esses pacientes devem ser avaliados quanto à necessidade de internação.,Fase Aguda,"#Critérios, #Internação",Manejo_Chikungunya_2ed.md,36,1,95.0
chikungunya_qa_0306,Paciente,Quais grupos de pessoas têm maior risco de complicações?,"Os grupos de maior risco incluem idosos, especialmente aqueles acima de 65 anos, indivíduos com outras doenças, neonatos e pessoas com sinais de gravidade, como hemorragias ou sintomas que coloquem a vida em risco.","Pacientes com maior risco incluem idosos (especialmente acima de 65 anos), indivíduos com comorbidades, neonatos e aqueles com sinais de gravidade, como manifestações hemorrágicas ou sintomas que coloquem a vida em risco.",Fase Crônica/Subaguda,"#Risco, #Complicações",Manejo_Chikungunya_2ed.md,36,2,100.0
chikungunya_qa_0307,Paciente,"O que devo fazer se não tiver febre, mas tiver outros sintomas?","Se você não apresentar febre, mas tiver outros sintomas, é importante consultar um médico, pois alguns pacientes, especialmente os mais velhos, podem não ter febre e ainda assim ter a doença.","em alguns casos os pacientes podem não apresentar febre, principalmente se forem idosos;",Fase Aguda,"#Sintomas, #Orientação",Manejo_Chikungunya_2ed.md,36,2,95.0
chikungunya_qa_0308,Paciente,Como é o início da febre na doença?,O início da febre geralmente ocorre de forma repentina.,"o início da febre, em geral, ocorre subitamente;",Fase Aguda,"#Sintomas, #Febre",Manejo_Chikungunya_2ed.md,36,2,100.0
chikungunya_qa_0309,Médica,Quais pacientes devem ser internados?,"Pacientes com maior risco, como idosos, indivíduos com comorbidades, neonatos e aqueles com sinais de gravidade, como manifestações hemorrágicas, devem ser avaliados quanto à necessidade de internação.",Esses pacientes devem ser avaliados quanto à necessidade de internação.,Fase Aguda,"#Critérios, #Internação",Manejo_Chikungunya_2ed.md,36,2,100.0
chikungunya_qa_0310,Médica,Quais cuidados os profissionais de saúde devem oferecer?,"Os profissionais de saúde devem intervir rapidamente, oferecendo cuidados de suporte e tratamento específico conforme a complicação apresentada, seguindo protocolos e diretrizes estabelecidos, além de observar atentamente as indicações e contraindicações dos medicamentos utilizados.","os profissionais de saúde devem estar preparados para intervir rapidamente, oferecendo cuidados de suporte e tratamento específico conforme a complicação apresentada, seguindo protocolos e diretrizes estabelecidos, além de observar atentamente as indicações e contraindicações dos medicamentos utilizados.",Fase Aguda,"#Tratamento, #Cuidados",Manejo_Chikungunya_2ed.md,36,2,100.0
chikungunya_qa_0311,Paciente,Quem está em maior risco de complicações?,"Idosos, especialmente aqueles acima de 65 anos, pessoas com outras doenças, recém-nascidos e aqueles que apresentam sinais de gravidade, como sangramentos ou sintomas que colocam a vida em risco.","Pacientes com maior risco incluem idosos (especialmente acima de 65 anos), indivíduos com comorbidades, neonatos e aqueles com sinais de gravidade, como manifestações hemorrágicas ou sintomas que coloquem a vida em risco.",Fase Crônica/Subaguda,"#Risco, #Complicações",Manejo_Chikungunya_2ed.md,36,3,100.0
chikungunya_qa_0312,Paciente,O que acontece se eu não tiver febre?,"Alguns pacientes, especialmente os mais velhos, podem não apresentar febre, mas isso não significa que não estejam doentes.","em alguns casos os pacientes podem não apresentar febre, principalmente se forem idosos;",Fase Aguda,"#Sintomas, #Febre",Manejo_Chikungunya_2ed.md,36,3,95.0
chikungunya_qa_0313,Médica,Quais são os critérios para internação de pacientes com risco?,"Os critérios para internação de pacientes com risco incluem: 1) Idosos, especialmente aqueles acima de 65 anos; 2) Indivíduos com comorbidades; 3) Neonatos; 4) Pacientes que apresentam sinais de gravidade, como manifestações hemorrágicas ou sintomas que coloquem a vida em risco. Esses pacientes devem ser avaliados quanto à necessidade de internação. Além disso, é importante observar que, em alguns casos, os pacientes podem não apresentar febre, especialmente se forem idosos, e que o início da febre geralmente ocorre de forma súbita. Também é relevante considerar que alguns casos podem apresentar manifestações extra-articulares, e há situações em que pacientes não atendem à definição de casos de chikungunya, mas ainda assim apresentam manifestações extra-articulares, inclusive graves. Portanto, a avaliação deve ser cuidadosa e seguir os protocolos e diretrizes estabelecidos.",esses pacientes devem ser avaliados quanto à necessidade de internação.,Fase Crônica/Subaguda,"#Critérios, #Internação",Manejo_Chikungunya_2ed.md,36,3,91.25
chikungunya_qa_0314,Médica,Quais são as recomendações para profissionais de saúde em casos de complicações?,"Os profissionais de saúde devem estar preparados para intervir rapidamente, oferecendo cuidados de suporte e tratamento específico conforme a complicação apresentada, seguindo protocolos e diretrizes estabelecidos.","destaca-se que os profissionais de saúde devem estar preparados para intervir rapidamente, oferecendo cuidados de suporte e tratamento específico conforme a complicação apresentada, seguindo protocolos e diretrizes estabelecidos.",Fase Aguda,"#Cuidados, #Protocolos",Manejo_Chikungunya_2ed.md,36,3,95.0
chikungunya_qa_0315,Paciente,Quais são os sinais que indicam que eu posso estar em risco com a doença?,"Os sinais que indicam maior risco incluem ser idoso (especialmente acima de 65 anos), ter outras doenças, ser recém-nascido ou apresentar sintomas graves, como sangramentos ou sintomas que podem colocar a vida em risco.","Pacientes com maior risco incluem idosos (especialmente acima de 65 anos), indivíduos com comorbidades, neonatos e aqueles com sinais de gravidade, como manifestações hemorrágicas ou sintomas que coloquem a vida em risco.",Fase Crônica/Subaguda,"#Risco, #Sintomas",Manejo_Chikungunya_2ed.md,36,4,100.0
chikungunya_qa_0316,Paciente,O que acontece se eu tiver manifestações fora das articulações?,"Se você tiver manifestações fora das articulações, pode ser que não atenda à definição de casos de chikungunya, mas ainda assim é importante ser avaliado, pois algumas dessas manifestações podem ser graves.","Podem haver casos que não atendam à definição de casos de chikungunya e apresentem manifestações extra-articulares, inclusive graves.",Fase Aguda,"#Manifestações, #Sintomas",Manejo_Chikungunya_2ed.md,36,4,95.0
chikungunya_qa_0317,Paciente,É normal não ter febre mesmo estando doente?,"Sim, em alguns casos, especialmente em idosos, os pacientes podem não apresentar febre, mesmo estando doentes.","em alguns casos os pacientes podem não apresentar febre, principalmente se forem idosos;",Fase Aguda,"#Sintomas, #Febre",Manejo_Chikungunya_2ed.md,36,4,100.0
chikungunya_qa_0318,Médica,Quais fatores devem ser considerados para a internação de um paciente?,"A internação deve ser considerada para pacientes com sinais de gravidade, como manifestações hemorrágicas ou sintomas que coloquem a vida em risco, além de idosos, indivíduos com comorbidades e neonatos.",Esses pacientes devem ser avaliados quanto à necessidade de internação.,Fase Aguda,"#Internação, #Critérios",Manejo_Chikungunya_2ed.md,36,5,100.0
chikungunya_qa_0319,Paciente,Quais são os sintomas que podem indicar que estou em maior risco com a doença?,Os sintomas que podem indicar maior risco incluem manifestações hemorrágicas ou sintomas que coloquem a vida em risco.,"Pacientes com maior risco incluem idosos (especialmente acima de 65 anos), indivíduos com comorbidades, neonatos e aqueles com sinais de gravidade, como manifestações hemorrágicas ou sintomas que coloquem a vida em risco.",Fase Aguda,"#Sintomas, #Risco",Manejo_Chikungunya_2ed.md,36,6,100.0
chikungunya_qa_0320,Paciente,"Se eu não tiver febre, isso é normal?","Sim, em alguns casos, os pacientes podem não apresentar febre, especialmente se forem idosos.","em alguns casos os pacientes podem não apresentar febre, principalmente se forem idosos;",Fase Aguda,"#Sintomas, #Febre",Manejo_Chikungunya_2ed.md,36,6,100.0
chikungunya_qa_0321,Médica,Quais critérios devem ser considerados para a internação de pacientes com risco?,"Os pacientes com maior risco, como idosos, indivíduos com comorbidades, neonatos e aqueles com sinais de gravidade, devem ser avaliados quanto à necessidade de internação.",Esses pacientes devem ser avaliados quanto à necessidade de internação.,Fase Aguda,"#Critérios, #Internação",Manejo_Chikungunya_2ed.md,36,6,100.0
chikungunya_qa_0322,Paciente,Como posso saber se a dor nas articulações é causada pela chikungunya?,"Você deve descrever as características da dor, como duração, intensidade e em quais articulações está sentindo dor.","investigar as queixas articulares, incluindo características da dor (duração, intensidade, localização das articulações primariamente afetadas, progressão para outras articulações e periodicidade das dores)",Fase Aguda,"#Sintomas, #Chikungunya",Manejo_Chikungunya_2ed.md,37,1,100.0
chikungunya_qa_0323,Médica,Quais são os critérios para investigar sintomas neurológicos em pacientes com chikungunya?,"Os sintomas neurológicos a serem investigados incluem convulsões, paresia, parestesia, tontura, alteração do nível de consciência e cefaleia.","investigar sintomas neurológicos como convulsões, paresia, parestesia, tontura, alteração do nível de consciência e cefaleia;",Fase Aguda,"#Sintomas, #Chikungunya",Manejo_Chikungunya_2ed.md,37,1,100.0
chikungunya_qa_0324,Médica,Quais antecedentes pessoais devem ser considerados na anamnese de um paciente com chikungunya?,"Registre informações sobre comorbidades e condições médicas preexistentes, como história de convulsão febril, diabetes, asma, insuficiência cardíaca, doenças reumatológicas, anemia falciforme, talassemia e hipertensão arterial sistêmica.","antecedentes pessoais: registrar informações sobre comorbidades e condições médicas preexistentes (como história de convulsão febril, diabetes, asma, insuficiência cardíaca, doenças reumatológicas, anemia falciforme, talassemia e hipertensão arterial sistêmica), bem como uso de medicamentos;",Fase Aguda,"#Antecedentes, #Chikungunya",Manejo_Chikungunya_2ed.md,37,1,95.0
chikungunya_qa_0325,Paciente,Como posso saber a duração dos meus sintomas de chikungunya?,Você deve observar por quanto tempo seus sintomas estão durando e se houve alguma mudança ao longo do tempo.,duração e progressão: perguntar a duração dos sintomas e se houve alguma mudança ao longo do tempo;,Fase Aguda,#Sintomas,Manejo_Chikungunya_2ed.md,37,2,95.0
chikungunya_qa_0326,Paciente,O que devo fazer se sentir dor nas articulações?,"É importante descrever a intensidade da dor, quanto tempo ela dura e quais articulações estão afetadas.","investigar as queixas articulares, incluindo características da dor (duração, intensidade, localização das articulações primariamente afetadas, progressão para outras articulações e periodicidade das dores)",Fase Aguda,#Sintomas,Manejo_Chikungunya_2ed.md,37,2,95.0
chikungunya_qa_0327,Médica,Quais são os principais sintomas a serem investigados na anamnese de um paciente com chikungunya?,"Os principais sintomas a serem investigados incluem febre, queixas articulares, sintomas respiratórios, comprometimentos cardiovasculares, neurológicos, cutâneos, oculares e digestivos.",Realizar um interrogatório sistemático ou sintomatológico para investigar outros sintomas e detalhes relacionados à chikungunya: * febre: caracterizar a febre... * queixas articulares... * sintomas respiratórios... * aparelho cardiovascular... * sintomas neurológicos... * manifestações cutâneas... * queixas oculares... * queixas digestivas.,Fase Aguda,"#Sintomas, #Anamnese",Manejo_Chikungunya_2ed.md,37,2,100.0
chikungunya_qa_0328,Paciente,Como posso saber se a dor que estou sentindo é por causa da chikungunya?,"Para saber se a dor nas articulações é causada pela chikungunya, você deve observar a duração, intensidade e se a dor se espalha para outras articulações ao longo do tempo.","investigar as queixas articulares, incluindo características da dor (duração, intensidade, localização das articulações primariamente afetadas, progressão para outras articulações e periodicidade das dores)",Fase Aguda,"#Sintomas, #Chikungunya",Manejo_Chikungunya_2ed.md,37,3,95.0
chikungunya_qa_0329,Paciente,O que significa ter erupções cutâneas se eu tiver chikungunya?,"Erupções cutâneas podem ser um sintoma da chikungunya e podem incluir manchas na pele, prurido e outras alterações. É importante relatar essas mudanças ao médico.","pesquisar alterações na pele como erupções cutâneas, prurido, descamação, hiperpigmentação, lesões por fotossensibilidade",Fase Aguda,"#Sintomas, #Chikungunya",Manejo_Chikungunya_2ed.md,37,3,90.0
chikungunya_qa_0330,Paciente,Como é a dor nas articulações causada pela chikungunya?,"A dor nas articulações causada pela chikungunya é caracterizada por sua intensidade variável, podendo ser leve a intensa, e pode afetar diferentes articulações ao longo do tempo. Inicialmente, a dor pode surgir em articulações específicas, como mãos, punhos, tornozelos e joelhos, e pode se espalhar para outras articulações. A duração da dor pode ser prolongada, com episódios que podem durar semanas ou até meses. Além disso, a dor pode apresentar características como ser pulsátil, em queimação ou aguda, e pode ser acompanhada de rigidez articular, especialmente pela manhã. É importante observar que a dor pode ter uma periodicidade, com períodos de exacerbação e remissão. Caso haja queixas de dor lombar, é fundamental investigar se há indícios que possam diferenciá-la de outras causas, como problemas musculoesqueléticos ou neuropáticos. A intensidade e a localização da dor devem ser avaliadas em cada consulta, pois podem mudar ao longo do tempo, refletindo a progressão da doença.","investigar as queixas articulares, incluindo características da dor (duração, intensidade, localização das articulações primariamente afetadas, progressão para outras articulações e periodicidade das dores)",Fase Crônica/Subaguda,"#Sintomas, #Chikungunya",Manejo_Chikungunya_2ed.md,37,4,92.5
chikungunya_qa_0331,Paciente,O que eu posso esperar em relação à febre se tiver chikungunya?,"A febre pode ter diferentes intensidades e durações, e pode ser acompanhada de sintomas como calafrios e sudorese excessiva.","caracterizar a febre, incluindo intensidade, duração (em dias) e sintomas associados, como calafrios, sudorese excessiva etc.;",Fase Aguda,"#Sintomas, #Chikungunya",Manejo_Chikungunya_2ed.md,37,4,95.0
chikungunya_qa_0332,Médica,Como deve ser caracterizada a febre em pacientes com chikungunya?,"A febre deve ser caracterizada pela intensidade, duração em dias e sintomas associados, como calafrios e sudorese excessiva.","caracterizar a febre, incluindo intensidade, duração (em dias) e sintomas associados, como calafrios, sudorese excessiva etc.;",Fase Aguda,"#Sintomas, #Chikungunya",Manejo_Chikungunya_2ed.md,37,4,100.0
chikungunya_qa_0333,Paciente,Quais são os sintomas que eu devo descrever se tiver chikungunya?,"Se você tiver chikungunya, deve descrever os seguintes sintomas: febre, que pode variar em intensidade e duração, acompanhada de calafrios e sudorese excessiva; dor nas articulações, que pode ser intensa e afetar várias articulações, com características como duração, intensidade, localização das articulações primariamente afetadas, progressão para outras articulações e periodicidade das dores; erupções cutâneas, que podem incluir prurido, descamação, hiperpigmentação, lesões por fotossensibilidade, lesões simulando eritema nodoso, úlceras orais, bolhas e vesículas; além de sintomas respiratórios que podem estar associados a complicações, como tosse ou dificuldade para respirar. Também é importante relatar qualquer dor ou desconforto torácico, palpitações, dispneia, ortopneia, lipotimia, dispneia paroxística noturna (DPN) e edema, que podem indicar comprometimentos extra-articulares graves. Sintomas neurológicos, como convulsões, paresia, parestesia, tontura, alteração do nível de consciência e cefaleia, devem ser mencionados, assim como queixas oculares, como dor ocular, diminuição da acuidade visual, turvação visual, moscas volantes e olho vermelho. Por fim, não se esqueça de relatar queixas digestivas, como dor abdominal, diarreia e vômitos.","sintomas iniciais: pedir ao paciente para descrever os sintomas iniciais, como febre, dor nas articulações, erupções cutâneas e outros;",Fase Aguda,#Sintomas,Manejo_Chikungunya_2ed.md,37,5,92.5
chikungunya_qa_0334,Paciente,Como posso descrever a dor nas articulações que sinto?,"Você deve informar a duração, intensidade, localização das articulações que doem e se a dor se espalha para outras articulações.","investigar as queixas articulares, incluindo características da dor (duração, intensidade, localização das articulações primariamente afetadas, progressão para outras articulações e periodicidade das dores)",Fase Aguda,#Sintomas,Manejo_Chikungunya_2ed.md,37,5,100.0
chikungunya_qa_0335,Paciente,Quais são as queixas digestivas que devo investigar se tiver chikungunya?,"Você deve investigar a presença de dor abdominal, diarreia e vômitos.","* queixas digestivas: investigar a presença de dor abdominal, diarreia e vômitos.",Fase Aguda,"#Sintomas, #Chikungunya",Manejo_Chikungunya_2ed.md,38,1,100.0
chikungunya_qa_0336,Paciente,O que são antecedentes pessoais e por que são importantes?,"Antecedentes pessoais incluem informações sobre condições médicas que você já teve, como diabetes ou asma, e o uso de medicamentos. Eles são importantes para entender sua saúde geral e como isso pode afetar a chikungunya.","* antecedentes pessoais: registrar informações sobre comorbidades e condições médicas preexistentes (como história de convulsão febril, diabetes, asma, insuficiência cardíaca, doenças reumatológicas, anemia falciforme, talassemia e hipertensão arterial sistêmica), bem como uso de medicamentos;",Fase Aguda,"#HistóriaPessoal, #Chikungunya",Manejo_Chikungunya_2ed.md,38,1,95.0
chikungunya_qa_0337,Médica,Quais antecedentes epidemiológicos devem ser investigados em pacientes com chikungunya?,"Devem ser investigados a exposição recente a áreas de risco para a transmissão do vírus chikungunya, picadas de mosquitos, e o histórico de viagens para áreas endêmicas/epidêmicas de chikungunya, além da exposição a áreas com transmissão de malária, Mayaro ou febre maculosa brasileira.","* exposição: perguntar sobre a exposição recente a áreas de risco para a transmissão do vírus chikungunya, picadas de mosquitos ou exposição a carrapatos; * história de viagem: obter informações a respeito da procedência do paciente e do histórico de viagens para áreas endêmicas/epidêmicas de chikungunya. Verificar a exposição a áreas de transmissão de malária, Mayaro ou outras doenças transmitidas por mosquito. Verificar a exposição a áreas com transmissão de febre maculosa brasileira.",Fase Aguda,"#Epidemiologia, #Chikungunya",Manejo_Chikungunya_2ed.md,38,1,100.0
chikungunya_qa_0338,Médica,Como deve ser conduzido o exame físico em casos suspeitos de chikungunya?,"O exame físico deve ser conduzido de forma sistematizada, observando sinais e sintomas que possam indicar complicações dos aparelhos respiratório e cardiovascular, além de aferir a pressão arterial em duas posições para verificar o status hemodinâmico do paciente.","O exame físico é uma etapa fundamental para a avaliação clínica inicial e o monitoramento de casos suspeitos ou confirmados de chikungunya. Durante o exame, é importante observar sinais e sintomas que possam indicar complicações dos aparelhos respiratório e cardiovascular. O exame deve ser conduzido de forma sistematizada, dando especial atenção aos seguintes aspectos: **Sinais vitais:** * pressão arterial: aferição da pressão arterial em duas posições (ortostático e sentado/ decúbito) para verificar o status hemodinâmico do paciente.",Fase Aguda,"#ExameFísico, #Chikungunya",Manejo_Chikungunya_2ed.md,38,1,95.0
chikungunya_qa_0339,Paciente,Quais são as queixas digestivas que podem ocorrer com a chikungunya?,"As principais queixas digestivas que podem ocorrer são dor abdominal, diarreia e vômitos.","* queixas digestivas: investigar a presença de dor abdominal, diarreia e vômitos.",Fase Aguda,"#Sintomas, #Chikungunya",Manejo_Chikungunya_2ed.md,38,2,100.0
chikungunya_qa_0340,Paciente,O que devo saber sobre os hábitos de vida e sua relação com a chikungunya?,"É importante investigar hábitos de vida como tabagismo, consumo abusivo de álcool e uso de drogas psicoativas, pois eles podem influenciar a experiência com a chikungunya.","**Hábitos de vida** Explorar os hábitos de vida do paciente como tabagismo, consumo abusivo de álcool, drogas psicoativas de abuso.",Fase Aguda,"#HábitosDeVida, #Chikungunya",Manejo_Chikungunya_2ed.md,38,2,95.0
chikungunya_qa_0341,Paciente,Como a história psicossocial pode afetar meu tratamento para a chikungunya?,"A história psicossocial, incluindo condições socioeconômicas e acesso a cuidados de saúde, pode influenciar sua experiência com a chikungunya e o suporte emocional que você recebe.","**História psicossocial** Finalmente, considerar a história psicossocial do paciente, incluindo condições socioeconômicas, ocupacionais e culturais que possam influenciar a experiência do paciente com a chikungunya.",Fase Aguda,"#HistóriaPsicossocial, #Chikungunya",Manejo_Chikungunya_2ed.md,38,2,95.0
chikungunya_qa_0342,Paciente,Quais informações sobre doenças eu preciso contar ao médico?,"Você deve informar sobre comorbidades e condições médicas que já teve, como convulsões febris, diabetes, asma, insuficiência cardíaca, doenças reumatológicas, anemia falciforme, talassemia e hipertensão arterial. Também é importante mencionar os medicamentos que você está usando.","antecedentes pessoais: registrar informações sobre comorbidades e condições médicas preexistentes (como história de convulsão febril, diabetes, asma, insuficiência cardíaca, doenças reumatológicas, anemia falciforme, talassemia e hipertensão arterial sistêmica), bem como uso de medicamentos;",Fase Aguda,"#Antecedentes, #HistóriaClínica",Manejo_Chikungunya_2ed.md,38,3,100.0
chikungunya_qa_0343,Paciente,O que eu devo contar sobre viagens que fiz?,"Você precisa informar sobre suas viagens recentes, especialmente para áreas onde o vírus chikungunya é comum, e se teve picadas de mosquitos ou contato com carrapatos.","história de viagem: obter informações a respeito da procedência do paciente e do histórico de viagens para áreas endêmicas/epidêmicas de chikungunya. Verificar a exposição a áreas de transmissão de malária, Mayaro ou outras doenças transmitidas por mosquito.",Fase Aguda,"#Epidemiologia, #HistóriaDeViagem",Manejo_Chikungunya_2ed.md,38,3,95.0
chikungunya_qa_0344,Médica,Quais são os critérios para a anamnese de um paciente com chikungunya?,"A anamnese deve incluir antecedentes pessoais, antecedentes familiares e epidemiológicos, além de hábitos de vida, uso de medicações e história psicossocial. Isso ajuda a coletar informações relevantes para orientar o diagnóstico e o tratamento da chikungunya de forma eficaz.","Certificar-se de conduzir a anamnese de maneira completa e organizada, usando este roteiro como guia. Isso ajudará a coletar informações relevantes para orientar o diagnóstico e o tratamento da chikungunya de forma eficaz.",Fase Aguda,"#Anamnese, #Chikungunya",Manejo_Chikungunya_2ed.md,38,3,100.0
chikungunya_qa_0345,Paciente,"O que devo investigar sobre dor abdominal, diarreia e vômitos?","Você deve verificar se está sentindo dor na barriga, se tem diarreia ou se está vomitando. Essas são queixas que podem ajudar a entender o que está acontecendo com a sua saúde.","queixas digestivas: investigar a presença de dor abdominal, diarreia e vômitos.",Fase Aguda,"#Sintomas, #QueixasDigestivas",Manejo_Chikungunya_2ed.md,38,4,90
chikungunya_qa_0346,Médica,Quais são os aspectos a serem observados durante o exame físico para chikungunya?,"O exame deve ser conduzido de forma sistematizada, dando especial atenção aos sinais vitais, como aferição da pressão arterial em duas posições (ortostático e sentado/decúbito).","O exame deve ser conduzido de forma sistematizada, dando especial atenção aos seguintes aspectos: Sinais vitais: pressão arterial: aferição da pressão arterial em duas posições (ortostático e sentado/ decúbito) para verificar o status hemodinâmico do paciente.",Fase Aguda,"#ExameFísico, #SinaisVitais",Manejo_Chikungunya_2ed.md,38,4,90.0
chikungunya_qa_0347,Médica,O que deve ser investigado nos antecedentes epidemiológicos de um paciente com chikungunya?,"Deve-se investigar a exposição recente a áreas de risco para a transmissão do vírus chikungunya, picadas de mosquitos ou exposição a carrapatos, além da história de viagem para áreas endêmicas/epidêmicas de chikungunya.","Investigar os antecedentes epidemiológicos para avaliar a exposição do paciente: exposição: perguntar sobre a exposição recente a áreas de risco para a transmissão do vírus chikungunya, picadas de mosquitos ou exposição a carrapatos; história de viagem: obter informações a respeito da procedência do paciente e do histórico de viagens para áreas endêmicas/epidêmicas de chikungunya.",Fase Aguda,"#AntecedentesEpidemiológicos, #Exposição",Manejo_Chikungunya_2ed.md,38,4,95.0
chikungunya_qa_0348,Paciente,Quais são as informações que devo passar sobre doenças que já tive?,"Você deve informar ao médico sobre suas condições médicas preexistentes, como convulsões febris, diabetes, asma, insuficiência cardíaca, doenças reumatológicas, anemia falciforme, talassemia e hipertensão arterial. Isso é importante para um diagnóstico adequado.","antecedentes pessoais: registrar informações sobre comorbidades e condições médicas preexistentes (como história de convulsão febril, diabetes, asma, insuficiência cardíaca, doenças reumatológicas, anemia falciforme, talassemia e hipertensão arterial sistêmica), bem como uso de medicamentos;",Fase Aguda,"#Antecedentes, #Chikungunya",Manejo_Chikungunya_2ed.md,38,5,100.0
chikungunya_qa_0349,Paciente,O que devo contar ao médico sobre os medicamentos que estou usando?,"É importante informar ao médico sobre todos os medicamentos que você está tomando, tanto para doenças crônicas quanto para a chikungunya, como anti-inflamatórios não esteroidais, corticoesteroides e analgésicos.","Interrogar sobre o uso de medicamentos tanto para doenças crônicas como para a chikungunya (anti-inflamatórios não esteroidais, corticoesteroides, analgésicos).",Fase Crônica/Subaguda,"#Medicação, #Chikungunya",Manejo_Chikungunya_2ed.md,38,6,100.0
chikungunya_qa_0350,Médica,Quais são os antecedentes pessoais que devem ser registrados durante a anamnese?,"Devem ser registrados antecedentes pessoais como comorbidades e condições médicas preexistentes, incluindo história de convulsão febril, diabetes, asma, insuficiência cardíaca, doenças reumatológicas, anemia falciforme, talassemia e hipertensão arterial sistêmica, além do uso de medicamentos.","antecedentes pessoais: registrar informações sobre comorbidades e condições médicas preexistentes (como história de convulsão febril, diabetes, asma, insuficiência cardíaca, doenças reumatológicas, anemia falciforme, talassemia e hipertensão arterial sistêmica), bem como uso de medicamentos.",Fase Aguda,"#Anamnese, #AntecedentesPessoais",Manejo_Chikungunya_2ed.md,38,6,100.0
chikungunya_qa_0351,Médica,Quais aspectos devem ser considerados na história psicossocial do paciente?,"Na história psicossocial do paciente, devem ser consideradas condições socioeconômicas, ocupacionais e culturais que possam influenciar a experiência do paciente com a chikungunya, como acesso a cuidados de saúde e suporte emocional.","considerar a história psicossocial do paciente, incluindo condições socioeconômicas, ocupacionais e culturais que possam influenciar a experiência do paciente com a chikungunya, como acesso a cuidados de saúde e suporte emocional.",Fase Aguda,"#HistóriaPsicossocial, #Chikungunya",Manejo_Chikungunya_2ed.md,38,6,100.0
chikungunya_qa_0352,Paciente,Quais sinais eu preciso ficar atento durante o exame físico se tiver chikungunya?,"Durante o exame físico em casos de chikungunya, é fundamental observar diversos sinais e sintomas que podem indicar complicações. Primeiramente, a aferição da pressão arterial deve ser realizada em duas posições: ortostática e sentado/de cúbito, para verificar o status hemodinâmico do paciente, prestando atenção a sinais de hipotensão ou hipotensão postural, que podem indicar choque. Em relação aos sinais vitais, a avaliação das frequências cardíaca e respiratória é crucial, pois taquipneia, dispneia, taquicardia, bradicardia ou arritmias podem sugerir agravamento ou complicações cardíacas e pulmonares. Além disso, é importante registrar a temperatura axilar para verificar a presença de febre, uma vez que febre persistente ou alta pode ser um sinal de agravamento. No exame da pele, deve-se verificar a presença de cianose, que pode indicar complicações respiratórias ou cardíacas, e examinar em busca de lesões maculares, papulares, vesiculares e bolhosas, além de sinais de petéquias, equimoses ou sangramento subcutâneo. A ausculta pulmonar é necessária para identificar sons anormais, como crepitações, roncos ou estertores, que podem indicar pneumonia ou edema pulmonar. A ausculta cardíaca deve ser realizada para identificar sopros, arritmias ou outros sinais de complicações cardíacas. É essencial estar vigilante para identificar sinais de complicações do aparelho respiratório e circulatório, como pneumonia e miocardite. Um exame neurológico completo deve ser realizado, especialmente se houver queixas neurológicas, observando sinais de comprometimento neurológico grave, como convulsões, paresia, parestesia ou alteração do nível de consciência. Por fim, um exame oftalmológico deve ser feito se houver queixas oculares, observando sinais de uveíte, retinite ou outras complicações oculares que possam indicar agravamento.","O exame físico é uma etapa fundamental para a avaliação clínica inicial e o monitoramento de casos suspeitos ou confirmados de chikungunya. Durante o exame, é importante observar sinais e sintomas que possam indicar complicações dos aparelhos respiratório e cardiovascular.",Fase Crônica/Subaguda,"#Sintomas, #ExameFísico",Manejo_Chikungunya_2ed.md,39,1,100
chikungunya_qa_0353,Paciente,O que a febre alta pode indicar para mim?,"A febre alta ou persistente pode ser um sinal de agravamento da sua condição de saúde, então é importante monitorá-la.",A febre persistente ou a febre alta podem ser um sinal de agravamento.,Fase Crônica/Subaguda,"#Sintomas, #Agravamento",Manejo_Chikungunya_2ed.md,39,1,100.0
chikungunya_qa_0354,Médica,Quais são os sinais vitais que devem ser aferidos durante o exame físico de um paciente com chikungunya?,"Devem ser aferidos a pressão arterial em duas posições, a frequência cardíaca e respiratória, e a temperatura axilar. É crucial observar sinais de hipotensão, taquipneia e arritmias.","Sinais vitais: pressão arterial: aferição da pressão arterial em duas posições (ortostático e sentado/ decúbito) para verificar o status hemodinâmico do paciente. Deve-se estar atento a sinais de hipotensão ou hipotensão postural, que podem indicar choque.",Fase Aguda,"#SinaisVitais, #ExameFísico",Manejo_Chikungunya_2ed.md,39,1,100.0
chikungunya_qa_0355,Médica,Quais complicações devem ser monitoradas em pacientes com chikungunya durante o exame físico?,"Complicações do aparelho respiratório, como pneumonia, e do aparelho circulatório, como sinais de miocardite e insuficiência cardíaca, devem ser monitoradas durante o exame físico.","deve-se estar particularmente vigilante durante o exame físico para identificar sinais de complicações do aparelho respiratório, como pneumonia, e complicações do aparelho circulatório, como sinais de miocardite, arritmias e insuficiência cardíaca.",Fase Aguda,"#Complicações, #ExameFísico",Manejo_Chikungunya_2ed.md,39,1,95.0
chikungunya_qa_0356,Paciente,Quais sinais eu preciso observar que podem indicar que minha chikungunya está piorando?,"Você deve ficar atento a sinais como febre persistente ou alta, manchas na pele, dificuldade para respirar, dor no peito, e qualquer alteração no nível de consciência. Esses podem ser sinais de agravamento da sua condição.",A febre persistente ou a febre alta podem ser um sinal de agravamento.,Fase Crônica/Subaguda,"#Sintomas, #Complicações",Manejo_Chikungunya_2ed.md,39,2,95.0
chikungunya_qa_0357,Paciente,O que a pressão arterial pode indicar durante o exame físico?,"A pressão arterial pode indicar o estado do seu coração e circulação. Se ela estiver baixa ou mudar de forma significativa ao mudar de posição, isso pode ser um sinal de choque e requer atenção.","Deve-se estar atento a sinais de hipotensão ou hipotensão postural, que podem indicar choque.",Fase Aguda,"#Sintomas, #SinaisVitais",Manejo_Chikungunya_2ed.md,39,2,95.0
chikungunya_qa_0358,Médica,Quais devem ser os critérios de avaliação dos sinais vitais em pacientes com chikungunya?,"Os sinais vitais devem incluir aferição da pressão arterial em duas posições, avaliação das frequências cardíaca e respiratória, e registro da temperatura axilar. A presença de taquipneia, dispneia, taquicardia, e hipotensão devem ser monitoradas.",Aferição da pressão arterial em duas posições... a avaliação das frequências cardíaca e respiratória... registrar a temperatura axilar.,Fase Aguda,"#ExameFísico, #SinaisVitais",Manejo_Chikungunya_2ed.md,39,2,100.0
chikungunya_qa_0359,Médica,Quais complicações respiratórias devem ser observadas durante o exame físico?,"Durante o exame físico, deve-se estar atento a sinais de pneumonia, edema pulmonar, e auscultar sons anormais como crepitações e roncos.","Esses sons podem indicar complicações respiratórias, como pneumonia ou edema pulmonar.",Fase Aguda,"#Complicações, #Ausculta",Manejo_Chikungunya_2ed.md,39,2,95.0
chikungunya_qa_0360,Médica,Quais complicações respiratórias e cardíacas devem ser monitoradas em pacientes com chikungunya?,"Devem ser monitorados sinais de pneumonia, edema pulmonar, miocardite, arritmias e insuficiência cardíaca. A ausculta pulmonar e cardíaca é essencial para identificar esses sinais.","deve-se estar particularmente vigilante durante o exame físico para identificar sinais de complicações do aparelho respiratório, como pneumonia, e complicações do aparelho circulatório, como sinais de miocardite, arritmias e insuficiência cardíaca.",Fase Aguda,"#Complicações, #Monitoramento",Manejo_Chikungunya_2ed.md,39,3,100.0
chikungunya_qa_0361,Médica,Quais sinais vitais devem ser aferidos no exame físico de um paciente com chikungunya?,"Os sinais vitais a serem aferidos incluem a pressão arterial em duas posições, a frequência cardíaca e a frequência respiratória, além da temperatura axilar para verificar a presença de febre.",* pressão arterial: aferição da pressão arterial em duas posições (ortostático e sentado/ decúbito) para verificar o status hemodinâmico do paciente. * cardiorrespiratório: a avaliação das frequências cardíaca e respiratória é importante... * temperatura axilar: registrar a temperatura axilar para verificar se há febre.,Fase Aguda,"#SinaisVitais, #ExameFísico",Manejo_Chikungunya_2ed.md,39,4,95.0
chikungunya_qa_0362,Paciente,O que eu devo observar na minha pele se tiver chikungunya?,"Você deve verificar se há manchas na pele, como lesões maculares, papulares, vesiculares e bolhosas. Sinais de sangramento, como petéquias e equimoses, também são importantes, pois podem indicar complicações.","verificar se há presença de cianose, que pode indicar complicações respiratórias ou cardíacas. Examinar a pele em busca de lesões maculares, papulares, vesiculares e bolhosas. Prestar atenção a sinais de petéquias, equimoses ou sangramento subcutâneo, que podem sugerir agravamento ou complicações hemorrágicas;",Fase Aguda,"#Sintomas, #Complicações",Manejo_Chikungunya_2ed.md,39,5,100.0
chikungunya_qa_0363,Paciente,Quais sinais de agravamento eu devo ficar atento durante o exame físico?,"Você deve estar atento a sinais de falta de ar, como taquipneia e dispneia, além de alterações no coração, como taquicardia e arritmias. A febre persistente ou alta também pode ser um sinal de agravamento.","Taquipneia, dispneia, taquicardia, bradicardia ou arritmias podem sugerir sinais de agravamento ou de complicações cardíacas e pulmonares; A febre persistente ou a febre alta podem ser um sinal de agravamento.",Fase Crônica/Subaguda,"#Sintomas, #Complicações",Manejo_Chikungunya_2ed.md,39,5,95.0
chikungunya_qa_0364,Médica,Quais aspectos devem ser observados durante o exame físico para avaliar o estado hemodinâmico do paciente?,"Devem ser aferidos a pressão arterial em duas posições (ortostático e sentado/decúbito) e observados sinais de hipotensão ou hipotensão postural, que podem indicar choque.","pressão arterial: aferição da pressão arterial em duas posições (ortostático e sentado/ decúbito) para verificar o status hemodinâmico do paciente. Deve-se estar atento a sinais de hipotensão ou hipotensão postural, que podem indicar choque;",Fase Aguda,"#ExameFísico, #AvaliaçãoClínica",Manejo_Chikungunya_2ed.md,39,5,100.0
chikungunya_qa_0365,Médica,Quais são os sinais que podem indicar complicações respiratórias durante o exame físico?,"Durante a ausculta pulmonar, deve-se identificar sons anormais, como crepitações, roncos ou estertores, que podem sugerir complicações como pneumonia ou edema pulmonar.","realizar a ausculta pulmonar para identificar sons anormais, como crepitações, roncos ou estertores. Esses sons podem indicar complicações respiratórias, como pneumonia ou edema pulmonar;",Fase Aguda,"#ExameFísico, #Complicações",Manejo_Chikungunya_2ed.md,39,5,100.0
chikungunya_qa_0366,Paciente,Quais sinais eu preciso observar na minha pele se tiver chikungunya?,"Você deve verificar se há manchas na pele, como lesões maculares, papulares, vesiculares e bolhosas. Também preste atenção a sinais de sangramento, como petéquias e equimoses, que podem indicar complicações.","Examinar a pele em busca de lesões maculares, papulares, vesiculares e bolhosas. Prestar atenção a sinais de petéquias, equimoses ou sangramento subcutâneo, que podem sugerir agravamento ou complicações hemorrágicas.",Fase Aguda,"#Sintomas, #Complicações",Manejo_Chikungunya_2ed.md,39,6,95.0
chikungunya_qa_0367,Médica,Quais aspectos devem ser avaliados durante o exame físico de um paciente com chikungunya?,"Durante o exame físico de um paciente com chikungunya, devem ser avaliados os seguintes aspectos: Sinais vitais, incluindo a aferição da pressão arterial em duas posições (ortostático e sentado/decúbito) para verificar o status hemodinâmico do paciente, com atenção a sinais de hipotensão ou hipotensão postural que podem indicar choque. A avaliação das frequências cardíaca e respiratória é crucial tanto para a avaliação inicial quanto para o monitoramento de complicações primárias e descompensação de comorbidades prévias. Sinais como taquipneia, dispneia, taquicardia, bradicardia ou arritmias podem sugerir agravamento ou complicações cardíacas e pulmonares. A temperatura axilar deve ser registrada para verificar a presença de febre, sendo que febre persistente ou alta pode indicar agravamento. Exames dos órgãos e aparelhos devem incluir: a pele, onde se deve verificar a presença de cianose, lesões maculares, papulares, vesiculares e bolhosas, além de sinais de petéquias, equimoses ou sangramento subcutâneo que podem sugerir complicações hemorrágicas; o aparelho respiratório, com ausculta pulmonar para identificar sons anormais como crepitações, roncos ou estertores, que podem indicar pneumonia ou edema pulmonar; o aparelho circulatório, com ausculta cardíaca para identificar sopros, arritmias ou outros sinais de complicações cardíacas. É importante estar vigilante para identificar sinais de complicações do aparelho respiratório, como pneumonia, e do aparelho circulatório, como miocardite, arritmias e insuficiência cardíaca. O exame neurológico deve ser completo, especialmente se houver queixas neurológicas na anamnese, com atenção a sinais de comprometimento neurológico grave, como convulsões, paresia, parestesia ou alteração do nível de consciência. Por fim, um exame oftalmológico deve ser realizado se o paciente apresentar queixas oculares, observando sinais de uveíte, retinite ou outras complicações oculares que possam indicar agravamento.","Durante o exame, é importante observar sinais e sintomas que possam indicar complicações dos aparelhos respiratório e cardiovascular. O exame deve ser conduzido de forma sistematizada, dando especial atenção aos seguintes aspectos: sinais vitais, temperatura axilar, exame dos órgãos e dos aparelhos.",Fase Crônica/Subaguda,"#ExameFísico, #Avaliação",Manejo_Chikungunya_2ed.md,39,6,100
chikungunya_qa_0368,Médica,Quais sinais vitais devem ser monitorados e quais complicações podem ser indicadas?,"Devem ser monitorados a pressão arterial, a frequência cardíaca e respiratória, e a temperatura axilar. Sinais como taquipneia, dispneia, taquicardia, bradicardia ou arritmias podem sugerir complicações cardíacas e pulmonares.","A avaliação das frequências cardíaca e respiratória é importante tanto para a avaliação inicial do paciente quanto para o monitoramento de eventuais complicações primárias quanto à descompensação de comorbidades prévias durante a evolução. Taquipneia, dispneia, taquicardia, bradicardia ou arritmias podem sugerir sinais de agravamento ou de complicações cardíacas e pulmonares.",Fase Aguda,"#SinaisVitais, #Complicações",Manejo_Chikungunya_2ed.md,39,6,95.0
chikungunya_qa_0369,Paciente,Quais são os sintomas que podem aparecer em um recém-nascido que teve contato com mães infectadas?,"Os sintomas que podem aparecer em um recém-nascido incluem febre, dor, recusa da mamada, manchas na pele, descamação, hiperpigmentação na pele e inchaço nas extremidades.",Sinais e sintomas no neonato: febre; síndrome álgica; recusa da mamada; exantemas; descamação; hiperpigmentação cutânea; edema de extremidades.,Fase Aguda,"#Sintomas, #Neonatos",Manejo_Chikungunya_2ed.md,40,1,100.0
chikungunya_qa_0370,Paciente,Quando os sintomas podem aparecer em um recém-nascido após o nascimento?,"Os sintomas podem surgir a partir do quarto dia de vida, podendo variar de três a sete dias.","O recém-nascido é assintomático nos primeiros dias, com surgimento de sintomas a partir do quarto dia de vida (variando de três a sete dias).",Fase Aguda,"#Evolução, #Neonatos",Manejo_Chikungunya_2ed.md,40,1,100.0
chikungunya_qa_0371,Médica,Quais sinais de comprometimento neurológico devem ser observados durante o exame físico?,"Durante o exame físico, é necessário estar atento a sinais de comprometimento neurológico grave, como convulsões, paresia, parestesia ou alteração do nível de consciência.","deve-se estar atento a sinais de comprometimento neurológico grave, como convulsões, paresia, parestesia ou alteração do nível de consciência.",Fase Aguda,"#ExameFísico, #Neurologia",Manejo_Chikungunya_2ed.md,40,1,100.0
chikungunya_qa_0372,Médica,Quais complicações do aparelho respiratório devem ser monitoradas?,"Devem ser monitorados sinais de complicações do aparelho respiratório, como pneumonia.","sinais de complicações do aparelho respiratório, como pneumonia",Fase Aguda,"#ExameFísico, #ComplicaçõesRespiratórias",Manejo_Chikungunya_2ed.md,40,1,100.0
chikungunya_qa_0373,Médica,Quais cuidados imediatos devem ser tomados se sinais de gravidade e potencialmente fatais forem identificados?,Devem ser tomadas medidas imediatas para estabilizar o paciente e considerar a possibilidade de encaminhamento para tratamento intensivo ou especializado.,"caso sejam identificados sinais de gravidade e potencialmente fatais, tomar medidas imediatas para estabilizar o paciente e considerar a possibilidade de encaminhamento para tratamento intensivo ou especializado.",Fase Aguda,"#Cuidados, #Urgência",Manejo_Chikungunya_2ed.md,40,2,100.0
chikungunya_qa_0374,Médica,Quais exames devem ser realizados se houver queixas neurológicas na anamnese de um paciente?,"Deve-se realizar um exame neurológico completo, especialmente se houver queixas neurológicas na anamnese.","exame neurológico: realizar um exame neurológico completo, especialmente se houver queixas neurológicas na anamnese.",Fase Aguda,"#Exame, #Neurologia",Manejo_Chikungunya_2ed.md,40,3,95.0
chikungunya_qa_0375,Médica,Quais complicações o exame físico deve ser particularmente vigilante para identificar?,"O exame físico deve estar atento a sinais de complicações do aparelho respiratório, como pneumonia, e complicações do aparelho circulatório, como sinais de miocardite, arritmias e insuficiência cardíaca.","deve-se estar particularmente vigilante durante o exame físico para identificar sinais de complicações do aparelho respiratório, como pneumonia, e complicações do aparelho circulatório, como sinais de miocardite, arritmias e insuficiência cardíaca.",Fase Aguda,"#Complicações, #Exame",Manejo_Chikungunya_2ed.md,40,3,100.0
chikungunya_qa_0376,Paciente,Quais sintomas posso esperar se meu recém-nascido teve contato com mães infectadas?,"Seu recém-nascido pode apresentar febre, dor, recusa para mamar, manchas na pele, descamação, escurecimento da pele nas áreas afetadas e inchaço nas extremidades.",Sinais e sintomas no neonato: febre; síndrome álgica; recusa da mamada; exantemas; descamação; hiperpigmentação cutânea; edema de extremidades.,Fase Aguda,"#Sintomas, #Recém-nascido",Manejo_Chikungunya_2ed.md,40,4,100.0
chikungunya_qa_0377,Médica,Quais manifestações podem ocorrer em infecções perinatais?,"As manifestações incluem meningoencefalite, encefalite, síndromes hemorrágicas, diarreia e desordens hemodinâmicas, recusa alimentar ou má alimentação.","Outras manifestações relatadas na literatura incluem meningoencefalite, encefalite, síndromes hemorrágicas, diarreia e desordens hemodinâmicas, recusa alimentar ou má alimentação.",Fase Aguda,"#Manifestações, #Infecções Perinatais",Manejo_Chikungunya_2ed.md,40,4,100.0
chikungunya_qa_0378,Paciente,Quais sintomas posso notar no meu recém-nascido se ele teve contato com mães infectadas?,"Os sintomas que você pode notar incluem febre, dor pelo corpo, recusa da mamada, manchas na pele, descamação, escurecimento da pele e inchaço nas extremidades.",Sinais e sintomas no neonato: febre; síndrome álgica; recusa da mamada; exantemas; descamação; hiperpigmentação cutânea; edema de extremidades.,Fase Aguda,"#Sintomas, #Neonatologia",Manejo_Chikungunya_2ed.md,40,5,100.0
chikungunya_qa_0379,Paciente,Quando posso esperar que os sintomas apareçam no meu recém-nascido se ele teve contato com mães infectadas?,"Os sintomas podem surgir a partir do quarto dia de vida, variando entre três a sete dias após o nascimento.","O recém-nascido é assintomático nos primeiros dias, com surgimento de sintomas a partir do quarto dia de vida (variando de três a sete dias).",Fase Aguda,"#Sintomas, #Recém-nascido",Manejo_Chikungunya_2ed.md,40,6,100.0
chikungunya_qa_0380,Paciente,Quais são os resultados de exames que podem indicar problemas se eu tiver chikungunya?,"Se você tiver chikungunya, alguns resultados de exames podem indicar problemas sérios. A contagem de plaquetas abaixo de 100.000/mm³ é um sinal de alerta, pois aumenta em 7,4 vezes o risco de internação. Além disso, a leucopenia, que é a diminuição do número de leucócitos, também é um indicativo importante, aumentando em 2,8 vezes o risco de internação. A proteína C-reativa elevada, que deve ser maior que 3 mg/dL, está associada a um Odds Ratio (OR) de 12,4 para mortalidade. Outros marcadores que podem indicar problemas incluem ureia acima de 45 mg/dL (OR=17,8) e creatinina acima de 1,3 mg/dL (OR=17,8). A linfopenia, com linfócitos abaixo de 1.000/mm³, e a leucocitose, com neutrófilos acima de 7.500/mm³, também são preocupantes, com OR de 14,2 e 14,1, respectivamente, para mortalidade. Além disso, a velocidade de hemossedimentação e a proteína C-reativa podem permanecer elevadas nas diferentes fases da doença. Exames de imagem, como raio X simples de tórax ou tomografia, podem ajudar a identificar complicações cardíacas ou pulmonares. Dependendo da suspeita clínica, outros exames, como eletrocardiograma e tomografia de crânio, podem ser necessários. Na fase pós-aguda ou crônica, exames adicionais como ureia, creatinina, AST, ALT, glicemia de jejum e hemograma podem ser requisitados.","No hemograma, a contagem de plaquetas < que 100.000/mm³ e leucocitose aumentaram respectivamente em 7,4 e 2,8 vezes o risco de internação (p<0,01 em ambos). Aumento nos valores de proteína C-reativa, ureia, creatinina, AST e ALT séricas também foi associado a um risco maior para internação.",Fase Crônica/Subaguda,"#Sintomas, #Exames",Manejo_Chikungunya_2ed.md,41,1,91.25
chikungunya_qa_0381,Paciente,O que significa ter linfopenia e como isso me afeta?,"Linfopenia significa que você tem uma quantidade menor de linfócitos, que são um tipo de célula do sistema imunológico. Isso é mais comum na chikungunya e pode afetar sua capacidade de combater infecções.",Na chikungunya a linfopenia é mais frequentemente encontrada.,Fase Aguda,"#Sintomas, #Impacto",Manejo_Chikungunya_2ed.md,41,1,95.0
chikungunya_qa_0382,Médica,Quais são os marcadores laboratoriais associados ao risco de mortalidade na chikungunya?,"Os marcadores laboratoriais associados ao risco de mortalidade na chikungunya incluem plaquetopenia (OR=10,1; IC=3,9-26,3), leucopenia (OR=7,4; IC=2,4-23,0), leucocitose (OR=14,1; IC=5,4-36,5), neutrofilia (neutrófilos >7.500/mm³; OR=14,1; IC=5,4-26,5) e linfopenia (linfócitos <1.000/mm³; OR=14,2; IC=5,2-38,4).","resultados alterados no hemograma podem ser preditores de mortalidade, como plaquetopenia (Odds Ratio (OR)=10,1; IC=3,9-26,3), leucopenia (OR=7,4; IC=2,4-23,0); leucocitose (OR=14,1; IC=5,4-36,5); neutrofilia (neutrófilos >7.500/mm³; OR=14,1; IC=5,4-26,5); e linfopenia (linfócitos <1.000/mm³; OR=14,2; IC=5,2-38,4).",Fase Aguda,"#Diagnóstico, #Epidemiologia",Manejo_Chikungunya_2ed.md,41,1,95.0
chikungunya_qa_0383,Paciente,Quais exames eu posso precisar fazer se tiver chikungunya?,"Se você tiver chikungunya, pode precisar fazer uma série de exames para monitorar sua condição. Os exames incluem: hemograma, que deve ser observado para contagem de plaquetas, leucócitos e linfócitos; ureia e creatinina, que ajudam a avaliar a função renal; aspartato aminotransferase (AST) e alanina aminotransferase (ALT), que são importantes para avaliar a função hepática; glicemia de jejum, que deve ser monitorada, especialmente se estiver acima de 125 mg/dL, pois isso está associado a um risco maior de mortalidade. Além disso, a proteína C-reativa deve ser medida, especialmente se estiver acima de 3 mg/dL, pois também está associada a um risco elevado de mortalidade. É importante notar que a contagem de plaquetas abaixo de 100.000/mm³ e a leucocitose aumentam significativamente o risco de internação. Exames de imagem, como raio X simples de tórax ou tomografia, podem ser necessários para identificar complicações cardíacas ou pulmonares. Outros exames, como eletrocardiograma e tomografia de crânio, podem ser solicitados dependendo da suspeita clínica. A monitorização contínua é essencial, especialmente na fase pós-aguda ou crônica, onde pode ser necessário repetir alguns desses exames.","outros exames podem ser necessários, como, por exemplo: ureia, creatinina, aspartato aminotransferase (AST), alanina aminotransferase (ALT), glicemia de jejum e hemograma, entre outros.",Fase Crônica/Subaguda,"#Tratamento, #Diagnóstico",Manejo_Chikungunya_2ed.md,41,2,92.5
chikungunya_qa_0384,Paciente,Quais alterações laboratoriais posso esperar se tiver chikungunya?,"Se você tiver chikungunya, pode esperar várias alterações laboratoriais. A leucopenia, que é a diminuição dos glóbulos brancos, é frequente, e a linfopenia, que é a diminuição dos linfócitos, é mais comum do que a linfocitose, que é esperada em outras doenças virais. A trombocitopenia, que é a diminuição das plaquetas, pode ocorrer e está associada a um risco de complicações hemorrágicas. Além disso, a velocidade de hemossedimentação e a proteína C-reativa, que são marcadores de processo inflamatório, geralmente estão elevadas e podem permanecer assim nas diferentes fases da doença. Em casos de rabdomiólise associados à chikungunya, é comum a elevação de enzimas musculares como creatinofosfoquinase (CPK), mioglobina e aldolase. Também podem ocorrer elevações discretas das enzimas hepáticas (AST e ALT), sendo importante notar que a TGO pode estar elevada devido à lesão muscular. Em casos graves de chikungunya, uma contagem de plaquetas inferior a 100.000/mm³ e leucocitose aumentam significativamente o risco de internação. Aumento nos valores de proteína C-reativa, ureia, creatinina, AST e ALT séricas também está associado a um risco maior para internação. Resultados alterados no hemograma, como plaquetopenia, leucopenia, leucocitose, neutrofilia e linfopenia, podem ser preditores de mortalidade. Entre os marcadores séricos associados à mortalidade estão proteína C-reativa acima de 3mg/dL, glicemia acima de 125, ureia acima de 45 e creatinina acima de 1,3. Exames de imagem, como raio X simples de tórax ou tomografia, podem ajudar a identificar complicações cardíacas ou pulmonares, e outros exames, como eletrocardiograma e tomografia de crânio, podem ser necessários dependendo da suspeita clínica. Na fase pós-aguda ou crônica, exames adicionais como ureia, creatinina, AST, ALT, glicemia de jejum e hemograma podem ser necessários.","A leucopenia é frequente... A trombocitopenia pode ocorrer na chikungunya, levando a risco de complicações hemorrágicas.",Fase Crônica/Subaguda,"#Sintomas, #Diagnóstico",Manejo_Chikungunya_2ed.md,41,2,91.25
chikungunya_qa_0385,Médica,Quais são as alterações laboratoriais típicas na fase aguda da chikungunya?,"As alterações laboratoriais típicas incluem leucopenia, linfopenia, trombocitopenia, e elevações de proteína C-reativa e velocidade de hemossedimentação. Além disso, pode haver elevações das enzimas musculares como CPK, mioglobina e aldolase.","As alterações laboratoriais de chikungunya durante a fase aguda são inespecíficas. A leucopenia é frequente, porém se diferencia de outras doenças virais em que se espera linfocitose. Na chikungunya a linfopenia é mais frequentemente encontrada.",Fase Aguda,"#Diagnóstico, #Tratamento",Manejo_Chikungunya_2ed.md,41,2,95.0
chikungunya_qa_0386,Paciente,Quais são as fases da chikungunya e o que posso esperar em cada uma delas?,"A chikungunya tem três fases: a fase aguda, que dura até 14 dias; a fase pós-aguda, que vai de 15 a 90 dias; e a fase crônica, que ocorre após três meses. Durante a fase aguda, você pode ter sintomas febris e dor, enquanto na fase pós-aguda e crônica, a dor nas articulações pode persistir.","O espectro clínico da doença cronologicamente envolve três fases: aguda (até 14 dias), pós-aguda (15 a 90 dias) e crônica (após três meses).",Fase Crônica/Subaguda,"#Fases, #Sintomas",Manejo_Chikungunya_2ed.md,42,1,95.0
chikungunya_qa_0387,Paciente,O que é a dor articular incapacitante e como isso pode me afetar?,"A dor articular incapacitante é uma dor intensa nas articulações que pode dificultar significativamente suas atividades diárias, afetando sua qualidade de vida. Essa dor pode ocorrer em diferentes fases da chikungunya, que são: aguda (até 14 dias), pós-aguda (15 a 90 dias) e crônica (após três meses). É fundamental que você informe ao seu médico se sentir esse tipo de dor, pois ela pode ser um sinal de gravidade e deve ser avaliada adequadamente. Além disso, a dor articular pode estar associada a manifestações extra-articulares e pode indicar a presença de complicações. O manejo dessa dor varia conforme a fase da doença e pode incluir a identificação do padrão de manifestação articular, que pode ser não inflamatória/musculoesquelética (mecânica) ou inflamatória, com artrite e manifestações periarticulares, como tenossinovite, tendinite, entesite, fasceíte, capsulite e periostite. Portanto, é essencial que você busque atendimento médico para um diagnóstico preciso e um tratamento adequado.",A equipe de acolhimento deve estar atenta para a identificação da presença de dor articular incapacitante.,Fase Crônica/Subaguda,"#Sintomas, #Cuidados",Manejo_Chikungunya_2ed.md,42,1,92.5
chikungunya_qa_0388,Médica,Quais são os critérios para o manejo das manifestações musculoesqueléticas na chikungunya?,"O manejo das manifestações musculoesqueléticas deve ser adaptado às diferentes fases da doença: aguda, pós-aguda e crônica. É crucial identificar se a manifestação é predominantemente não inflamatória/musculoesquelética ou inflamatória com artrite.","A doença musculoesquelética representa a manifestação clínica mais frequente da doença, e o manejo envolve as diferentes fases: aguda, pós-aguda e crônica.",Fase Crônica/Subaguda,"#Manejo, #Musculoesquelético",Manejo_Chikungunya_2ed.md,42,1,95.0
chikungunya_qa_0389,Médica,Qual é a importância da classificação de risco no atendimento de pacientes com chikungunya?,"A classificação de risco é fundamental para facilitar o fluxo adequado e assegurar o atendimento dos pacientes suspeitos de chikungunya durante um surto ou epidemia, permitindo uma abordagem mais eficiente.",Sistemas de acolhimento com classificação de risco devem ser utilizados nos diferentes níveis de atenção para facilitar o fluxo adequado e assegurar o atendimento dos pacientes suspeitos de chikungunya durante um surto/epidemia.,N/A (Geral),"#ClassificaçãoDeRisco, #Atendimento",Manejo_Chikungunya_2ed.md,42,1,95.0
chikungunya_qa_0390,Médica,Qual é o manejo das manifestações musculoesqueléticas na chikungunya?,"O manejo das manifestações musculoesqueléticas depende da fase da doença e da identificação do padrão de manifestação articular, que pode ser não inflamatória ou inflamatória.","O manejo envolve as diferentes fases: aguda, pós-aguda e crônica. Além disso, nas fases pós-aguda e crônica, a abordagem terapêutica depende da identificação do padrão de manifestação articular.",Fase Aguda,"#Manejo, #Chikungunya",Manejo_Chikungunya_2ed.md,42,3,95.0
chikungunya_qa_0391,Paciente,Quais são os sintomas mais comuns que posso ter se eu tiver chikungunya?,A dor nas articulações é a manifestação clínica mais frequente da chikungunya.,A doença musculoesquelética representa a manifestação clínica mais frequente da doença.,Fase Aguda,"#Sintomas, #Chikungunya",Manejo_Chikungunya_2ed.md,42,4,90.0
chikungunya_qa_0392,Paciente,Quanto tempo posso esperar que a chikungunya dure?,"A chikungunya passa por três fases: a fase aguda dura até 14 dias, a fase pós-aguda vai de 15 a 90 dias, e a fase crônica é após três meses.","O espectro clínico da doença cronologicamente envolve três fases: aguda (até 14 dias), pós-aguda (15 a 90 dias) e crônica (após três meses).",Fase Crônica/Subaguda,"#Evolução, #Chikungunya",Manejo_Chikungunya_2ed.md,42,4,100.0
chikungunya_qa_0393,Médica,Quais são as manifestações musculoesqueléticas que podem ocorrer nas fases pós-aguda e crônica da chikungunya?,"As manifestações podem incluir artrite, tenossinovite, tendinite, entesite, fasceíte, capsulite e periostite, dependendo do padrão de manifestação articular.","a abordagem terapêutica depende da identificação do padrão de manifestação articular, que pode ser predominantemente não inflamatória/musculoesquelética (mecânica) ou inflamatória com artrite e manifestações periarticulares (tenossinovite), podendo também apresentar tendinite, entesite, fasceíte, capsulite e periostite.",Fase Crônica/Subaguda,"#Tratamento, #ManifestaçõesMusculoesqueléticas",Manejo_Chikungunya_2ed.md,42,4,100.0
chikungunya_qa_0394,Médica,Como deve ser realizado o manejo do paciente com suspeita de chikungunya?,"O manejo deve envolver a abordagem da doença febril aguda, manifestações extra-articulares, eventuais complicações e manejo das manifestações musculoesqueléticas nas diferentes fases da doença.","O manejo do paciente com suspeita de chikungunya deve envolver os diferentes espectros clínicos da doença, com abordagem da doença febril aguda, suas manifestações extra-articulares, eventuais complicações e o manejo das manifestações musculoesqueléticas nas diferentes fases da doença.",Fase Aguda,"#Manejo, #Chikungunya",Manejo_Chikungunya_2ed.md,42,4,95.0
chikungunya_qa_0395,Paciente,O que acontece durante a fase crônica da chikungunya?,"Na fase crônica da chikungunya, que ocorre após três meses do início da doença, os pacientes podem continuar a experimentar dor nas articulações, além de outras manifestações musculoesqueléticas. É importante observar que a abordagem terapêutica nesta fase depende da identificação do padrão de manifestação articular, que pode ser predominantemente não inflamatória/musculoesquelética (mecânica) ou inflamatória, apresentando artrite e manifestações periarticulares, como tenossinovite. Além disso, podem ocorrer outras condições como tendinite, entesite, fasceíte, capsulite e periostite. O manejo adequado das manifestações musculoesqueléticas é crucial para melhorar a qualidade de vida do paciente durante essa fase.","A doença musculoesquelética representa a manifestação clínica mais frequente da doença, e o manejo envolve as diferentes fases: aguda, pós-aguda e crônica.",Fase Crônica/Subaguda,"#Sintomas, #Chikungunya",Manejo_Chikungunya_2ed.md,42,5,100
chikungunya_qa_0396,Médica,Qual é a abordagem do manejo do paciente com suspeita de chikungunya?,"O manejo do paciente deve envolver a abordagem da doença febril aguda, suas manifestações extra-articulares, eventuais complicações e o manejo das manifestações musculoesqueléticas nas diferentes fases da doença.","O manejo do paciente com suspeita de chikungunya deve envolver os diferentes espectros clínicos da doença, com abordagem da doença febril aguda, suas manifestações extra-articulares, eventuais complicações e o manejo das manifestações musculoesqueléticas nas diferentes fases da doença.",Fase Aguda,"#Manejo, #Chikungunya",Manejo_Chikungunya_2ed.md,42,5,95.0
chikungunya_qa_0397,Paciente,O que acontece se a dor persistir após alguns dias?,"Se a dor persistir após cerca de 10 dias, inicia-se o manejo da fase pós-aguda, que pode durar entre 15 dias e três meses.","Se a dor persistir após cerca de 10 dias, inicia-se o manejo da fase pós-aguda (entre 15 dias e três meses).",Fase Crônica/Subaguda,"#Evolução, #Chikungunya",Manejo_Chikungunya_2ed.md,43,1,100.0
chikungunya_qa_0398,Paciente,Como posso aliviar a dor enquanto estiver com chikungunya?,"O alívio da dor aguda é feito principalmente com analgésicos como dipirona ou paracetamol. Para dores mais intensas, pode-se usar opioides fracos, como tramadol ou codeína.","Nesta fase, o objetivo é o alívio da dor aguda, com a utilização de analgésicos. Os anti-inflamatórios não esteroidais (AINEs) não são recomendados em razão do risco de sangramento aumentado nesses pacientes ou de lesão renal.",Fase Aguda,"#Tratamento, #Alívio",Manejo_Chikungunya_2ed.md,43,1,95.0
chikungunya_qa_0399,Médica,Qual é o manejo recomendado para a fase aguda da chikungunya?,"Na fase aguda, recomenda-se o uso de analgésicos, como dipirona ou paracetamol em doses fixas. Para dor intensa, opioides fracos podem ser associados. A utilização de AINEs e corticosteroides é contraindicada devido ao risco de complicações.","Na fase aguda (até cerca de 10 a 14 dias do início dos sintomas), o tratamento é baseado principalmente em analgésicos. Recomenda-se o uso de dipirona ou paracetamol em doses fixas. Não é recomendado o uso de anti-inflamatórios não hormonais (AINH) nem corticosteroides nessa fase, devido ao risco de complicações, como hemorragias e insuficiência renal.",Fase Aguda,"#Tratamento, #Manejo",Manejo_Chikungunya_2ed.md,43,1,100.0
chikungunya_qa_0400,Médica,Como deve ser avaliada a intensidade da dor na chikungunya?,"A intensidade da dor deve ser avaliada pela escala visual analógica (EVA). Para dor leve (EVA 1 a 3), medidas não farmacológicas são indicadas. Para dor moderada (EVA 4 a 6), mantém-se analgésicos e reavalia-se em cerca de sete dias. Para dor intensa (EVA 7 a 10), utilizam-se analgésicos associados a opioides.","A intensidade da dor deve ser avaliada pela escala visual analógica (EVA). Para dor leve (EVA 1 a 3), são indicadas medidas não farmacológicas, como fisioterapia, acupuntura, atividade física e educação do paciente, podendo haver suspensão de medicação conforme evolução. Para dor moderada (EVA 4 a 6), mantêm-se analgésicos e reavalia-se o paciente após cerca de sete dias. Para dor intensa (EVA 7 a 10), utilizam-se analgésicos associados a opioides, com reavaliação em período semelhante.",Fase Aguda,"#Avaliação, #Dor",Manejo_Chikungunya_2ed.md,43,1,100.0
chikungunya_qa_0401,Paciente,O que devo fazer para aliviar a dor durante a chikungunya?,"Para aliviar a dor, são recomendados analgésicos como dipirona ou paracetamol. Se a dor for mais intensa, você pode usar opioides fracos, como tramadol ou codeína.","Nesta fase, o objetivo é o alívio da dor aguda, com a utilização de analgésicos.",Fase Aguda,"#Tratamento, #Chikungunya",Manejo_Chikungunya_2ed.md,43,2,95.0
chikungunya_qa_0402,Médica,Qual é a abordagem recomendada para o tratamento da dor na fase aguda da chikungunya?,"O tratamento na fase aguda é baseado principalmente em analgésicos, recomendando-se o uso de dipirona ou paracetamol em doses fixas. Opioides fracos podem ser associados em casos de dor intensa.","Na fase aguda (até cerca de 10 a 14 dias do início dos sintomas), o tratamento é baseado principalmente em analgésicos.",Fase Aguda,"#Tratamento, #Chikungunya",Manejo_Chikungunya_2ed.md,43,2,95.0
chikungunya_qa_0403,Médica,Quais são as contraindicações para o uso de anti-inflamatórios na chikungunya?,"Os anti-inflamatórios não hormonais (AINH) e corticosteroides não são recomendados na fase aguda da chikungunya devido ao risco de complicações, como hemorragias e insuficiência renal. Na fase aguda, que se estende até cerca de 10 a 14 dias do início dos sintomas, o tratamento deve ser baseado principalmente em analgésicos, como dipirona ou paracetamol em doses fixas. O uso de AINH é contraindicado também em pacientes com quadro semelhante ao da dengue na fase inicial. Se a dor persistir após cerca de 10 dias, inicia-se o manejo da fase pós-aguda (entre 15 dias e três meses), onde pode-se introduzir AINH, como ibuprofeno, por até quatro semanas, desde que não haja contraindicações. Em casos selecionados, pode-se utilizar prednisona em dose de aproximadamente 0,5 mg/kg/dia, por tempo limitado (até três semanas), seguida de redução gradual da dose. É importante ressaltar que analgésicos podem ser mantidos, isoladamente ou associados a opioides, especialmente em pacientes com contraindicação aos AINH.","Não é recomendado o uso de anti-inflamatórios não hormonais (AINH) nem corticosteroides nessa fase, devido ao risco de complicações, como hemorragias e insuficiência renal.",Fase Crônica/Subaguda,"#Tratamento, #Chikungunya",Manejo_Chikungunya_2ed.md,43,2,91.25
chikungunya_qa_0404,Paciente,Quais são os sintomas que posso ter se estiver com chikungunya?,"Você pode ter febre alta e dor intensa nas articulações, que é chamada de poliartralgia. A febre geralmente é contínua e pode durar até sete dias.","Esta fase é caracterizada por febre acompanhada de intensa poliartralgia e/ou artrite. A febre é geralmente alta e contínua, com vários episódios ao dia, mais intensa nos primeiros três dias, mas podendo persistir por até sete dias.",Fase Aguda,"#Sintomas, #Chikungunya",Manejo_Chikungunya_2ed.md,43,3,95.0
chikungunya_qa_0405,Paciente,Como é o tratamento para a dor durante a chikungunya?,"O tratamento é feito principalmente com analgésicos como dipirona ou paracetamol. Se a dor for muito forte, podem ser usados remédios como tramadol ou codeína.","Na fase aguda (até cerca de 10 a 14 dias do início dos sintomas), o tratamento é baseado principalmente em analgésicos. Recomenda-se o uso de dipirona ou paracetamol em doses fixas. Em casos de dor mais intensa, pode-se associar opioides fracos, como tramadol ou codeína.",Fase Aguda,"#Tratamento, #Chikungunya",Manejo_Chikungunya_2ed.md,43,3,100.0
chikungunya_qa_0406,Paciente,O que devo fazer se a dor não passar após alguns dias?,"Se a dor persistir após cerca de 10 dias, é importante iniciar um novo tratamento e pode-se usar anti-inflamatórios não hormonais, como ibuprofeno, se não houver contraindicações.","Se a dor persistir após cerca de 10 dias, inicia-se o manejo da fase pós-aguda (entre 15 dias e três meses). Nessa fase, pode-se introduzir anti-inflamatórios não hormonais, como ibuprofeno, por até quatro semanas, desde que não haja contraindicações.",Fase Aguda,"#Tratamento, #Chikungunya",Manejo_Chikungunya_2ed.md,43,3,95.0
chikungunya_qa_0407,Paciente,O que posso sentir durante a fase aguda da chikungunya?,"Durante a fase aguda da chikungunya, você pode sentir febre alta e intensa dor nas articulações. A febre pode durar até sete dias, e a dor nas articulações pode ser muito forte.","Esta fase é caracterizada por febre acompanhada de intensa poliartralgia e/ou artrite. A febre é geralmente alta e contínua, com vários episódios ao dia, mais intensa nos primeiros três dias, mas podendo persistir por até sete dias.",Fase Aguda,"#Sintomas, #Chikungunya",Manejo_Chikungunya_2ed.md,43,4,90.0
chikungunya_qa_0408,Paciente,Como posso aliviar a dor durante a chikungunya?,"Para aliviar a dor durante a chikungunya, você pode usar analgésicos como dipirona ou paracetamol. Se a dor for muito intensa, pode ser necessário associar com medicamentos mais fortes, como tramadol.","Na fase aguda (até cerca de 10 a 14 dias do início dos sintomas), o tratamento é baseado principalmente em analgésicos. Recomenda-se o uso de dipirona ou paracetamol em doses fixas. Em casos de dor mais intensa, pode-se associar opioides fracos, como tramadol ou codeína.",Fase Aguda,"#Tratamento, #Chikungunya",Manejo_Chikungunya_2ed.md,43,4,95.0
chikungunya_qa_0409,Paciente,Como a dor na chikungunya pode ser aliviada?,"A dor pode ser aliviada com o uso de analgésicos como dipirona ou paracetamol. Se a dor for muito intensa, pode-se usar também opioides fracos, como tramadol ou codeína.","Na fase aguda (até cerca de 10 a 14 dias do início dos sintomas), o tratamento é baseado principalmente em analgésicos. Recomenda-se o uso de dipirona ou paracetamol em doses fixas. Em casos de dor mais intensa, pode-se associar opioides fracos, como tramadol ou codeína.",Fase Aguda,"#Tratamento, #Chikungunya",Manejo_Chikungunya_2ed.md,43,5,95.0
chikungunya_qa_0410,Médica,Qual é a conduta recomendada para o manejo da dor na fase aguda da chikungunya?,"O manejo deve ser baseado em analgésicos, preferencialmente dipirona ou paracetamol em doses fixas. Em casos de dor intensa, opioides fracos como tramadol ou codeína podem ser utilizados. O uso de AINEs e corticosteroides é contraindicado devido ao risco de complicações.","Na fase aguda (até cerca de 10 a 14 dias do início dos sintomas), o tratamento é baseado principalmente em analgésicos. Recomenda-se o uso de dipirona ou paracetamol em doses fixas. Não é recomendado o uso de anti-inflamatórios não hormonais (AINH) nem corticosteroides nessa fase, devido ao risco de complicações, como hemorragias e insuficiência renal.",Fase Aguda,"#Tratamento, #Chikungunya",Manejo_Chikungunya_2ed.md,43,5,100.0
chikungunya_qa_0411,Paciente,Quanto tempo a febre pode durar na chikungunya?,"A febre pode durar até sete dias, com episódios mais intensos nos primeiros três dias.","A febre é geralmente alta e contínua, com vários episódios ao dia, mais intensa nos primeiros três dias, mas podendo persistir por até sete dias.",Fase Aguda,"#Sintomas, #Chikungunya",Manejo_Chikungunya_2ed.md,43,6,100.0
chikungunya_qa_0412,Médica,Quais analgésicos são recomendados para o tratamento da chikungunya?,"Os analgésicos recomendados incluem dipirona ou paracetamol em doses fixas. Em casos de dor mais intensa, pode-se associar opioides fracos, como tramadol ou codeína.","O tratamento é baseado principalmente em analgésicos. Recomenda-se o uso de dipirona ou paracetamol em doses fixas. Em casos de dor mais intensa, pode-se associar opioides fracos, como tramadol ou codeína.",Fase Aguda,"#Tratamento, #Analgésicos",Manejo_Chikungunya_2ed.md,43,6,100.0
chikungunya_qa_0413,Paciente,O que posso fazer se a dor persistir por mais de 10 dias?,"Se a dor permanecer por cerca de 10 dias, pode-se começar a tratar a fase pós-aguda, utilizando remédios como ibuprofeno por até quatro semanas, desde que não haja contraindicações.","Se a dor persistir após cerca de 10 dias, inicia-se o manejo da fase pós-aguda (entre 15 dias e três meses). Nessa fase, pode-se introduzir anti-inflamatórios não hormonais, como ibuprofeno, por até quatro semanas, desde que não haja contraindicações.",Fase Crônica/Subaguda,"#Tratamento, #Dor",Manejo_Chikungunya_2ed.md,44,1,95.0
chikungunya_qa_0414,Paciente,Como posso identificar se a dor é neuropática?,"A dor neuropática pode ser identificada por sensações como dormência, queimação ou formigamento. Se esses sintomas estiverem presentes, um teste chamado DN4 pode ser aplicado para confirmar o diagnóstico.","Em casos de dor neuropática, caracterizada por sensação de dormência, queimação ou formigamento, aplica-se um instrumento de triagem (como o DN4).",Fase Aguda,"#Sintomas, #Diagnóstico",Manejo_Chikungunya_2ed.md,44,1,100.0
chikungunya_qa_0415,Médica,Qual é a dose recomendada de prednisona para tratamento em casos selecionados?,"A dose recomendada de prednisona é de aproximadamente 0,5 mg/kg/dia, por um tempo limitado de até três semanas, seguida de redução gradual da dose.","Em casos selecionados, pode-se utilizar prednisona em dose de aproximadamente 0,5 mg/kg/dia, por tempo limitado (até três semanas), seguida de redução gradual da dose.",Fase Aguda,"#Tratamento, #Dosagem",Manejo_Chikungunya_2ed.md,44,1,100.0
chikungunya_qa_0416,Médica,Como deve ser realizada a avaliação inicial da dor?,"A avaliação inicial dos quadros dolorosos deve incluir a aplicação da escala visual analógica (EVA) de dor, onde os valores de 0 a 2 correspondem à dor leve, 3 a 7 à dor moderada e 8 a 10 à dor intensa.","Na avaliação inicial dos quadros dolorosos é necessário aplicar a escala visual analógica (EVA) de dor, transformando um dado subjetivo em um dado objetivo que permita avaliar a resposta terapêutica e a condução adequada do caso.",Fase Aguda,"#Diagnóstico, #Avaliação",Manejo_Chikungunya_2ed.md,44,1,95.0
chikungunya_qa_0417,Paciente,O que posso fazer se a dor continuar após 10 dias?,"Se a dor persistir após cerca de 10 dias, é importante iniciar o manejo da fase pós-aguda, que ocorre entre 15 dias e três meses. Nessa fase, podem ser introduzidos anti-inflamatórios não hormonais, como ibuprofeno, por até quatro semanas, desde que não haja contraindicações. Em casos selecionados, pode-se utilizar prednisona em dose de aproximadamente 0,5 mg/kg/dia, por tempo limitado (até três semanas), seguida de redução gradual da dose. Analgésicos podem ser mantidos, isoladamente ou associados a opioides, especialmente em pacientes com contraindicação aos AINH. Se houver suspeita de dor neuropática, caracterizada por sensação de dormência, queimação ou formigamento, deve-se aplicar um instrumento de triagem, como o DN4. Caso a dor neuropática seja confirmada, o tratamento inclui antidepressivos tricíclicos, como amitriptilina, ou anticonvulsivantes, como gabapentina, lembrando que essas medicações têm início de ação mais lento e exigem ajuste progressivo de dose. Nos casos de artrite ou tenossinovite persistente, especialmente na fase pós-aguda, pode-se introduzir hidroxicloroquina, mantida por pelo menos 90 dias, com reavaliações periódicas. Se não houver melhora, considera-se o uso de metotrexato, com monitoramento laboratorial regular e ajuste de dose conforme resposta e tolerância. Quando os sintomas persistem por mais de três meses, caracteriza-se a fase crônica, onde o manejo inclui intensificação da reabilitação física e terapias complementares, além da otimização de medicamentos para dor crônica e neuropática. Corticosteroides podem ser considerados em pacientes que ainda não os utilizaram. Nos casos refratários, é indicado o encaminhamento para um especialista, como um reumatologista. Ao longo de todo o processo, é fundamental reavaliar periodicamente o paciente, suspendendo ou ajustando medicações conforme a resposta clínica, sempre considerando os riscos, contraindicações e possíveis efeitos adversos, com monitoramento clínico e laboratorial quando necessário.","Se a dor persistir após cerca de 10 dias, inicia-se o manejo da fase pós-aguda (entre 15 dias e três meses).",Fase Crônica/Subaguda,"#Sintomas, #Tratamento",Manejo_Chikungunya_2ed.md,44,2,90
chikungunya_qa_0418,Paciente,Quais são os sinais de que a dor pode ser neuropática?,"A dor neuropática pode ser identificada por sensações como dormência, queimação ou formigamento. Se você sentir esses sintomas, é importante informar ao seu médico.","Se houver suspeita de dor neuropática, caracterizada por sensação de dormência, queimação ou formigamento.",Fase Aguda,"#Sintomas, #Diagnóstico",Manejo_Chikungunya_2ed.md,44,2,95.0
chikungunya_qa_0419,Paciente,Como a dor é classificada durante a avaliação?,"A dor é classificada em três níveis: de 0 a 2 é leve, de 3 a 7 é moderada e de 8 a 10 é intensa. Cada nível tem uma representação visual que ajuda a entender a intensidade da dor.","os valores de 0 a 2 correspondem à dor leve, ilustrada por rostos com expressão tranquila ou levemente desconfortável... já de 8 a 10, a dor é considerada intensa, representada por rostos com выражões de sofrimento acentuado, em tons quentes, como vermelho.",Fase Aguda,"#Avaliação, #Sintomas",Manejo_Chikungunya_2ed.md,44,2,95.0
chikungunya_qa_0420,Médica,Quais medicamentos podem ser utilizados para dor neuropática?,"O tratamento para dor neuropática inclui antidepressivos tricíclicos, como amitriptilina, ou anticonvulsivantes, como gabapentina, lembrando que essas medicações têm início de ação mais lento e exigem ajuste progressivo de dose.","Caso confirmado, o tratamento inclui antidepressivos tricíclicos, como amitriptilina, ou anticonvulsivantes, como gabapentina, lembrando que essas medicações têm início de ação mais lento e exigem ajuste progressivo de dose.",Fase Aguda,"#Tratamento, #Medicamentos",Manejo_Chikungunya_2ed.md,44,2,100.0
chikungunya_qa_0421,Paciente,Como posso saber se a dor que sinto é neuropática?,"Se você sentir dor acompanhada de sensação de dormência, queimação ou formigamento, pode ser dor neuropática. Um teste chamado DN4 pode ajudar a confirmar isso.","Se houver suspeita de dor neuropática, caracterizada por sensação de dormência, queimação ou formigamento, aplica-se um instrumento de triagem (como o DN4).",Fase Aguda,"#Sintomas, #Diagnóstico",Manejo_Chikungunya_2ed.md,44,3,100.0
chikungunya_qa_0422,Médica,Qual é o manejo recomendado para a fase crônica da dor?,"O manejo inclui intensificação da reabilitação física e terapias complementares, além da otimização de medicamentos para dor crônica e neuropática. Corticosteroides podem ser considerados em pacientes que ainda não os utilizaram.","Nessa etapa, o manejo inclui intensificação da reabilitação física e terapias complementares, além da otimização de medicamentos para dor crônica e neuropática. Corticosteroides podem ser considerados em pacientes que ainda não os utilizaram.",Fase Crônica/Subaguda,"#Tratamento, #FasesDaDor",Manejo_Chikungunya_2ed.md,44,3,95.0
chikungunya_qa_0423,Médica,Como deve ser feita a reavaliação do paciente durante o tratamento?,"É fundamental reavaliar periodicamente o paciente, suspendendo ou ajustando medicações conforme a resposta clínica, e sempre considerando os riscos, contraindicações e possíveis efeitos adversos, com monitoramento clínico e laboratorial quando necessário.","Ao longo de todo o processo, é fundamental reavaliar periodicamente o paciente, suspendendo ou ajustando medicações conforme a resposta clínica, e sempre considerando os riscos, contraindicações e possíveis efeitos adversos, com monitoramento clínico e laboratorial quando necessário.",Fase Aguda,"#Monitoramento, #Tratamento",Manejo_Chikungunya_2ed.md,44,3,100.0
chikungunya_qa_0424,Paciente,O que acontece se a dor persistir por mais de três meses?,"Se a dor persistir por mais de três meses, caracteriza-se a fase crônica. Nesse momento, o tratamento inclui intensificação da reabilitação física e terapias complementares, além de otimização de medicamentos para dor crônica e neuropática.","Quando os sintomas persistem por mais de três meses, caracteriza-se a fase crônica. Nessa etapa, o manejo inclui intensificação da reabilitação física e terapias complementares, além da otimização de medicamentos para dor crônica e neuropática.",Fase Crônica/Subaguda,"#FaseCrônica, #Tratamento",Manejo_Chikungunya_2ed.md,44,4,95.0
chikungunya_qa_0425,Paciente,Como posso entender a dor que estou sentindo?,"Durante a avaliação inicial da dor, é usada a escala visual analógica (EVA), que transforma a dor em um dado objetivo. Os valores de 0 a 2 correspondem à dor leve, de 3 a 7 à dor moderada, e de 8 a 10 à dor intensa.","Na avaliação inicial dos quadros dolorosos é necessário aplicar a escala visual analógica (EVA) de dor, transformando um dado subjetivo em um dado objetivo que permita avaliar a resposta terapêutica e a condução adequada do caso.",Fase Aguda,"#Avaliação, #Dor",Manejo_Chikungunya_2ed.md,44,4,90.0
chikungunya_qa_0426,Paciente,O que devo fazer se a dor que sinto for caracterizada como neuropática?,"Se houver suspeita de dor neuropática, o tratamento inclui antidepressivos tricíclicos, como amitriptilina, ou anticonvulsivantes, como gabapentina. Essas medicações têm início de ação mais lento e exigem ajuste progressivo de dose.","Caso confirmado, o tratamento inclui antidepressivos tricíclicos, como amitriptilina, ou anticonvulsivantes, como gabapentina, lembrando que essas medicações têm início de ação mais lento e exigem ajuste progressivo de dose.",Fase Aguda,"#DorNeuropática, #Tratamento",Manejo_Chikungunya_2ed.md,44,4,100.0
chikungunya_qa_0427,Médica,Quais são as características da dor neuropática que devem ser triadas?,"A dor neuropática é caracterizada por sensação de dormência, queimação ou formigamento. Um instrumento de triagem, como o DN4, deve ser aplicado para confirmar a suspeita.","Se houver suspeita de dor neuropática, caracterizada por sensação de dormência, queimação ou formigamento, aplica-se um instrumento de triagem (como o DN4).",Fase Aguda,"#DorNeuropática, #Triagem",Manejo_Chikungunya_2ed.md,44,4,100.0
chikungunya_qa_0428,Paciente,O que acontece se a dor continuar após 15 dias?,"Se a dor persistir após cerca de 10 dias, inicia-se o manejo da fase pós-aguda, onde pode-se introduzir anti-inflamatórios não hormonais, como ibuprofeno, por até quatro semanas, desde que não haja contraindicações.","Se a dor persistir após cerca de 10 dias, inicia-se o manejo da fase pós-aguda (entre 15 dias e três meses). Nessa fase, pode-se introduzir anti-inflamatórios não hormonais, como ibuprofeno, por até quatro semanas, desde que não haja contraindicações.",Fase Crônica/Subaguda,"#Tratamento, #Dor",Manejo_Chikungunya_2ed.md,44,6,95.0
chikungunya_qa_0429,Paciente,Como é a dor neuropática?,"A dor neuropática é caracterizada por sensação de dormência, queimação ou formigamento.","Em casos selecionados, pode-se utilizar prednisona em dose de aproximadamente 0,5 mg/kg/dia, por tempo limitado (até três semanas), seguida de redução gradual da dose. Analgésicos podem ser mantidos, isoladamente ou associados a opioides, especialmente em pacientes com contraindicação aos AINH. Se houver suspeita de dor neuropática, caracterizada por sensação de dormência, queimação ou formigamento, aplica-se um instrumento de triagem (como o DN4).",Fase Aguda,"#Sintomas, #Dor",Manejo_Chikungunya_2ed.md,44,6,100.0
chikungunya_qa_0430,Médica,Qual é a conduta recomendada para dor neuropática?,"O tratamento da dor neuropática, uma vez confirmada a suspeita, inclui antidepressivos tricíclicos, como amitriptilina, ou anticonvulsivantes, como gabapentina, lembrando que essas medicações têm início de ação mais lento e exigem ajuste progressivo de dose.","Caso confirmado, o tratamento inclui antidepressivos tricíclicos, como amitriptilina, ou anticonvulsivantes, como gabapentina, lembrando que essas medicações têm início de ação mais lento e exigem ajuste progressivo de dose.",Fase Aguda,"#Tratamento, #DorNeuropática",Manejo_Chikungunya_2ed.md,44,6,95.0
chikungunya_qa_0431,Médica,Qual é a abordagem para o manejo da fase pós-aguda da dor?,"Na fase pós-aguda, pode-se introduzir anti-inflamatórios não hormonais, como ibuprofeno, por até quatro semanas, desde que não haja contraindicações, e em casos selecionados, pode-se utilizar prednisona em dose de aproximadamente 0,5 mg/kg/dia, por tempo limitado (até três semanas), seguida de redução gradual da dose.","Nessa fase, pode-se introduzir anti-inflamatórios não hormonais, como ibuprofeno, por até quatro semanas, desde que não haja contraindicações. Em casos selecionados, pode-se utilizar prednisona em dose de aproximadamente 0,5 mg/kg/dia, por tempo limitado (até três semanas), seguida de redução gradual da dose.",Fase Crônica/Subaguda,"#Tratamento, #Manejo",Manejo_Chikungunya_2ed.md,44,6,95.0
chikungunya_qa_0432,Paciente,O que significa ter dor intensa?,Dor intensa é quando a intensidade da dor é classificada de 8 a 10. Isso é representado por rostos com expressões de sofrimento acentuado. É importante buscar ajuda médica se você estiver sentindo esse tipo de dor.,"* já de 8 a 10, a dor é considerada intensa, representada por rostos com выражões de sofrimento acentuado, em tons quentes, como vermelho.",Fase Aguda,"#Sintomas, #Dor",Manejo_Chikungunya_2ed.md,45,1,95.0
chikungunya_qa_0433,Cuidador,Quais são os principais efeitos colaterais dos opioides?,"Os principais efeitos colaterais dos opioides incluem sonolência no idoso, náuseas e constipação intestinal. É importante monitorar o paciente para identificar esses efeitos e agir conforme necessário.","Os principais efeitos colaterais dos opioides são sonolência no idoso, náuseas e constipação intestinal (Brito et al., 2020a).",Fase Aguda,"#EfeitosColaterais, #Medicamentos",Manejo_Chikungunya_2ed.md,45,1,100.0
chikungunya_qa_0434,Médica,Quais são as doses recomendadas de dipirona e paracetamol para adultos?,"Para a dipirona, a dose recomendada é de 1 a 2 comprimidos ou 20 a 40 gotas de 6/6 horas para adultos maiores de 15 anos. Para o paracetamol, a dose é de 1 comprimido a cada 4 a 6 horas ou 2 comprimidos a cada 6 horas, com um máximo de 4.000 mg/dia para adultos e adolescentes maiores de 12 anos.","| Medicamento | Apresentação | Dose | Observações | Contraindicações |
| --- | --- | --- | --- | --- |
| Dipirona | Comprimidos de 500 mg<br>Solução oral (gotas) de 500 mg/ml<br>(1 ml = 20 gotas = 500 mg;<br>1 gota = 25 mg) | Adultos maiores de 15 anos:<br>1 a 2 comprimidos ou<br>20 a 40 gotas de 6/6 horas | Crianças menores de<br>3 meses ou com menos de 5 kg não devem utilizar a dipirona oral.<br>Crianças entre 3 e 11 meses ou com menos de 9kg não devem usar dipirona intravenosa. | * Função da medula óssea prejudicada<br>Doenças do sistema hematopoiético<br> * Broncoespasmo ou outras reações anafilactoides com analgésicos<br> *Porfiria hepática aguda intermitente <br> *Deficiência congênita da glicose-6-fosfato-<br>-desidrogenase (G6PD) (risco de hemólise)<br> *Gravidez e lactação|
| Paracetamol | * Comprimidos de 500 mg<br>Solução oral de 200 mg/ml<br> * (1ml = 15 gotas = 200 mg; 1 gota = 13 mg)| **Adultos e adolescentes maiores de 12 anos:**<br> * 1 comprimido<br>a cada 4 a 6 horas ou 2 comprimidos a cada 6 horas. Máximo 4.000 mg/dia<br>(8 comprimidos/dia)<br> **Crianças menores de 12 anos:**<br>10 a 15 mg/kg/dose<br>a cada 4 a 6 horas |  | Hipersensibilidade ao paracetamol ou a qualquer outro componente de sua fórmula |",Fase Crônica/Subaguda,"#Tratamento, #Medicamentos",Manejo_Chikungunya_2ed.md,45,1,100.0
chikungunya_qa_0435,Paciente,Como eu posso entender melhor a intensidade da dor que estou sentindo?,"A dor pode ser classificada em uma escala de 0 a 10. De 0 a 2, é dor leve; de 3 a 7, é dor moderada; e de 8 a 10, é dor intensa. Isso ajuda a comunicar como você se sente.","* os valores de 0 a 2 correspondem à dor leve, ilustrada por rostos com expressão tranquila ou levemente desconfortável, em tons mais frios (azulados); * de 3 a 7, a dor é classificada como moderada, com expressões progressivamente mais tensas e cores que vão do verde ao amarelo e laranja; * já de 8 a 10, a dor é considerada intensa, representada por rostos com выражões de sofrimento acentuado, em tons quentes, como vermelho.",Fase Aguda,"#Sintomas, #Avaliação",Manejo_Chikungunya_2ed.md,45,2,100.0
chikungunya_qa_0436,Paciente,O que é importante eu saber sobre o tratamento da dor intensa?,"A dor intensa deve ser tratada com medicamentos fortes, conhecidos como opioides, que são seguros quando monitorados. É importante saber que podem causar sonolência, náuseas e constipação intestinal.","Os opioides prescritos na dor intensa são potentes analgésicos e seguros, desde que sejam monitorados e os pacientes alertados dos eventuais eventos adversos. Os principais efeitos colaterais dos opioides são sonolência no idoso, náuseas e constipação intestinal.",Fase Aguda,"#Tratamento, #EfeitosColaterais",Manejo_Chikungunya_2ed.md,45,2,100.0
chikungunya_qa_0437,Cuidador,Quais são os sinais de alerta que eu devo observar no paciente durante o tratamento da dor?,"Fique atento a sinais como sonolência excessiva, náuseas ou qualquer desconforto que possa indicar efeitos colaterais dos medicamentos, especialmente se o paciente estiver usando opioides.","Os principais efeitos colaterais dos opioides são sonolência no idoso, náuseas e constipação intestinal.",Fase Aguda,"#SinaisDeAlerta, #EfeitosColaterais",Manejo_Chikungunya_2ed.md,45,2,95.0
chikungunya_qa_0438,Médica,Quais são as contraindicações para o uso de dipirona?,"As contraindicações para o uso de dipirona incluem: crianças menores de 3 meses ou com menos de 5 kg, que não devem utilizar a dipirona oral. Além disso, crianças entre 3 e 11 meses ou com menos de 9 kg não devem usar dipirona intravenosa. A dipirona é contraindicada em casos de função da medula óssea prejudicada, doenças do sistema hematopoiético, broncoespasmo ou outras reações anafilactoides com analgésicos, porfiria hepática aguda intermitente, deficiência congênita da glicose-6-fosfato-desidrogenase (G6PD), que apresenta risco de hemólise, e durante a gravidez e lactação.",Crianças menores de<br>3 meses ou com menos de 5 kg não devem utilizar a dipirona oral.<br>Crianças entre 3 e 11 meses ou com menos de 9kg não devem usar dipirona intravenosa.<br>* Função da medula óssea prejudicada<br>*Porfiria hepática aguda intermitente,Fase Crônica/Subaguda,"#Contraindicações, #Tratamento",Manejo_Chikungunya_2ed.md,45,2,100
chikungunya_qa_0439,Paciente,O que devo saber sobre o tratamento da dor intensa?,"A dor na fase aguda deve ser tratada de forma efetiva com medicamentos prescritos em doses fixas, nunca 'se necessário'. Os opioides podem ser usados para dor intensa, mas precisam ser monitorados e você deve ser informado sobre possíveis efeitos colaterais como sonolência, náuseas e constipação.","A dor na fase aguda deve ser tratada de forma efetiva, devendo as drogas desta fase serem prescritas em doses fixas e nunca “se necessário”. Recomenda-se repouso para alívio das dores e melhor recuperação. Os opioides prescritos na dor intensa são potentes analgésicos e seguros, desde que sejam monitorados e os pacientes alertados dos eventuais eventos adversos.",Fase Aguda,"#Tratamento, #Dor",Manejo_Chikungunya_2ed.md,45,3,95.0
chikungunya_qa_0440,Cuidador,Quais cuidados devo ter ao tratar a dor do paciente?,"É importante garantir que a avaliação da dor seja verdadeira. Explique ao paciente que deve relatar a dor de forma honesta para evitar que ele relate notas altas por medo de não receber analgésicos. Além disso, monitore os efeitos colaterais dos opioides, como sonolência e constipação, e esteja atento ao repouso para alívio das dores.","Faz-se necessário que, durante a aferição da dor de um paciente, este seja esclarecido que a informação seja verdadeira e que existe uma abordagem para cada tipo de dor e numeração, a fim de evitar falhas metodológicas como os pacientes sempre relatando notas muito altas (9-10 na EVA) por medo de não receberem analgésicos para notas menores.",Fase Aguda,"#Cuidados, #Dor",Manejo_Chikungunya_2ed.md,45,3,100.0
chikungunya_qa_0441,Médica,Qual é a recomendação de dosagem para dipirona em adultos?,A dose recomendada de dipirona para adultos maiores de 15 anos é de 1 a 2 comprimidos ou 20 a 40 gotas a cada 6 horas.,Adultos maiores de 15 anos:<br>1 a 2 comprimidos ou<br>20 a 40 gotas de 6/6 horas.,Fase Crônica/Subaguda,"#Tratamento, #Dosagem",Manejo_Chikungunya_2ed.md,45,3,100.0
chikungunya_qa_0442,Paciente,Qual é a dose máxima de paracetamol que posso tomar em um dia?,"A dose máxima de paracetamol que você pode tomar em um dia é de 4.000 mg, o que equivale a 8 comprimidos de 500 mg.",Máximo 4.000 mg/dia (8 comprimidos/dia),Fase Aguda,"#Tratamento, #Dose",Manejo_Chikungunya_2ed.md,46,1,100.0
chikungunya_qa_0443,Paciente,Qual é a dose de paracetamol para crianças?,"Para crianças menores de 12 anos, a dose de paracetamol é de 10 a 15 mg por quilo do peso da criança, a cada 4 a 6 horas.",10 a 15 mg/kg/dose a cada 4 a 6 horas,Fase Crônica/Subaguda,"#Tratamento, #Dose",Manejo_Chikungunya_2ed.md,46,1,100.0
chikungunya_qa_0444,Médica,Qual é a dose máxima de tramadol que pode ser administrada em um dia?,A dose máxima de tramadol que pode ser administrada em um dia é de 400 mg.,Dose máxima de 400 mg ao dia,Fase Aguda,"#Tratamento, #Dose",Manejo_Chikungunya_2ed.md,46,1,95.0
chikungunya_qa_0445,Médica,Qual é a dose recomendada de tramadol para adultos e adolescentes?,"A dose recomendada de tramadol para adultos e adolescentes maiores de 12 anos é de 50 a 100 mg a cada 4 a 6 horas, com uma dose máxima de 400 mg ao dia.",50 a 100 mg a cada 4 a 6 horas<br>Dose máxima de 400 mg ao dia,Fase Crônica/Subaguda,"#Tratamento, #Dosagem",Manejo_Chikungunya_2ed.md,46,2,95.0
chikungunya_qa_0446,Paciente,Como posso tomar o paracetamol?,"Se você é um adulto ou adolescente maior de 12 anos, pode tomar 1 comprimido de paracetamol a cada 4 a 6 horas ou 2 comprimidos a cada 6 horas, com um máximo de 4.000 mg por dia, o que equivale a 8 comprimidos. Para crianças menores de 12 anos, a dosagem recomendada é de 10 a 15 mg por kg de peso corporal a cada 4 a 6 horas. É importante lembrar que você não deve tomar paracetamol se tiver hipersensibilidade ao medicamento ou a qualquer outro componente da sua fórmula.",1 comprimido a cada 4 a 6 horas ou 2 comprimidos a cada 6 horas.,Fase Crônica/Subaguda,"#Tratamento, #Medicamentos",Manejo_Chikungunya_2ed.md,46,3,100
chikungunya_qa_0447,Médica,Qual é a dose máxima de codeína para adultos?,A dose máxima de codeína para adultos é de 360 mg por dia.,Dose máxima 360 mg/dia,Fase Aguda,"#Tratamento, #Medicamentos",Manejo_Chikungunya_2ed.md,46,3,100.0
chikungunya_qa_0448,Paciente,Qual é a dose de tramadol que posso tomar?,"Para adultos e adolescentes maiores de 12 anos, a dose recomendada de tramadol é de 50 a 100 mg a cada 4 a 6 horas, com um máximo de 400 mg ao dia.",50 a 100 mg a cada 4 a 6 horas. Dose máxima de 400 mg ao dia,Fase Crônica/Subaguda,"#Tratamento, #Dosagem",Manejo_Chikungunya_2ed.md,46,4,100.0
chikungunya_qa_0449,Médica,Qual é a dose recomendada de paracetamol para crianças menores de 12 anos?,"A dose recomendada de paracetamol para crianças menores de 12 anos é de 10 a 15 mg/kg/dose, administrada a cada 4 a 6 horas.",10 a 15 mg/kg/dose a cada 4 a 6 horas,Fase Crônica/Subaguda,"#Tratamento, #Dosagem",Manejo_Chikungunya_2ed.md,46,4,100.0
chikungunya_qa_0450,Médica,Qual é a dosagem recomendada de tramadol para adolescentes?,"A dose recomendada de tramadol para adultos e adolescentes maiores de 12 anos é de 50 a 100 mg a cada 4 a 6 horas, com uma dose máxima de 400 mg ao dia.",**Adultos e adolescentes maiores de 12 anos:**<br>* 50 a 100 mg a cada 4 a 6 horas<br>Dose máxima de 400 mg ao dia,Fase Crônica/Subaguda,"#Tratamento, #Dosagem",Manejo_Chikungunya_2ed.md,46,5,100.0
chikungunya_qa_0451,Paciente,Quais são os tipos de dor que posso sentir após 15 dias da infecção?,"Você pode sentir dor musculoesquelética localizada ou difusa, dor articular ou periarticular com inchaço, e dor neuropática. É importante observar esses sintomas durante o tratamento.",a) dor musculoesquelética localizada ou difusa não inflamatória; b) artrite/tenossinovite (doença articular ou periarticular associada a edema); c) dor neuropática.,Fase Aguda,"#Sintomas, #Tratamento",Manejo_Chikungunya_2ed.md,47,1,95.0
chikungunya_qa_0452,Paciente,Como é o tratamento para a dor musculoesquelética?,"Para dor musculoesquelética, você deve ser medicado com anti-inflamatórios não esteroides (AINEs) e seu quadro será reavaliado após 10 dias. Se você responder bem ao tratamento, ele pode continuar por até quatro semanas.","Na dor musculoesquelética localizada ou difusa não inflamatória, os pacientes necessitam ser medicados com AINEs, devendo o quadro ser reavaliado após 10 dias. Se o paciente apresentar boa resposta, o tratamento pode ser mantido por até quatro semanas.",Fase Aguda,"#Tratamento, #Sintomas",Manejo_Chikungunya_2ed.md,47,1,95.0
chikungunya_qa_0453,Paciente,O que acontece se eu não melhorar com os analgésicos?,"Se você não tiver uma boa resposta aos analgésicos habituais, será necessário associar outra classe terapêutica ao seu tratamento, após a confirmação clínica do seu quadro. Isso pode incluir o uso de antidepressivos tricíclicos, como amitriptilina ou nortriptilina, ou anticonvulsivantes, como gabapentina, pregabalina ou carbamazepina. É importante lembrar que o início da ação desses medicamentos é mais lento, ocorrendo após duas semanas de uso. Além disso, se você apresentar dor neuropática associada à dor articular, o 'Questionário para dor neuropática (DN4)' deve ser aplicado para avaliar a presença de um componente neuropático. Se quatro ou mais respostas forem positivas, isso indica que você pode ter um quadro de dor com componente neuropático, o que justifica a introdução desses medicamentos. Também é fundamental realizar exames laboratoriais antes do início das terapias medicamentosas e de controle, especialmente se você estiver utilizando AINEs e corticoides, que incluem hemograma, glicemia de jejum, ureia, creatinina e transaminases.","Caso não haja resposta aos analgésicos habituais, será necessário associar outra classe terapêutica ao tratamento após confirmação clínica do quadro.",Fase Aguda,"#Tratamento, #Sintomas",Manejo_Chikungunya_2ed.md,47,1,91.25
chikungunya_qa_0454,Médica,Qual é a dose recomendada de prednisona para o tratamento da artrite/tenossinovite?,"A dose recomendada de prednisona é de 0,5 mg/kg/dia, com uma dose máxima de 40 mg. Após quatro semanas, a dose deve ser retirada lentamente, reduzindo um quarto a cada sete dias.","A prednisona deve ser prescrita 0,5 mg/kg/dia (dose máxima 40 mg), isolado ou associado a analgésico comum ou opioide fraco. Após quatro semanas, caso o paciente apresente uma boa resposta, a dose deve ser retirada lentamente (desmame), reduzindo um quarto da dose a cada sete dias.",Fase Aguda,"#Tratamento, #Dosagem",Manejo_Chikungunya_2ed.md,47,1,100.0
chikungunya_qa_0455,Paciente,Quais são os tipos de dor que posso sentir entre 15 e 90 dias após a infecção?,"Você pode sentir dor musculoesquelética localizada ou difusa que não é inflamatória, artrite ou tenossinovite, que é uma dor nas articulações com inchaço, ou dor neuropática.","A fase pós-aguda corresponde àquela em que existe uma persistência dos sintomas no período entre 15 e 90 dias. Uma avaliação clínica e, eventualmente, com métodos de imagem se faz necessária para definir o padrão clínico predominante: a) dor musculoesquelética localizada ou difusa não inflamatória; b) artrite/tenossinovite (doença articular ou periarticular associada a edema); c) dor neuropática.",Fase Aguda,"#Sintomas, #Evolução",Manejo_Chikungunya_2ed.md,47,2,100.0
chikungunya_qa_0456,Médica,Qual é a conduta recomendada para pacientes com dor neuropática associada?,"Em casos de dor neuropática associada, deve-se aplicar o 'Questionário para dor neuropática (DN4)'. Se quatro ou mais respostas forem positivas, antidepressivos tricíclicos ou anticonvulsivantes devem ser utilizados. O início da ação ocorre após duas semanas de uso.","Caso não haja resposta aos analgésicos habituais, será necessário associar outra classe terapêutica ao tratamento após confirmação clínica do quadro. O “Questionário para dor neuropática (DN4)” deve ser aplicado... Se quatro ou mais respostas forem positivas, provavelmente o paciente apresenta um quadro de dor com componente neuropático. Nestes casos devem ser utilizados antidepressivos tricíclicos (amitriptilina, nortriptilina) ou anticonvulsivantes (gabapentina, pregabalina, carbamazepina). O início da ação é mais lento, ocorrendo após duas semanas de uso.",Fase Aguda,"#Tratamento, #Diagnóstico",Manejo_Chikungunya_2ed.md,47,2,100.0
chikungunya_qa_0457,Médica,Qual é a dose máxima de prednisona e como deve ser feita a redução após tratamento?,"A dose máxima de prednisona é de 40 mg/dia, e após quatro semanas de boa resposta, a redução deve ser feita lentamente, diminuindo um quarto da dose a cada sete dias, com um tempo total de uso de oito semanas.","A prednisona deve ser prescrita 0,5 mg/kg/dia (dose máxima 40 mg)... Após quatro semanas, caso o paciente apresente uma boa resposta, a dose deve ser retirada lentamente (desmame), reduzindo um quarto da dose a cada sete dias (tempo total de uso – oito semanas).",Fase Aguda,"#Tratamento, #Conduta",Manejo_Chikungunya_2ed.md,47,2,100.0
chikungunya_qa_0458,Paciente,Como é o tratamento para a dor nas articulações?,"Para o tratamento da dor nas articulações, é necessário considerar se a dor é de natureza inflamatória ou não inflamatória. Se a dor for musculoesquelética localizada ou difusa não inflamatória, o paciente deve ser medicado com anti-inflamatórios não esteroides (AINEs). O tratamento deve ser reavaliado após 10 dias e, se houver boa resposta, pode ser mantido por até quatro semanas, com uma redução gradual até a retirada total do medicamento. Para pacientes que têm contraindicações ou risco para o uso de AINEs, analgésicos isolados ou associados a opioides devem ser prescritos por um período de quatro semanas. 

Caso a dor esteja associada a artrite ou tenossinovite, que é uma condição inflamatória, o uso de corticoides é indicado após 14 dias. A prednisona deve ser prescrita na dose de 0,5 mg/kg/dia, com uma dose máxima de 40 mg, podendo ser administrada isoladamente ou em combinação com analgésicos comuns ou opioides fracos. Após quatro semanas, se o paciente apresentar boa resposta, a dose deve ser reduzida lentamente, diminuindo um quarto da dose a cada sete dias, totalizando um tempo de uso de oito semanas. É crucial evitar a suspensão abrupta ou a retirada rápida do corticoide, pois isso pode levar a um efeito rebote e recidiva dos sintomas. Além disso, as contraindicações ao uso de corticoides devem ser rigorosamente respeitadas. 

É importante notar que cerca de 30% dos pacientes podem apresentar dor neuropática associada à dor articular. Se não houver resposta aos analgésicos habituais, pode ser necessário associar outra classe terapêutica após confirmação clínica. O 'Questionário para dor neuropática (DN4)' deve ser aplicado, e se quatro ou mais respostas forem positivas, o paciente provavelmente apresenta um quadro de dor com componente neuropático. Nesses casos, antidepressivos tricíclicos (como amitriptilina ou nortriptilina) ou anticonvulsivantes (como gabapentina, pregabalina ou carbamazepina) devem ser utilizados, lembrando que o início da ação é mais lento, ocorrendo após duas semanas de uso. 

Antes de iniciar qualquer terapia medicamentosa, exames laboratoriais como hemograma, glicemia de jejum, ureia, creatinina e transaminases devem ser solicitados, especialmente para usuários de AINEs e corticoides.","Na dor musculoesquelética localizada ou difusa não inflamatória, os pacientes necessitam ser medicados com AINEs, devendo o quadro ser reavaliado após 10 dias.",Fase Aguda,"#Tratamento, #Sintomas",Manejo_Chikungunya_2ed.md,47,3,100
chikungunya_qa_0459,Cuidador,O que devo fazer se meu familiar não melhorar com os analgésicos?,"Se seu familiar não melhorar com os analgésicos habituais, é necessário associar outra classe terapêutica após confirmação clínica. O médico pode solicitar o ‘Questionário para dor neuropática (DN4)’ para avaliação.","Caso não haja resposta aos analgésicos habituais, será necessário associar outra classe terapêutica ao tratamento após confirmação clínica do quadro.",Fase Aguda,"#CuidadosPráticos, #SinaisDeAlerta",Manejo_Chikungunya_2ed.md,47,3,95.0
chikungunya_qa_0460,Cuidador,Quais exames devo solicitar antes de iniciar o tratamento?,"Antes de começar o tratamento com remédios para dor e corticoides, você deve pedir alguns exames de sangue. Esses exames incluem um hemograma, que verifica as células do sangue, glicemia de jejum para checar o açúcar no sangue, ureia e creatinina para avaliar os rins, e transaminases para ver como está o fígado.",Exames laboratoriais antes do início das terapias medicamentosas e de controle devem ser solicitados em usuários de AINEs e corticoides.,Fase Aguda,"#CuidadosPráticos, #Exames",Manejo_Chikungunya_2ed.md,47,3,98.75
chikungunya_qa_0461,Médica,Qual é a dose recomendada de prednisona para pacientes com artrite/tenossinovite?,"A dose recomendada de prednisona para pacientes com artrite/tenossinovite é de 0,5 mg/kg/dia, com dose máxima de 40 mg. A redução deve ser feita lentamente após quatro semanas.","A prednisona deve ser prescrita 0,5 mg/kg/dia (dose máxima 40 mg), isolado ou associado a analgésico comum ou opioide fraco.",Fase Aguda,"#Tratamento, #Dosagem",Manejo_Chikungunya_2ed.md,47,3,95.0
chikungunya_qa_0462,Médica,Como deve ser feita a redução da dose de corticoide após o tratamento?,"Após quatro semanas, caso o paciente apresente uma boa resposta, a dose deve ser retirada lentamente, reduzindo um quarto da dose a cada sete dias, totalizando um tempo de uso de oito semanas.","Após quatro semanas, caso o paciente apresente uma boa resposta, a dose deve ser retirada lentamente (desmame), reduzindo um quarto da dose a cada sete dias (tempo total de uso – oito semanas).",Fase Aguda,"#Tratamento, #Medicamentos",Manejo_Chikungunya_2ed.md,47,5,100.0
chikungunya_qa_0463,Paciente,Como posso saber se a dor que estou sentindo é neuropática?,"Você pode usar o 'Questionário para dor neuropática (DN4)'. Se quatro ou mais respostas forem positivas, é provável que você tenha dor com componente neuropático.","Caso não haja resposta aos analgésicos habituais, será necessário associar outra classe terapêutica ao tratamento após confirmação clínica do quadro. O “Questionário para dor neuropática (DN4)” deve ser aplicado.",Fase Aguda,"#DorNeuropática, #Avaliação",Manejo_Chikungunya_2ed.md,47,6,100.0
chikungunya_qa_0464,Médica,Qual é a conduta após quatro semanas de tratamento com prednisona?,"Após quatro semanas, caso o paciente apresente uma boa resposta, a dose deve ser retirada lentamente, reduzindo um quarto da dose a cada sete dias, totalizando um tempo de uso de oito semanas.","Após quatro semanas, caso o paciente apresente uma boa resposta, a dose deve ser retirada lentamente (desmame), reduzindo um quarto da dose a cada sete dias (tempo total de uso – oito semanas).",Fase Aguda,"#Conduta, #Desmame",Manejo_Chikungunya_2ed.md,47,6,100.0
chikungunya_qa_0465,Paciente,Quais remédios posso usar para tratar a dor neuropática?,"Para tratar a dor nos nervos, você pode usar remédios como a amitriptilina e a nortriptilina, que são antidepressivos, ou anticonvulsivantes como a gabapentina, a pregabalina e a carbamazepina. Esses remédios ajudam a aliviar a dor, mas podem levar um tempo para fazer efeito, geralmente algumas semanas.","Nestes casos devem ser utilizados antidepressivos tricíclicos (amitriptilina, nortriptilina) ou anticonvulsivantes (gabapentina, pregabalina, carbamazepina).",Fase Aguda,#Tratamento,Manejo_Chikungunya_2ed.md,48,1,96.25
chikungunya_qa_0466,Paciente,Quanto tempo leva para os remédios começarem a fazer efeito?,"Os remédios começam a fazer efeito após duas semanas de uso, então é importante ter paciência.","O início da ação é mais lento, ocorrendo após duas semanas de uso.",Fase Aguda,#Tratamento,Manejo_Chikungunya_2ed.md,48,1,100.0
chikungunya_qa_0467,Médica,Quais são as doses recomendadas de amitriptilina para adultos e adolescentes?,"Para adultos, a dose recomendada de amitriptilina é de 25 a 100 mg/dia, com uma dose máxima de 150 mg/dia. Para adolescentes com mais de 12 anos, a dose é de 25 mg ou 0,1 a 2 mg/kg/dia.","**Adultos:**<br>* 25 a 100 mg/dia<br>Dose máxima 150 mg/dia<br>**Adolescentes >12 anos:**<br>* 25 mg ou 0,1<br>a 2 mg/kg/dia",Fase Crônica/Subaguda,#Tratamento,Manejo_Chikungunya_2ed.md,48,1,100.0
chikungunya_qa_0468,Paciente,Qual é a dose máxima de carbamazepina que posso tomar?,A dose máxima de carbamazepina é de 1.200 mg por dia.,Dose máxima de 1.200 mg/dia,Fase Aguda,"#Tratamento, #Carbamazepina",Manejo_Chikungunya_2ed.md,49,1,100.0
chikungunya_qa_0469,Médica,Qual é a dose inicial recomendada de gabapentina para adultos?,"A dose inicial recomendada de gabapentina para adultos é de 300 mg três vezes ao dia, podendo ser aumentada até a dose máxima de 3.600 mg por dia.",**Dose inicial:**<br>* 300 mg 3 vezes ao dia<br>A dose pode ser aumentada até<br>a dose máxima de 3.600 mg/dia,Fase Aguda,"#Tratamento, #Gabapentina",Manejo_Chikungunya_2ed.md,49,1,100.0
chikungunya_qa_0470,Paciente,Quais são as doses de gabapentina para crianças?,"Para crianças entre 3 e 12 anos, a dose inicial de gabapentina é de 10 a 15 mg por quilo de peso corporal por dia, três vezes ao dia. Para crianças acima de 12 anos, a dose inicial é de 300 mg três vezes ao dia.","**Crianças:**<br>* Entre 3 e 12 anos, dose inicial = 10 a 15 mg/kg/ dia, 3 vezes ao dia<br>* Acima de 12 anos = 300 mg 3 vezes<br>ao dia",Fase Crônica/Subaguda,"#Tratamento, #Gabapentina",Manejo_Chikungunya_2ed.md,49,2,95.0
chikungunya_qa_0471,Paciente,Quais cuidados devo ter ao usar ciclobenzaprina?,"A ciclobenzaprina deve ser usada preferencialmente à noite devido à sonolência. É importante lembrar que não deve ser utilizada por pessoas com hipersensibilidade à ciclobenzaprina, gravidez, lactação, glaucoma, retenção urinária, arritmia cardíaca, bloqueio, insuficiência cardíaca congestiva, fase aguda de infarto agudo do miocárdio e hipertireoidismo.","* Liberado para maiores de<br>15 anos.<br>* Uso preferencial a noite devido à sonolência. | * Hipersensibilidade a ciclobenzaprina<br>* Gravidez e lactação<br>* Glaucoma ou retenção urinária<br>* Arritmia cardíaca, bloqueio, insuficiência cardíaca congestiva, fase aguda de infarto agudo do miocárdio e hipertireodismo.",Fase Aguda,"#Cuidados, #Ciclobenzaprina",Manejo_Chikungunya_2ed.md,49,2,100.0
chikungunya_qa_0472,Paciente,O que acontece se eu tiver dor nas articulações por mais de 90 dias?,"Se você tiver dor nas articulações por mais de 90 dias, isso indica que suas queixas musculoesqueléticas estão na fase crônica. Nessa fase, pode ser necessário o uso de analgésicos, opioides, anti-inflamatórios não esteroides (AINEs) e corticoides, especialmente em casos refratários ou recidivantes. Esses medicamentos podem ser utilizados como uma ponte enquanto se aguarda o início da ação das drogas específicas para a fase crônica. Exames como radiografia simples podem ser solicitados para avaliar danos articulares, enquanto a ultrassonografia musculoesquelética e a ressonância magnética são úteis para identificar lesões articulares, periarticulares, edemas de origem vascular, lesões de ligamentos e tendões, e presença de erosões. Além disso, recomenda-se que você seja testado para chikungunya e outros testes específicos para diagnóstico diferencial com outras doenças. A hidroxicloroquina (HCQ) é a droga de escolha nesta fase e deve ser mantida por três meses após uma resposta clínica favorável, que deve ser avaliada após oito semanas. Se a HCQ falhar, o Metotrexato (MTX) deve ser prescrito. Para casos em que o MTX também falhar, o médico deve encaminhar você para um reumatologista. O uso do MTX foi recomendado em diretrizes internacionais e nacionais para o tratamento da chikungunya crônica, especialmente em casos moderados ou intensos com acometimento de mais de cinco articulações e dor moderada a intensa. Com as terapias sugeridas, a maioria dos pacientes tende a ver uma regressão dos sintomas, mas um pequeno percentual pode necessitar de avaliação médica adicional, exames laboratoriais e de imagem específicos, e ajustes nas terapias. Alguns pacientes com quadro articular inflamatório crônico e falha terapêutica podem até precisar de imunobiológicos, seguindo as recomendações para o tratamento da artrite reumatoide ou da espondiloartrite.","Corresponde à fase em que as queixas musculoesqueléticas persistem nos pacientes com por um período superior a 90 dias. Nesta fase, o uso de analgésicos, opioides, AINEs e corticoides pode ser instituído nos casos refratários ou recidivantes, ou ainda como ponte enquanto se aguarda o início da ação das drogas de fase crônica.",Fase Crônica/Subaguda,"#Sintomas, #Tratamento",Manejo_Chikungunya_2ed.md,50,1,100
chikungunya_qa_0473,Paciente,Como posso saber se meu tratamento está funcionando?,"Você deve ser avaliado após oito semanas de tratamento. Se houver uma resposta clínica favorável, o tratamento pode ser mantido por mais três meses.","Os pacientes devem ser avaliados após oito semanas, e em caso de resposta clínica favorável deve-se manter a droga por mais três meses.",Fase Crônica/Subaguda,"#Tratamento, #Evolução",Manejo_Chikungunya_2ed.md,50,1,95.0
chikungunya_qa_0474,Médica,Qual é a droga de escolha para o tratamento de chikungunya crônica?,"A droga de escolha nesta fase é preferencialmente a hidroxicloroquina (HCQ). Na falha do HCQ, deve ser prescrito o Metrotexato (MTX).","A droga de escolha nesta fase é preferencialmente a hidroxicloroquina (HCQ). Na falha do HCQ, deve ser prescrito o Metrotexato (MTX).",Fase Crônica/Subaguda,"#Tratamento, #Medicamentos",Manejo_Chikungunya_2ed.md,50,1,95.0
chikungunya_qa_0475,Médica,Quais exames são recomendados para avaliação em pacientes com dor articular crônica?,"A radiografia simples pode ser solicitada para avaliar dano articular, enquanto a ultrassonografia musculoesquelética e a ressonância magnética podem ser úteis para identificar lesões articulares, periarticulares, edemas de origem vascular, lesões de ligamentos e tendões, e presença de erosões.","A radiografia simples, por exemplo, pode ser solicitada para avaliar dano articular. A ultrassonografia musculoesquelética e a ressonância magnética podem ser úteis para identificar lesões articulares, periarticulares, edemas de origem vascular, lesões de ligamentos e tendões, presença de erosões, bem como para avaliar a intensidade da inflamação.",Fase Crônica/Subaguda,"#Diagnóstico, #Exames",Manejo_Chikungunya_2ed.md,50,1,100.0
chikungunya_qa_0476,Paciente,Quais são os possíveis resultados do tratamento para dor nas articulações?,"Com as terapias sugeridas, os sintomas tendem a regredir na maioria dos pacientes com queixas musculoesqueléticas que persistem por mais de 90 dias. A droga de escolha nesta fase é a hidroxicloroquina (HCQ), que deve ser mantida por três meses em caso de resposta clínica favorável após oito semanas. Se houver falha no tratamento com HCQ, o Metotrexato (MTX) deve ser prescrito. Para os casos que não responderem ao MTX, o médico deve encaminhar o paciente para um reumatologista. É importante ressaltar que o MTX foi considerado para o tratamento da chikungunya crônica em diretrizes e manuais, sendo recomendado para doença moderada ou intensa com acometimento de mais de cinco articulações, além de edema e dor moderada a intensa. A avaliação médica adicional pode ser necessária para um pequeno percentual de pacientes que não respondem às terapias, onde exames laboratoriais e de imagem específicos serão realizados para ampliar a investigação clínica e decidir sobre ajustes ou novas terapias, incluindo a possibilidade de imunobiológicos para aqueles com quadro articular inflamatório crônico e falha terapêutica.","Com as terapias sugeridas, os sintomas tendem a regredir na maioria dos pacientes, ficando um percentual pequeno para avaliação médica.",Fase Crônica/Subaguda,"#Tratamento, #Evolução",Manejo_Chikungunya_2ed.md,50,1,92.5
chikungunya_qa_0477,Paciente,Qual é o tratamento recomendado se eu tiver dor nas articulações por muito tempo?,"Se você estiver com dor nas articulações por mais de 90 dias, o tratamento recomendado inclui o uso de hidroxicloroquina (HCQ) como droga de escolha. É importante que você seja avaliado após oito semanas de uso da HCQ. Se houver uma resposta clínica favorável, a medicação deve ser mantida por mais três meses. Caso não haja melhora, o médico pode prescrever o Metrotexato (MTX). O MTX é considerado para o tratamento da chikungunya crônica e é recomendado para casos de doença moderada ou intensa, especialmente se houver acometimento de mais de cinco articulações, além de edema e dor moderada a intensa. Se o tratamento com MTX também falhar, o médico deve encaminhar o caso para um reumatologista. Além disso, é recomendado que você faça exames como radiografia simples para avaliar dano articular, ultrassonografia musculoesquelética e ressonância magnética para identificar lesões articulares e avaliar a intensidade da inflamação. Também é importante realizar testes sorológicos para chikungunya e outros testes específicos para diagnóstico diferencial com outras doenças. Com as terapias sugeridas, a maioria dos pacientes tende a ter uma regressão dos sintomas, mas um pequeno percentual pode necessitar de avaliação médica adicional e, em casos de falha terapêutica, pode ser necessário o uso de imunobiológicos, seguindo as recomendações para o tratamento da artrite reumatoide ou da espondiloartrite.","A droga de escolha nesta fase é preferencialmente a hidroxicloroquina (HCQ). Os pacientes devem ser avaliados após oito semanas, e em caso de resposta clínica favorável deve-se manter a droga por mais três meses. Na falha do HCQ, deve ser prescrito o Metrotexato (MTX).",Fase Crônica/Subaguda,#Tratamento,Manejo_Chikungunya_2ed.md,50,2,91.25
chikungunya_qa_0478,Médica,Qual é o protocolo de tratamento para chikungunya crônica?,"O protocolo de tratamento para chikungunya crônica recomenda a hidroxicloroquina (HCQ) como a droga de escolha. Os pacientes devem ser avaliados após oito semanas de tratamento. Se houver resposta clínica favorável, a HCQ deve ser mantida por mais três meses. Em caso de falha no tratamento com HCQ, o Metrotexato (MTX) deve ser prescrito. O uso do MTX é indicado para pacientes com doença moderada ou intensa, que apresentem acometimento de mais de cinco articulações, além de edema e dor moderada a intensa. É importante que os pacientes sejam testados com sorologia para chikungunya e que sejam realizados testes específicos para diagnóstico diferencial com outras doenças. Exames como radiografia simples, ultrassonografia musculoesquelética e ressonância magnética podem ser solicitados para avaliar lesões articulares e a intensidade da inflamação. Para casos de falha do MTX, o médico deve encaminhar o paciente para um reumatologista. O uso do MTX foi considerado em manuais da Opas e recomendado em diretrizes e consensos de especialistas para o manejo da chikungunya. Com as terapias sugeridas, a maioria dos pacientes tende a ter regresso dos sintomas, mas um percentual pequeno pode necessitar de investigação clínica adicional e, em casos de quadro articular inflamatório crônico com falha terapêutica, pode ser necessário o uso de imunobiológicos, seguindo as recomendações para o tratamento da artrite reumatoide ou da espondiloartrite.","A droga de escolha nesta fase é preferencialmente a hidroxicloroquina (HCQ). Os pacientes devem ser avaliados após oito semanas, e em caso de resposta clínica favorável deve-se manter a droga por mais três meses. Na falha do HCQ, deve ser prescrito o Metrotexato (MTX). O uso foi recomendado para doença moderada ou intensa com acometimento de mais de cinco articulações; edema e dor moderada a intensa.",Fase Crônica/Subaguda,"#Tratamento, #Diretrizes",Manejo_Chikungunya_2ed.md,50,2,92.5
chikungunya_qa_0479,Médica,Qual a conduta recomendada após a falha do tratamento com Metrotexato?,"Na falha do MTX, o médico deve encaminhar o caso para o reumatologista, conforme indicado no fluxo de tratamento.","Para os casos de falha do MTX, o médico deve encaminhar o caso para o reumatologista (Anexo A, Fluxograma 2).",Fase Aguda,"#Conduta, #Encaminhamento",Manejo_Chikungunya_2ed.md,50,3,100.0
chikungunya_qa_0480,Médica,Quais são as diretrizes para o uso de Metrotexato no tratamento da chikungunya?,"O MTX foi recomendado para doença moderada ou intensa com acometimento de mais de cinco articulações; edema e dor moderada a intensa, conforme diretrizes de organizações como a Opas e a Sociedade Brasileira de Reumatologia.",O uso foi recomendado para doença moderada ou intensa com acometimento de mais de cinco articulações; edema e dor moderada a intensa.,Fase Aguda,"#Tratamento, #Diretrizes",Manejo_Chikungunya_2ed.md,50,3,95.0
chikungunya_qa_0481,Paciente,Quais exames são recomendados para saber como está a minha dor nas articulações?,"Os exames recomendados incluem radiografia simples para avaliar dano articular, ultrassonografia musculoesquelética e ressonância magnética para identificar lesões articulares, edemas, e a intensidade da inflamação.","A radiografia simples, por exemplo, pode ser solicitada para avaliar dano articular. A ultrassonografia musculoesquelética e a ressonância magnética podem ser úteis para identificar lesões articulares...",Fase Aguda,"#Exames, #Diagnóstico",Manejo_Chikungunya_2ed.md,50,4,95.0
chikungunya_qa_0482,Médica,Qual é a conduta recomendada após a falha do tratamento com hidroxicloroquina?,"Na falha do tratamento com hidroxicloroquina, deve-se prescrever o Metrotexato. Se houver falha do Metrotexato, o paciente deve ser encaminhado para um reumatologista.","Na falha do HCQ, deve ser prescrito o Metrotexato (MTX). Para os casos de falha do MTX, o médico deve encaminhar o caso para o reumatologista.",Fase Aguda,"#Tratamento, #Conduta",Manejo_Chikungunya_2ed.md,50,5,100.0
chikungunya_qa_0483,Paciente,Qual é o tempo que eu tenho que esperar para saber se o tratamento está funcionando?,"Os pacientes devem ser avaliados após oito semanas, e se houver uma resposta clínica favorável, a droga deve ser mantida por mais três meses.","Os pacientes devem ser avaliados após oito semanas, e em caso de resposta clínica favorável deve-se manter a droga por mais três meses.",Fase Crônica/Subaguda,"#Tratamento, #Avaliação",Manejo_Chikungunya_2ed.md,50,6,100.0
chikungunya_qa_0484,Médica,Qual é o tratamento recomendado após a falha do tratamento com hidroxicloroquina?,"Na falha do tratamento com hidroxicloroquina, deve ser prescrito o Metrotexato (MTX).","Na falha do HCQ, deve ser prescrito o Metrotexato (MTX).",Fase Aguda,"#Tratamento, #Conduta",Manejo_Chikungunya_2ed.md,50,6,95.0
chikungunya_qa_0485,Paciente,O que pode acontecer com meus sintomas se eu começar o tratamento?,"Com as terapias sugeridas, os sintomas tendem a regredir na maioria dos pacientes, mas um percentual pequeno pode precisar de avaliação médica para investigação clínica.","Com as terapias sugeridas, os sintomas tendem a regredir na maioria dos pacientes, ficando um percentual pequeno para avaliação médica...",Fase Aguda,"#Sintomas, #Tratamento",Manejo_Chikungunya_2ed.md,51,1,95.0
chikungunya_qa_0486,Cuidador,Quais cuidados devemos ter ao usar medicamentos para o tratamento?,"É importante que os médicos fiquem atentos aos efeitos colaterais que cada tipo de medicamento pode causar. Além disso, é necessário fazer acompanhamento clínico e exames laboratoriais antes e durante o uso dos remédios para garantir a segurança do tratamento.",Os médicos devem estar atentos aos efeitos adversos próprios de cada classe terapêutica prescrita nesta fase do tratamento e à necessidade de monitorização clínica e laboratorial específica...,Fase Aguda,"#Tratamento, #Cuidados",Manejo_Chikungunya_2ed.md,51,1,91.25
chikungunya_qa_0487,Cuidador,Quando devemos buscar avaliação médica durante o tratamento?,"Se houver falha na terapia ou se os sintomas persistirem, é importante buscar avaliação médica para ampliar a investigação clínica e decidir as terapêuticas a serem ajustadas.","ficando um percentual pequeno para avaliação médica, que irá ampliar a investigação clínica e o diagnóstico diferencial...",Fase Aguda,"#Tratamento, #SinaisDeAlerta",Manejo_Chikungunya_2ed.md,51,1,95.0
chikungunya_qa_0488,Médica,Quais exames são necessários antes da prescrição de drogas imunossupressoras?,"Para a prescrição das drogas imunossupressoras, são necessários exames específicos, como pesquisa de hepatite B (HBsAg, Anti-HBs, Anti-HBC), hepatite C (Anti HCV) e HIV.","Para a prescrição das drogas imunossupressoras, são necessários exames específicos, como pesquisa de hepatite B (HBsAg, Anti-HBs, Anti-HBC), hepatite C (Anti HCV) e HIV.",Fase Aguda,"#Diagnóstico, #Tratamento",Manejo_Chikungunya_2ed.md,51,1,100.0
chikungunya_qa_0489,Médica,Quais são as doses recomendadas para o tratamento com Hidroxicloroquina?,"A dose recomendada de Hidroxicloroquina é de 6 mg/kg/dia, com uma dose máxima de 400 mg/dia.",Dose máxima: 400 mg/dia.,Fase Aguda,"#Tratamento, #Dosagem",Manejo_Chikungunya_2ed.md,51,1,95.0
chikungunya_qa_0490,Paciente,O que devo fazer se os sintomas de dor nas articulações não melhorarem?,"Se os sintomas persistirem, é importante procurar avaliação médica para ampliar a investigação clínica e realizar exames laboratoriais e de imagem específicos.","um percentual pequeno para avaliação médica, que irá ampliar a investigação clínica e o diagnóstico diferencial, realizar exames laboratoriais e de imagem específicos e decidir as terapêuticas a serem ajustadas ou instituídas.",Fase Aguda,"#Sintomas, #AvaliaçãoMédica",Manejo_Chikungunya_2ed.md,51,2,95.0
chikungunya_qa_0491,Cuidador,Quais são os sinais de alerta que devemos observar durante o tratamento?,Devemos estar atentos aos efeitos adversos próprios de cada classe terapêutica prescrita e à necessidade de monitorização clínica e laboratorial específica antes e durante o uso dos medicamentos.,Os médicos devem estar atentos aos efeitos adversos próprios de cada classe terapêutica prescrita nesta fase do tratamento e à necessidade de monitorização clínica e laboratorial específica antes e durante o uso dos medicamentos.,Fase Aguda,"#Cuidados, #EfeitosAdversos",Manejo_Chikungunya_2ed.md,51,2,95.0
chikungunya_qa_0492,Médica,Quais recomendações existem para pacientes em uso de corticoides em altas doses?,Teste de Mantoux e raio-x de tórax são recomendados para pacientes que estiverem usando corticoides em doses altas e em uso prolongado de terapia biológica.,Teste de Mantoux e raio-x de tórax são recomendados para pacientes que estiverem usando corticoides em doses altas e em uso prolongado de terapia biológica.,Fase Aguda,"#Recomendações, #Corticoides",Manejo_Chikungunya_2ed.md,51,2,100.0
chikungunya_qa_0493,Paciente,O que devo fazer se meus sintomas não melhorarem?,"Se seus sintomas não melhorarem, é importante buscar uma avaliação médica para ampliar a investigação clínica e realizar um diagnóstico diferencial. O médico pode solicitar exames laboratoriais e de imagem específicos para entender melhor sua condição. Dependendo do seu quadro, pode ser necessário ajustar as terapias ou instituir novas, como o uso de imunobiológicos, especialmente se você tiver um quadro articular inflamatório crônico e falha terapêutica. Para a prescrição de drogas imunossupressoras, exames específicos como pesquisa de hepatite B (HBsAg, Anti-HBs, Anti-HBC), hepatite C (Anti HCV) e HIV são necessários. Além disso, o teste de Mantoux e raio-x de tórax são recomendados se você estiver usando corticoides em doses altas ou terapia biológica prolongada. O tratamento fisioterápico é recomendado em todas as fases da doença, assim como práticas integrativas como acupuntura e atividade física. É importante lembrar que, mesmo que você esteja na fase crônica da doença (após três meses do início dos sintomas), a terapia deve seguir de acordo com a fase correspondente. Portanto, não hesite em procurar ajuda médica para um tratamento adequado.","um percentual pequeno para avaliação médica, que irá ampliar a investigação clínica e o diagnóstico diferencial...",Fase Crônica/Subaguda,"#Sintomas, #Tratamento",Manejo_Chikungunya_2ed.md,51,3,91.25
chikungunya_qa_0494,Paciente,O que eu posso esperar se eu começar o tratamento para a dor nas articulações?,"Com as terapias sugeridas, os sintomas tendem a regredir na maioria dos pacientes.","Com as terapias sugeridas, os sintomas tendem a regredir na maioria dos pacientes.",Fase Aguda,"#Sintomas, #Tratamento",Manejo_Chikungunya_2ed.md,51,4,95.0
chikungunya_qa_0495,Paciente,O que acontece com os sintomas se eu começar o tratamento?,"Com as terapias sugeridas, os sintomas tendem a melhorar na maioria dos pacientes, mas um percentual pequeno ainda pode precisar de avaliação médica.","Com as terapias sugeridas, os sintomas tendem a regredir na maioria dos pacientes, ficando um percentual pequeno para avaliação médica.",Fase Aguda,"#Sintomas, #Tratamento",Manejo_Chikungunya_2ed.md,51,5,90.0
chikungunya_qa_0496,Paciente,O que é importante lembrar sobre a fase do tratamento?,"É importante lembrar que alguns pacientes podem chegar ao atendimento médico na fase crônica, mesmo após três meses do início dos sintomas, sem ter recebido a terapêutica de fase subaguda.","É importante lembrar que essa divisão cronológica da terapêutica em períodos é o ideal, porém alguns pacientes podem chegar ao atendimento médico na fase crônica (após três meses do início dos sintomas) sem ter recebido a terapêutica de fase subaguda.",Fase Crônica/Subaguda,"#Tratamento, #Evolução",Manejo_Chikungunya_2ed.md,51,5,95.0
chikungunya_qa_0497,Paciente,Quais são os efeitos colaterais que podem me impedir de usar o Metotrexato?,"Você não deve usar Metotrexato se tiver hipersensibilidade ao medicamento, tuberculose sem tratamento, infecções bacterianas ou fúngicas graves, herpes zóster ativo, hepatites B ou C agudas, estiver grávida, amamentando ou tentando engravidar, tiver elevação das enzimas do fígado ou uma taxa de depuração de creatinina inferior a 30 ml/min.","Hipersensibilidade conhecida ao medicamento, à classe ou aos componentes<br>Tuberculose sem tratamento<br>Infecção bacteriana com indicação de uso de antibiótico<br>Infecção fúngica que ameace à vida<br>Infecção por herpes zóster ativa, hepatites B ou C agudas<br>Gestação, amamentação e concepção (homens e mulheres)<br>Elevação de aminotransferases/transaminases (igual ou três vezes acima do limite superior da normalidade)<br>Taxa de depuração de creatinina inferior a 30 ml/min/1,73m de superfície corporal na ausência de terapia dialítica crônica",Fase Aguda,"#EfeitosColaterais, #Metotrexato",Manejo_Chikungunya_2ed.md,52,1,100.0
chikungunya_qa_0498,Paciente,Qual é a dose recomendada de Metotrexato para mim?,"A dose recomendada de Metotrexato para adultos é de 7,5 a 25 mg, uma vez por semana, via oral. Para crianças, a dose é de 0,5 mg por quilo de peso corporal por semana, também via oral ou subcutânea.","Dose recomendada é de 7,5 a 25 mg<br>1 vez na semana via oral<br> Dose da criança: 0,5 mg/kg/semana via oral ou SC",Fase Aguda,"#Dosagem, #Metotrexato",Manejo_Chikungunya_2ed.md,52,1,95.0
chikungunya_qa_0499,Médica,Qual é a dose máxima de Metotrexato que pode ser administrada?,A dose máxima de Metotrexato é de 25 mg por semana.,Dose máxima: 25 mg/semana,Fase Aguda,"#Dosagem, #Metotrexato",Manejo_Chikungunya_2ed.md,52,1,100.0
chikungunya_qa_0500,Paciente,Qual é a dose recomendada de Metotrexato para o tratamento da artrite reumatoide?,"A dose recomendada de Metotrexato para o tratamento da artrite reumatoide é de 7,5 a 25 mg, administrada uma vez por semana via oral. Para crianças, a dose é de 0,5 mg/kg/semana, também via oral ou subcutânea, com uma dose máxima de 25 mg por semana. É importante observar que o uso de Metotrexato é contraindicado em casos de hipersensibilidade conhecida ao medicamento ou à sua classe, tuberculose sem tratamento, infecções bacterianas que necessitem de antibióticos, infecções fúngicas que ameacem a vida, infecções ativas por herpes zóster, hepatites B ou C agudas, gestação, amamentação e concepção (tanto em homens quanto em mulheres), elevação de aminotransferases/transaminases acima de três vezes o limite superior da normalidade, e taxa de depuração de creatinina inferior a 30 ml/min/1,73m² de superfície corporal na ausência de terapia dialítica crônica.",Dose máxima: 25 mg/semana,Fase Crônica/Subaguda,"#Tratamento, #Medicamentos",Manejo_Chikungunya_2ed.md,52,2,97.5
chikungunya_qa_0501,Paciente,Quais exames podem ser feitos para identificar casos graves de chikungunya?,"Os exames que podem ser feitos incluem hemograma, perfil hepático e renal, coagulograma, glicemia, marcadores de necrose miocárdica, raio-x de tórax e eletrocardiograma.","O diagnóstico dos sinais de agravamento depende de uma anamnese bem feita, de exame físico detalhado e de exames como hemograma, perfil hepático e renal, coagulograma, glicemia, marcadores de necrose miocárdica, raio-x de tórax e eletrocardiograma...",Fase Aguda,"#Diagnóstico, #Exames",Manejo_Chikungunya_2ed.md,53,1,100.0
chikungunya_qa_0502,Médica,Quais são as complicações graves que podem surgir com a chikungunya?,"As complicações graves incluem comprometimento cardíaco, neurológico, insuficiência renal aguda e complicações hemorrágicas, que requerem intervenções específicas.","Portanto, são fundamentais a identificação precoce e o manejo adequado das manifestações extra-articulares e graves...",Fase Aguda,"#Complicações, #Chikungunya",Manejo_Chikungunya_2ed.md,53,1,95.0
chikungunya_qa_0503,Médica,Quais exames são essenciais para identificar casos graves de chikungunya?,"Os exames essenciais incluem hemograma, perfil hepático e renal, coagulograma, glicemia, marcadores de necrose miocárdica, raio-x de tórax e eletrocardiograma.","O diagnóstico dos sinais de agravamento depende de uma anamnese bem feita, de exame físico detalhado e de exames como hemograma, perfil hepático e renal, coagulograma, glicemia, marcadores de necrose miocárdica, raio-x de tórax e eletrocardiograma...",Fase Aguda,"#Diagnóstico, #Exames",Manejo_Chikungunya_2ed.md,53,2,100.0
chikungunya_qa_0504,Médica,Qual é a abordagem terapêutica para a chikungunya?,"A abordagem terapêutica é baseada no suporte, já que não existem antivirais específicos. Isso inclui suporte hemodinâmico, tratamento de complicações cardíacas, suporte respiratório, abordagem neurológica, suporte renal e tratamento de complicações hemorrágicas.",A abordagem terapêutica será aquela padronizada para cada complicação relacionada com o órgão e o sistema comprometido de acordo com o protocolo e as diretrizes existentes. A abordagem terapêutica pode incluir...,Fase Aguda,"#Tratamento, #AbordagemTerapêutica",Manejo_Chikungunya_2ed.md,53,2,100.0
chikungunya_qa_0505,Paciente,O que pode acontecer se eu tiver problemas respiratórios devido à chikungunya?,"Se você tiver problemas respiratórios, pode ser necessário receber oxigênio suplementar ou até mesmo ser intubado para ajudar a respirar.","suporte respiratório: em situações de insuficiência respiratória pode ser necessário fornecer oxigênio suplementar, suporte ventilatório por métodos não invasivos ou mesmo intubação com ventilação mecânica;",Fase Aguda,"#Sintomas, #Tratamento",Manejo_Chikungunya_2ed.md,54,1,95.0
chikungunya_qa_0506,Paciente,Como a chikungunya pode afetar meus rins?,"A chikungunya pode causar problemas nos rins, e em casos de insuficiência renal aguda, pode ser necessária a diálise para manter a função renal.","suporte renal: em casos de insuficiência renal aguda, a diálise pode ser necessária para manter a função renal;",Fase Aguda,"#Sintomas, #Tratamento",Manejo_Chikungunya_2ed.md,54,1,100.0
chikungunya_qa_0507,Cuidador,Quais cuidados devo ter se o paciente apresentar complicações hemorrágicas?,"Se o paciente apresentar complicações hemorrágicas, é importante gerenciar a coagulação intravascular disseminada e pode ser necessário administrar concentrados de fatores de coagulação.","tratamento de complicações hemorrágicas: inclui o manejo da coagulação intravascular disseminada (CIVD) e de outras complicações hemorrágicas, podendo envolver a administração de concentrados de fatores de coagulação;",Fase Aguda,"#Tratamento, #Cuidados",Manejo_Chikungunya_2ed.md,54,1,100.0
chikungunya_qa_0508,Cuidador,Como posso ajudar na recuperação de um paciente com chikungunya grave?,"Para ajudar na recuperação, é essencial monitorar os sinais vitais do paciente, como pressão arterial e frequência cardíaca, além de observar qualquer agravamento dos sintomas neurológicos ou respiratórios.","Em casos de chikungunya grave, o monitoramento contínuo do paciente desempenha um papel crucial, e isso envolve a avaliação regular dos sinais vitais, incluindo pressão arterial, frequência cardíaca, frequência respiratória e saturação de oxigênio.",Fase Aguda,"#Cuidados, #Tratamento",Manejo_Chikungunya_2ed.md,54,1,95.0
chikungunya_qa_0509,Médica,Quais são as condutas recomendadas para pacientes com comprometimento neurológico devido à chikungunya?,"Casos de comprometimento neurológico requerem avaliação neurológica especializada e, em alguns casos, tratamento específico, como imunoglobulina intravenosa para a síndrome de Guillain-Barré.","abordagem neurológica: casos de comprometimento neurológico requerem avaliação neurológica especializada e, em alguns casos, tratamento específico, como imunoglobulina intravenosa para a síndrome de Guillain-Barré;",Fase Aguda,"#Tratamento, #Diagnóstico",Manejo_Chikungunya_2ed.md,54,1,100.0
chikungunya_qa_0510,Médica,Qual é a importância do gerenciamento de comorbidades em pacientes com chikungunya?,"O gerenciamento de comorbidades é crucial, pois a descompensação de condições como diabetes e doenças cardiovasculares é uma importante causa de morte entre pacientes de chikungunya.","gerenciamento de comorbidades: a descompensação das comorbidades preexistentes, como diabetes, doenças cardiovasculares ou doença renal crônica, é uma importante causa de morte entre pacientes de chikungunya.",Fase Aguda,"#Epidemiologia, #Tratamento",Manejo_Chikungunya_2ed.md,54,1,100.0
chikungunya_qa_0511,Paciente,Quais são os cuidados que eu preciso ter se apresentar dificuldades para respirar?,"Se você tiver dificuldades para respirar, pode ser necessário receber oxigênio suplementar ou, em casos mais graves, suporte ventilatório. Isso pode incluir métodos não invasivos ou até intubação com ventilação mecânica.","suporte respiratório: em situações de insuficiência respiratória pode ser necessário fornecer oxigênio suplementar, suporte ventilatório por métodos não invasivos ou mesmo intubação com ventilação mecânica;",Fase Aguda,"#Sintomas, #Tratamento",Manejo_Chikungunya_2ed.md,54,2,100.0
chikungunya_qa_0512,Paciente,O que devo observar para saber se meu quadro está piorando?,"Você deve ficar atento aos seus sinais vitais, como a pressão arterial, a frequência cardíaca, a respiração e a quantidade de oxigênio no sangue. Além disso, preste atenção a qualquer novo sintoma que possa aparecer, como dor no peito, dificuldade para respirar, confusão ou sangramentos. Se notar algo diferente ou preocupante, é importante informar seu médico.","monitoramento contínuo do paciente desempenha um papel crucial, e isso envolve a avaliação regular dos sinais vitais, incluindo pressão arterial, frequência cardíaca, frequência respiratória e saturação de oxigênio.",Fase Aguda,"#Sintomas, #Evolução",Manejo_Chikungunya_2ed.md,54,2,91.25
chikungunya_qa_0513,Cuidador,Como posso ajudar a evitar a descompensação de comorbidades em um paciente com chikungunya?,"É importante garantir que o paciente receba manejo adequado de suas condições subjacentes, como diabetes, doenças cardiovasculares ou doença renal crônica, para evitar a descompensação, que é uma causa significativa de morte entre pacientes de chikungunya.","a descompensação das comorbidades preexistentes, como diabetes, doenças cardiovasculares ou doença renal crônica, é uma importante causa de morte entre pacientes de chikungunya.",Fase Crônica/Subaguda,"#Gerenciamento, #Comorbidades",Manejo_Chikungunya_2ed.md,54,2,100.0
chikungunya_qa_0514,Médica,Quais são os critérios para o manejo de complicações graves da chikungunya?,"O manejo deve incluir suporte respiratório, suporte renal, abordagem neurológica e tratamento de complicações hemorrágicas. A equipe deve estar preparada para tomar decisões rápidas e realizar intervenções terapêuticas conforme necessário.","A importância de uma equipe multidisciplinar é evidente na abordagem terapêutica das complicações graves da chikungunya, pois isso garante uma avaliação abrangente e a aplicação das terapias apropriadas.",Fase Aguda,"#Tratamento, #Complicações",Manejo_Chikungunya_2ed.md,54,2,95.0
chikungunya_qa_0515,Médica,Qual é o papel do monitoramento contínuo em pacientes com chikungunya grave?,"O monitoramento contínuo envolve a avaliação regular dos sinais vitais e a observação de sintomas que possam indicar agravamento, incluindo a avaliação constante dos sinais neurológicos e a realização de exames laboratoriais frequentes.","Em casos de chikungunya grave, o monitoramento contínuo do paciente desempenha um papel crucial, e isso envolve a avaliação regular dos sinais vitais, incluindo pressão arterial, frequência cardíaca, frequência respiratória e saturação de oxigênio.",Fase Aguda,"#Monitoramento, #Tratamento",Manejo_Chikungunya_2ed.md,54,2,100.0
chikungunya_qa_0516,Paciente,O que pode acontecer se eu tiver dificuldades para respirar por causa da chikungunya?,"Se você tiver dificuldades para respirar, pode ser necessário receber oxigênio suplementar ou até mesmo ser intubado para ajudar na respiração.","suporte respiratório: em situações de insuficiência respiratória pode ser necessário fornecer oxigênio suplementar, suporte ventilatório por métodos não invasivos ou mesmo intubação com ventilação mecânica;",Fase Aguda,"#Sintomas, #Tratamento",Manejo_Chikungunya_2ed.md,54,3,95.0
chikungunya_qa_0517,Cuidador,Quais sinais devo observar para saber se o paciente está piorando com a chikungunya?,"É importante monitorar os sinais vitais, como pressão arterial, frequência cardíaca, frequência respiratória e saturação de oxigênio, além de observar sintomas que possam indicar agravamento, como mudanças no nível de consciência e novos sintomas cardíacos, respiratórios, neurológicos ou hematológicos.","o monitoramento contínuo do paciente desempenha um papel crucial, e isso envolve a avaliação regular dos sinais vitais, incluindo pressão arterial, frequência cardíaca, frequência respiratória e saturação de oxigênio. Além disso, é importante a observação de sintomas e sinais que possam indicar agravamento, com avaliação constante dos sinais neurológicos, como nível de consciência, e detecção precoce de novos sintomas cardíacos, respiratórios, neurológicos ou hematológicos.",Fase Aguda,"#Cuidados, #SinaisDeAlerta",Manejo_Chikungunya_2ed.md,54,3,100.0
chikungunya_qa_0518,Cuidador,O que fazer se o paciente apresentar complicações hemorrágicas?,"Se o paciente apresentar complicações hemorrágicas, é necessário manejar a coagulação intravascular disseminada e outras complicações hemorrágicas, o que pode envolver a administração de concentrados de fatores de coagulação.","tratamento de complicações hemorrágicas: inclui o manejo da coagulação intravascular disseminada (CIVD) e de outras complicações hemorrágicas, podendo envolver a administração de concentrados de fatores de coagulação;",Fase Aguda,"#Tratamento, #Cuidados",Manejo_Chikungunya_2ed.md,54,3,100.0
chikungunya_qa_0519,Médica,Qual é a abordagem recomendada para o tratamento de complicações graves da chikungunya?,"A abordagem deve ser multidisciplinar e adaptada com base na resposta do paciente e na progressão ou regressão das complicações, garantindo uma avaliação abrangente e a aplicação das terapias apropriadas.","A importância de uma equipe multidisciplinar é evidente na abordagem terapêutica das complicações graves da chikungunya, pois isso garante uma avaliação abrangente e a aplicação das terapias apropriadas. O tratamento deve ser adaptado com base na resposta do paciente e na progressão ou na regressão das complicações.",Fase Aguda,"#Tratamento, #Abordagem",Manejo_Chikungunya_2ed.md,54,3,100.0
chikungunya_qa_0520,Médica,Quais comorbidades são importantes de serem gerenciadas em pacientes com chikungunya?,"O gerenciamento de comorbidades preexistentes, como diabetes, doenças cardiovasculares ou doença renal crônica, é crucial, pois a descompensação dessas condições é uma importante causa de morte entre pacientes de chikungunya.","gerenciamento de comorbidades: a descompensação das comorbidades preexistentes, como diabetes, doenças cardiovasculares ou doença renal crônica, é uma importante causa de morte entre pacientes de chikungunya.",Fase Crônica/Subaguda,"#Comorbidades, #Gerenciamento",Manejo_Chikungunya_2ed.md,54,3,100.0
chikungunya_qa_0521,Paciente,O que pode acontecer se eu tiver problemas respiratórios por causa da chikungunya?,"Se você tiver problemas respiratórios, pode ser necessário fornecer oxigênio suplementar, suporte ventilatório por métodos não invasivos ou até mesmo intubação com ventilação mecânica.","em situações de insuficiência respiratória pode ser necessário fornecer oxigênio suplementar, suporte ventilatório por métodos não invasivos ou mesmo intubação com ventilação mecânica;",Fase Aguda,"#Sintomas, #Tratamento",Manejo_Chikungunya_2ed.md,54,4,100.0
chikungunya_qa_0522,Cuidador,Quais cuidados devo ter se o paciente apresentar problemas respiratórios?,"Se o paciente apresentar problemas respiratórios, você deve estar preparado para fornecer oxigênio suplementar e, se necessário, buscar suporte ventilatório ou até intubação. É fundamental monitorar a situação de perto.","em situações de insuficiência respiratória pode ser necessário fornecer oxigênio suplementar, suporte ventilatório por métodos não invasivos ou mesmo intubação com ventilação mecânica;",Fase Aguda,"#Cuidados, #SinaisDeAlerta",Manejo_Chikungunya_2ed.md,54,4,95.0
chikungunya_qa_0523,Médica,Qual é a importância do monitoramento contínuo em pacientes com chikungunya grave?,"O monitoramento contínuo do paciente desempenha um papel crucial, envolvendo a avaliação regular dos sinais vitais, como pressão arterial, frequência cardíaca, frequência respiratória e saturação de oxigênio, além da observação de sintomas que possam indicar agravamento.","Em casos de chikungunya grave, o monitoramento contínuo do paciente desempenha um papel crucial, e isso envolve a avaliação regular dos sinais vitais, incluindo pressão arterial, frequência cardíaca, frequência respiratória e saturação de oxigênio.",Fase Aguda,"#Monitoramento, #Tratamento",Manejo_Chikungunya_2ed.md,54,4,95.0
chikungunya_qa_0524,Paciente,Quais são os sintomas que eu devo observar se a chikungunya estiver piorando?,"Você deve observar sintomas como alterações no nível de consciência e novos sintomas cardíacos, respiratórios, neurológicos ou hematológicos.","é importante a observação de sintomas e sinais que possam indicar agravamento, com avaliação constante dos sinais neurológicos, como nível de consciência, e detecção precoce de novos sintomas cardíacos, respiratórios, neurológicos ou hematológicos.",Fase Aguda,"#Sintomas, #Chikungunya",Manejo_Chikungunya_2ed.md,54,5,95.0
chikungunya_qa_0525,Paciente,O que pode acontecer com meus rins se eu tiver chikungunya?,"Se você tiver chikungunya, pode ocorrer insuficiência renal aguda, o que pode exigir diálise para manter a função renal.","em casos de insuficiência renal aguda, a diálise pode ser necessária para manter a função renal.",Fase Aguda,"#Complicações, #Rins",Manejo_Chikungunya_2ed.md,54,5,100.0
chikungunya_qa_0526,Cuidador,Como posso ajudar a monitorar a saúde do paciente com chikungunya?,"É importante realizar a avaliação regular dos sinais vitais, como pressão arterial, frequência cardíaca, frequência respiratória e saturação de oxigênio, além de observar os sintomas que possam indicar agravamento.","o monitoramento contínuo do paciente desempenha um papel crucial, e isso envolve a avaliação regular dos sinais vitais, incluindo pressão arterial, frequência cardíaca, frequência respiratória e saturação de oxigênio.",Fase Aguda,"#Monitoramento, #Cuidados",Manejo_Chikungunya_2ed.md,54,5,95.0
chikungunya_qa_0527,Médica,Quais são as principais abordagens para o suporte respiratório em pacientes com chikungunya?,"O suporte respiratório pode incluir oxigênio suplementar, suporte ventilatório por métodos não invasivos ou intubação com ventilação mecânica.","em situações de insuficiência respiratória pode ser necessário fornecer oxigênio suplementar, suporte ventilatório por métodos não invasivos ou mesmo intubação com ventilação mecânica;",Fase Aguda,"#SuporteRespiratório, #Chikungunya",Manejo_Chikungunya_2ed.md,54,5,100.0
chikungunya_qa_0528,Médica,Quais são os critérios para o tratamento da síndrome de Guillain-Barré associada à chikungunya?,"Casos de comprometimento neurológico requerem avaliação neurológica especializada e, em alguns casos, tratamento específico, como imunoglobulina intravenosa para a síndrome de Guillain-Barré.","casos de comprometimento neurológico requerem avaliação neurológica especializada e, em alguns casos, tratamento específico, como imunoglobulina intravenosa para a síndrome de Guillain-Barré;",Fase Aguda,"#Tratamento, #Neurologia",Manejo_Chikungunya_2ed.md,54,5,100.0
chikungunya_qa_0529,Médica,Qual é a importância de uma equipe multidisciplinar no tratamento de chikungunya grave?,"Uma equipe multidisciplinar é crucial para garantir uma avaliação abrangente e a aplicação das terapias apropriadas, permitindo decisões rápidas e intervenções terapêuticas conforme necessário.","A importância de uma equipe multidisciplinar é evidente na abordagem terapêutica das complicações graves da chikungunya, pois isso garante uma avaliação abrangente e a aplicação das terapias apropriadas.",Fase Aguda,"#Tratamento, #Equipe",Manejo_Chikungunya_2ed.md,54,6,100.0
chikungunya_qa_0530,Paciente,O que acontece com a gravidez se eu tiver chikungunya?,"A infecção pelo chikungunya não modifica substancialmente o curso da gravidez, mas é importante destacar que há um risco maior de agravamento dos sintomas devido à restrição de uso de medicamentos durante a gestação. Embora a infecção não tenha efeitos teratogênicos, mães infectadas no período perinatal podem transmitir o vírus aos recém-nascidos no momento do parto, com um risco de transmissão vertical de 50% se a gestante for infectada até uma semana antes do parto, que é o período de viremia. É relevante mencionar que a cesariana não altera esse risco de transmissão e que o vírus não é transmitido pelo aleitamento materno. Portanto, é fundamental que gestantes com suspeita de chikungunya tenham acompanhamento pré-natal adequado. Se houver indícios de risco de sofrimento fetal ou viremia próxima ao período do parto, é necessário um acompanhamento em leito de internação.",A infecção pelo CHIKV não modifica substancialmente o curso da gravidez. A diferença é que há um risco maior de agravamento e o incômodo pode ser para controle dos sintomas devido a restrição de uso de medicações na gravidez.,Fase Aguda,"#Sintomas, #Gravidez",Manejo_Chikungunya_2ed.md,55,1,100
chikungunya_qa_0531,Médica,Qual é o risco de transmissão vertical do vírus chikungunya durante a gestação?,"O risco de transmissão vertical é de 50% quando a gestante é infectada até uma semana antes do parto, e a cesariana não altera esse risco.","O risco de transmissão vertical é de 50% quando a gestante é infectada até uma semana antes do parto, período de viremia. Ao que tudo indica, a cesariana não altera o risco de transmissão.",Fase Aguda,"#Transmissão, #Gravidez",Manejo_Chikungunya_2ed.md,55,1,95.0
chikungunya_qa_0532,Paciente,O que pode acontecer com meu bebê se eu tiver chikungunya durante a gravidez?,"Se você tiver chikungunya durante a gravidez, pode transmitir o vírus para o seu bebê no momento do parto. No entanto, não há evidências de que a infecção cause problemas de desenvolvimento no bebê.",mães infectadas por chikungunya no período perinatal podem transmitir o vírus aos recém-nascidos (RN) no momento do parto,Fase Aguda,"#Transmissão, #Gravidez",Manejo_Chikungunya_2ed.md,55,2,95.0
chikungunya_qa_0533,Paciente,A chikungunya pode afetar a minha gravidez?,"A infecção pelo chikungunya não modifica substancialmente o curso da gravidez, mas há um risco maior de agravamento dos sintomas devido à restrição de uso de medicações na gravidez.",a infecção pelo CHIKV não modifica substancialmente o curso da gravidez,Fase Aguda,"#Sintomas, #Gravidez",Manejo_Chikungunya_2ed.md,55,2,95.0
chikungunya_qa_0534,Cuidador,O que devo fazer se a gestante apresentar sintomas de chikungunya?,"É importante garantir que a gestante com suspeita de chikungunya tenha acompanhamento pré-natal. Se houver sinais de risco de sofrimento fetal ou viremia próxima ao parto, deve-se buscar internação.",é importante o acompanhamento pré-natal das gestantes com suspeita de chikungunya,Fase Aguda,"#Cuidados, #Acompanhamento",Manejo_Chikungunya_2ed.md,55,2,100.0
chikungunya_qa_0535,Cuidador,Quando devo me preocupar com a saúde da gestante que tem chikungunya?,"Deve-se ficar atento a situações que indiquem risco de sofrimento fetal ou viremia próxima ao período do parto, pois isso requer acompanhamento em leito de internação.","Caso sejam verificadas situações que indiquem risco de sofrimento fetal ou viremia próxima ao período do parto, é necessário o acompanhamento em leito de internação",Fase Aguda,"#SinaisDeAlerta, #Internação",Manejo_Chikungunya_2ed.md,55,2,100.0
chikungunya_qa_0536,Paciente,O que pode acontecer se eu pegar chikungunya perto do parto?,"Se a gestante for infectada até uma semana antes do parto, há um risco de 50% de transmissão do vírus para o recém-nascido no momento do parto.","O risco de transmissão vertical é de 50% quando a gestante é infectada até uma semana antes do parto, período de viremia.",Fase Aguda,"#Gravidez, #Transmissão",Manejo_Chikungunya_2ed.md,55,3,95.0
chikungunya_qa_0537,Médica,Qual é o risco de transmissão vertical do vírus chikungunya em gestantes?,"O risco de transmissão vertical é de 50% quando a gestante é infectada até uma semana antes do parto, e a cesariana não altera esse risco.","O risco de transmissão vertical é de 50% quando a gestante é infectada até uma semana antes do parto, período de viremia. Ao que tudo indica, a cesariana não altera o risco de transmissão.",Fase Aguda,"#Transmissão, #Gestantes",Manejo_Chikungunya_2ed.md,55,3,95.0
chikungunya_qa_0538,Paciente,Quais são os sintomas que podem aparecer no meu bebê se eu tiver chikungunya durante a gravidez?,"Os sintomas no recém-nascido podem começar a aparecer a partir do quarto dia e incluem febre, irritabilidade, dor, inchaço nas extremidades e manchas na pele, como descamação e lesões. É importante ficar atenta a esses sinais.","O surgimento de sinais e sintomas acontece a partir do quarto dia (variando de três a sete dias) e incluem: febre, irritabilidade, síndrome álgica, edema de extremidades e lesões cutâneas, como descamação, lesões vesiculobolhosas e hiperpigmentação nas axilas, nas regiões perioral e genital.",Fase Aguda,"#Sintomas, #Gestação",Manejo_Chikungunya_2ed.md,56,1,95.0
chikungunya_qa_0539,Médica,Quais são as complicações neurológicas associadas à infecção por chikungunya em recém-nascidos?,"As complicações neurológicas incluem meningoencefalites, edema cerebral, hemorragia intracraniana, convulsões e encefalopatias. Essas condições são consideradas sinais de gravidade nesta faixa etária.","Os quadros neurológicos, também reconhecidos como sinal de gravidade nesta faixa etária, incluem meningoencefalites, edema cerebral, hemorragia intracraniana, convulsões e encefalopatias.",Fase Aguda,"#Complicações, #Neurologia",Manejo_Chikungunya_2ed.md,56,1,100.0
chikungunya_qa_0540,Médica,Qual a evolução esperada das lesões cutâneas em recém-nascidos infectados pelo chikungunya?,"As lesões dermatológicas geralmente têm evolução benigna se devidamente manejadas, não deixando cicatrizes ou mudanças na pigmentação. O início das lesões cutâneas ocorre entre dois a três dias após o início da febre.","Em geral, esses casos têm evolução benigna se devidamente manejados, não deixam cicatrizes ou mudanças na pigmentação.",Fase Aguda,"#LesõesCutâneas, #Evolução",Manejo_Chikungunya_2ed.md,56,1,95.0
chikungunya_qa_0541,Paciente,Quais são os sintomas que meu bebê pode apresentar se eu tiver chikungunya perto do parto?,"Seu bebê pode apresentar febre, irritabilidade, dor nas articulações, inchaço nas extremidades e manchas na pele, como descamação e lesões. Esses sintomas podem aparecer entre três a sete dias após o nascimento.","O surgimento de sinais e sintomas acontece a partir do quarto dia (variando de três a sete dias) e incluem: febre, irritabilidade, síndrome álgica, edema de extremidades e lesões cutâneas, como descamação, lesões vesiculobolhosas e hiperpigmentação nas axilas, nas regiões perioral e genital (Ferreira, 2021).",Fase Aguda,"#Sintomas, #Recém-nascido",Manejo_Chikungunya_2ed.md,56,2,95.0
chikungunya_qa_0542,Paciente,Quais lesões de pele meu bebê pode ter se eu tiver chikungunya?,"As lesões de pele mais comuns em bebês são erupção maculopapular generalizada ou eritema, que aparecem de dois a três dias após o início da febre. Essas lesões podem se espalhar pelo corpo.","As lesões cutâneas mais frequentes em RN são erupção maculopapular generalizada ou eritema, que apareceram de dois a três dias após o início da febre.",Fase Aguda,"#LesõesCutâneas, #Sintomas",Manejo_Chikungunya_2ed.md,56,2,90.0
chikungunya_qa_0543,Médica,Qual é a taxa de risco de transmissão vertical do CHIKV em gestantes?,"O risco de transmissão vertical do CHIKV é de 50% quando a gestante é infectada no último trimestre da gestação, no período perinatal.","O risco de transmissão vertical do CHIKV é de 50% quando a gestante é infectada no último trimestre da gestação, no período perinatal.",Fase Aguda,"#Epidemiologia, #TransmissãoVertical",Manejo_Chikungunya_2ed.md,56,2,100.0
chikungunya_qa_0544,Paciente,Quais sintomas meu bebê pode apresentar se eu tiver chikungunya durante a gravidez?,"Se você tiver chikungunya durante a gravidez, seu bebê pode apresentar febre, irritabilidade, dor no corpo, inchaço nas extremidades e manchas na pele. Esses sintomas podem começar a aparecer a partir do quarto dia após o nascimento.","O surgimento de sinais e sintomas acontece a partir do quarto dia (variando de três a sete dias) e incluem: febre, irritabilidade, síndrome álgica, edema de extremidades e lesões cutâneas.",Fase Aguda,"#Sintomas, #Chikungunya",Manejo_Chikungunya_2ed.md,56,3,95.0
chikungunya_qa_0545,Paciente,Como são as manchas na pele que meu bebê pode ter se eu tiver chikungunya?,"As manchas na pele do seu bebê podem ser erupções avermelhadas ou descamações que aparecem de dois a três dias após o início da febre. Elas geralmente começam no tronco e depois se espalham para outras áreas do corpo, como a face e as mãos.","As lesões cutâneas mais frequentes em RN são erupção maculopapular generalizada ou eritema, que apareceram de dois a três dias após o início da febre.",Fase Aguda,"#Sintomas, #LesõesCutâneas",Manejo_Chikungunya_2ed.md,56,3,95.0
chikungunya_qa_0546,Médica,Quais são as manifestações cutâneas mais comuns em recém-nascidos infectados pelo chikungunya?,"As manifestações cutâneas mais comuns incluem erupção maculopapular generalizada ou eritema, que aparecem de dois a três dias após o início da febre. As lesões vesiculobolhosas são geralmente simétricas e flácidas.","As lesões cutâneas mais frequentes em RN são erupção maculopapular generalizada ou eritema, que apareceram de dois a três dias após o início da febre.",Fase Aguda,"#Sintomas, #LesõesCutâneas",Manejo_Chikungunya_2ed.md,56,3,95.0
chikungunya_qa_0547,Médica,Quais são as complicações neurológicas possíveis em recém-nascidos infectados pelo chikungunya?,"As complicações neurológicas em recém-nascidos podem incluir meningoencefalites, edema cerebral, hemorragia intracraniana, convulsões e encefalopatias.","Os quadros neurológicos, também reconhecidos como sinal de gravidade nesta faixa etária, incluem meningoencefalites, edema cerebral, hemorragia intracraniana, convulsões e encefalopatias.",Fase Aguda,"#Complicações, #Neurologia",Manejo_Chikungunya_2ed.md,56,4,100.0
chikungunya_qa_0548,Paciente,Quais sintomas meu bebê pode ter se eu pegar chikungunya durante a gravidez?,"Seu bebê pode apresentar febre, irritabilidade, dor no corpo, inchaço nas extremidades e manchas na pele, como descamação e lesões. Esses sintomas podem aparecer entre três a sete dias após o nascimento.","O surgimento de sinais e sintomas acontece a partir do quarto dia (variando de três a sete dias) e incluem: febre, irritabilidade, síndrome álgica, edema de extremidades e lesões cutâneas, como descamação, lesões vesiculobolhosas e hiperpigmentação nas axilas, nas regiões perioral e genital.",Fase Aguda,"#Sintomas, #Chikungunya",Manejo_Chikungunya_2ed.md,56,5,95.0
chikungunya_qa_0549,Paciente,O que acontece com as manchas na pele do meu bebê se eu tiver chikungunya?,"As manchas na pele do seu bebê podem ser erupções que aparecem de dois a três dias após a febre. Elas começam no tronco e podem se espalhar para a face, palmas das mãos e plantas dos pés.","As lesões cutâneas mais frequentes em RN são erupção maculopapular generalizada ou eritema, que apareceram de dois a três dias após o início da febre.",Fase Aguda,"#Sintomas, #Chikungunya",Manejo_Chikungunya_2ed.md,56,5,95.0
chikungunya_qa_0550,Paciente,Quais são os sinais e sintomas que meu bebê pode apresentar após eu ter chikungunya durante a gravidez?,"Os sintomas do seu bebê podem incluir febre, irritabilidade, dor, inchaço nas extremidades e manchas na pele. As manchas podem aparecer como descamação, lesões vesiculobolhosas e hiperpigmentação nas axilas, nas regiões ao redor da boca e genital.","O surgimento de sinais e sintomas acontece a partir do quarto dia (variando de três a sete dias) e incluem: febre, irritabilidade, síndrome álgica, edema de extremidades e lesões cutâneas, como descamação, lesões vesiculobolhosas e hiperpigmentação nas axilas, nas regiões perioral e genital.",Fase Aguda,"#Sintomas, #Chikungunya",Manejo_Chikungunya_2ed.md,56,6,95.0
chikungunya_qa_0551,Médica,Quais são as complicações neurológicas que podem surgir em recém-nascidos infectados pelo chikungunya?,"As complicações neurológicas incluem meningoencefalites, edema cerebral, hemorragia intracraniana, convulsões e encefalopatias. Esses quadros são reconhecidos como sinais de gravidade nesta faixa etária.","Os quadros neurológicos, também reconhecidos como sinal de gravidade nesta faixa etária, incluem meningoencefalites, edema cerebral, hemorragia intracraniana, convulsões e encefalopatias.",Fase Aguda,"#Complicações, #Chikungunya",Manejo_Chikungunya_2ed.md,56,6,100.0
chikungunya_qa_0552,Paciente,Como é o tratamento para chikungunya em crianças?,"O tratamento da chikungunya em crianças é de suporte e manejo dos sintomas. Isso significa que os médicos ajudam a aliviar a dor e a febre, mas não há um remédio específico para curar a doença.","Assim como nos adultos, o tratamento da chikungunya na faixa etária pediátrica é de suporte e manejo dos sintomas.",Fase Aguda,"#Tratamento, #Chikungunya",Manejo_Chikungunya_2ed.md,57,1,95.0
chikungunya_qa_0553,Cuidador,O que devo fazer se meu filho apresentar dor intensa com chikungunya?,"Se seu filho apresentar dor intensa, você deve utilizar analgésicos como dipirona ou paracetamol, com doses de 10 a 15 mg/kg a cada 6 horas. É importante avaliar a dor regularmente e ajustar a medicação se necessário.","Na fase aguda, que compreende até 14 dias do início dos sintomas, o tratamento deve começar com analgésicos em doses fixas por via oral, como dipirona (10 a 15 mg/kg por dose a cada 6 horas) ou paracetamol (10 a 15 mg/kg por dose a cada 6 horas).",Fase Aguda,"#Cuidados, #Chikungunya",Manejo_Chikungunya_2ed.md,57,1,95.0
chikungunya_qa_0554,Médica,Qual é a dosagem recomendada de analgésicos para crianças com chikungunya?,"A dosagem recomendada de analgésicos para crianças é de 10 a 15 mg/kg a cada 6 horas, tanto para dipirona quanto para paracetamol. Em crianças menores de 3 meses ou com peso inferior a 5 kg, a dipirona não deve ser utilizada.","A fase aguda, que compreende até 14 dias do início dos sintomas, o tratamento deve começar com analgésicos em doses fixas por via oral, como dipirona (10 a 15 mg/kg por dose a cada 6 horas) ou paracetamol (10 a 15 mg/kg por dose a cada 6 horas). Em crianças menores de 3 meses ou com peso inferior a 5 kg, a dipirona não deve ser utilizada.",Fase Crônica/Subaguda,"#Tratamento, #Chikungunya",Manejo_Chikungunya_2ed.md,57,1,100.0
chikungunya_qa_0555,Médica,Quando deve ser iniciada a analgesia em crianças com chikungunya?,"A analgesia deve ser iniciada na fase aguda da chikungunya, que compreende até 14 dias do início dos sintomas. Caso a dor persista após essa fase, inicia-se o manejo da fase pós-aguda.","Se a dor persistir após a fase aguda, inicia-se o manejo da fase pós-aguda (entre 15 dias e três meses).",Fase Crônica/Subaguda,"#Manejo, #Chikungunya",Manejo_Chikungunya_2ed.md,57,1,95.0
chikungunya_qa_0556,Paciente,Quais sintomas meu filho pode ter se ele pegar chikungunya?,"Seu filho pode ter febre, dor nas articulações e manchas na pele. É importante observar que crianças menores podem não apresentar os sintomas típicos que vemos nos adultos.","Crianças menores podem não apresentar os sintomas típicos descritos nos adultos, podendo a febre ser acompanhada de hiperalgesia difusa ou de rash cutâneo, o que torna difícil o diagnóstico diferencial com outras doenças febris exantemáticas comuns nesta faixa etária.",Fase Aguda,"#Sintomas, #Chikungunya",Manejo_Chikungunya_2ed.md,57,2,90.0
chikungunya_qa_0557,Paciente,Como posso saber se a dor do meu filho está melhorando?,Você pode acompanhar a dor do seu filho avaliando a intensidade dela em intervalos regulares. Isso ajuda a ver se o tratamento está funcionando.,"A medição da dor deve ser realizada em intervalos regulares durante a implementação de seu manejo, o que permite acompanhar seu padrão e a eficácia do tratamento ao longo do tempo, permitindo o ajuste da medicação se necessário.",Fase Aguda,"#Tratamento, #Monitoramento",Manejo_Chikungunya_2ed.md,57,2,90.0
chikungunya_qa_0558,Cuidador,O que devo fazer se meu filho estiver com dor intensa devido à chikungunya?,"Você deve iniciar o tratamento com analgésicos em doses fixas por via oral, como dipirona ou paracetamol, e avaliar a dor com escalas apropriadas. Se a dor persistir, novas reavaliações devem ser feitas entre dois e sete dias.","Na fase aguda, que compreende até 14 dias do início dos sintomas, o tratamento deve começar com analgésicos em doses fixas por via oral, como dipirona (10 a 15 mg/kg por dose a cada 6 horas) ou paracetamol (10 a 15 mg/kg por dose a cada 6 horas). A reavaliação clínica deve ser feita entre dois e sete dias.",Fase Aguda,"#Tratamento, #Cuidados",Manejo_Chikungunya_2ed.md,57,2,95.0
chikungunya_qa_0559,Paciente,Quais sintomas posso esperar se meu filho pegar chikungunya?,"Seu filho pode ter febre, dor nas articulações e manchas na pele. É importante observar que as crianças podem não apresentar todos os sintomas típicos que os adultos têm.","Crianças menores podem não apresentar os sintomas típicos descritos nos adultos, podendo a febre ser acompanhada de hiperalgesia difusa ou de rash cutâneo.",Fase Aguda,"#Sintomas, #Chikungunya",Manejo_Chikungunya_2ed.md,57,3,90.0
chikungunya_qa_0560,Médica,Quais são as recomendações para o manejo da dor na fase aguda da chikungunya em crianças?,"Durante a fase aguda da chikungunya, que compreende até 14 dias do início dos sintomas, o manejo da dor em crianças deve iniciar com analgésicos em doses fixas por via oral. As opções recomendadas são dipirona (10 a 15 mg/kg por dose a cada 6 horas) ou paracetamol (10 a 15 mg/kg por dose a cada 6 horas). É importante ressaltar que a dipirona não deve ser utilizada em crianças menores de 3 meses ou com peso inferior a 5 kg. A intensidade da dor deve ser avaliada utilizando escalas apropriadas, como a EVA (Escala Visual Analógica) para escolares e adolescentes, ou a FLACC (Face, Legs, Activity, Cry, Consolability) para crianças menores. Em crianças maiores, pode-se intensificar a analgesia: entre 1 e 3 anos, recomenda-se intercalar dipirona e paracetamol; acima de 3 anos, pode-se associar tramadol; e, em maiores de 12 anos, tramadol ou codeína podem ser utilizados. Durante a fase aguda, não se recomenda o uso de anti-inflamatórios não hormonais (AINH), aspirina ou glicocorticoides, devido ao risco de complicações, incluindo a possibilidade de coinfecção com dengue. Em situações específicas, após confirmação sorológica de chikungunya e com hemograma mostrando plaquetas normais, pode-se considerar o uso de ibuprofeno, associado a apenas um analgésico. A reavaliação clínica deve ser feita entre dois e sete dias. Se houver melhora da dor, mantém-se apenas a analgesia conforme necessário. Caso a dor persista, novas reavaliações devem ser realizadas nesse mesmo intervalo.","Durante a fase aguda, não se recomenda o uso de anti-inflamatórios não hormonais (AINH), aspirina ou glicocorticoides, devido ao risco de complicações, inclusive possibilidade de coinfecção com dengue.",Fase Crônica/Subaguda,"#Tratamento, #Manejo",Manejo_Chikungunya_2ed.md,57,3,100
chikungunya_qa_0561,Paciente,Meu filho pode ter febre com chikungunya? Quais outros sintomas podem aparecer?,"Sim, seu filho pode ter febre, e também pode apresentar dor nas articulações ou manchas na pele. Esses sintomas podem dificultar o diagnóstico com outras doenças febris comuns em crianças.","Crianças menores podem não apresentar os sintomas típicos descritos nos adultos, podendo a febre ser acompanhada de hiperalgesia difusa ou de rash cutâneo, o que torna difícil o diagnóstico diferencial com outras doenças febris exantemáticas comuns nesta faixa etária.",Fase Aguda,"#Sintomas, #Chikungunya",Manejo_Chikungunya_2ed.md,57,4,95.0
chikungunya_qa_0562,Paciente,Como posso saber se a dor do meu filho está melhorando com o tratamento da chikungunya?,"Para saber se a dor do seu filho está melhorando com o tratamento da chikungunya, você deve acompanhar a intensidade da dor em momentos diferentes, utilizando escalas apropriadas para a faixa etária dele. Para crianças em idade escolar e adolescentes, a escala de avaliação de dor EVA pode ser utilizada, enquanto para crianças menores, a escala FLACC é recomendada. É importante que a avaliação da dor seja feita em intervalos regulares durante o tratamento, permitindo que o médico acompanhe o padrão da dor e a eficácia do tratamento. Se a dor do seu filho estiver melhorando, a analgesia pode ser mantida conforme necessário. Caso a dor persista, novas reavaliações devem ser realizadas entre dois e sete dias. Durante a fase aguda, que vai até 14 dias após o início dos sintomas, o tratamento deve incluir analgésicos em doses fixas, como dipirona (10 a 15 mg/kg por dose a cada 6 horas) ou paracetamol (10 a 15 mg/kg por dose a cada 6 horas). Para crianças menores de 3 meses ou com peso inferior a 5 kg, a dipirona não deve ser utilizada. Se necessário, especialmente em crianças maiores, a analgesia pode ser intensificada, intercalando dipirona e paracetamol entre 1 e 3 anos, ou associando tramadol acima de 3 anos. Em crianças maiores de 12 anos, tramadol ou codeína podem ser utilizados. Se a dor persistir após a fase aguda, que é entre 15 dias e três meses, o manejo pode incluir anti-inflamatórios por cerca de duas semanas e, em casos selecionados, corticosteroides como prednisona ou prednisolona (0,5 mg/kg/dia, até o máximo de 20 mg/dia) por até três semanas, com redução gradual da dose. A reavaliação clínica é fundamental para ajustar o tratamento conforme necessário.","A intensidade da dor deve ser avaliada por escalas apropriadas, como a EVA (em escolares e adolescentes) ou a FLACC (em crianças menores).",Fase Crônica/Subaguda,"#Sintomas, #Tratamento",Manejo_Chikungunya_2ed.md,57,4,91.25
chikungunya_qa_0563,Cuidador,Quais cuidados devo ter ao administrar analgésicos para meu filho com chikungunya?,"É importante administrar analgésicos em doses fixas, como dipirona ou paracetamol, na dosagem correta para a idade e peso do seu filho. Para crianças menores de 3 meses ou com peso inferior a 5 kg, a dipirona não deve ser utilizada.","Na fase aguda, que compreende até 14 dias do início dos sintomas, o tratamento deve começar com analgésicos em doses fixas por via oral, como dipirona (10 a 15 mg/kg por dose a cada 6 horas) ou paracetamol (10 a 15 mg/kg por dose a cada 6 horas). Em crianças menores de 3 meses ou com peso inferior a 5 kg, a dipirona não deve ser utilizada.",Fase Crônica/Subaguda,"#Tratamento, #Cuidados",Manejo_Chikungunya_2ed.md,57,4,100.0
chikungunya_qa_0564,Médica,Qual é a dose recomendada de dipirona e paracetamol para crianças com chikungunya?,"A dose recomendada de dipirona é de 10 a 15 mg/kg por dose a cada 6 horas, e a de paracetamol é a mesma, 10 a 15 mg/kg por dose a cada 6 horas.","Na fase aguda, que compreende até 14 dias do início dos sintomas, o tratamento deve começar com analgésicos em doses fixas por via oral, como dipirona (10 a 15 mg/kg por dose a cada 6 horas) ou paracetamol (10 a 15 mg/kg por dose a cada 6 horas).",Fase Aguda,"#Tratamento, #Dosagem",Manejo_Chikungunya_2ed.md,57,4,100.0
chikungunya_qa_0565,Paciente,O que meu filho pode sentir se pegar chikungunya?,"Se seu filho pegar chikungunya, ele pode apresentar febre, que pode ser acompanhada de hiperalgesia difusa ou rash cutâneo, dificultando o diagnóstico diferencial com outras doenças febris exantemáticas comuns na infância. Além disso, ele pode sentir dor nas articulações (artralgia) ou até desenvolver artrite. O tratamento é de suporte e manejo dos sintomas. Para a avaliação da dor, é importante realizar uma história e exame físico detalhados, utilizando ferramentas de medição apropriadas para a idade, como a EVA para escolares e adolescentes ou a FLACC para crianças menores. Durante a fase aguda, que vai até 14 dias após o início dos sintomas, o tratamento deve incluir analgésicos em doses fixas por via oral, como dipirona (10 a 15 mg/kg por dose a cada 6 horas) ou paracetamol (10 a 15 mg/kg por dose a cada 6 horas). É importante notar que a dipirona não deve ser utilizada em crianças menores de 3 meses ou com peso inferior a 5 kg. Se necessário, especialmente em crianças maiores, pode-se intensificar a analgesia: entre 1 e 3 anos, recomenda-se intercalar dipirona e paracetamol; acima de 3 anos, pode-se associar tramadol; e, em maiores de 12 anos, tramadol ou codeína podem ser utilizados. Durante a fase aguda, não se recomenda o uso de anti-inflamatórios não hormonais (AINH), aspirina ou glicocorticoides, devido ao risco de complicações, incluindo a possibilidade de coinfecção com dengue. Após confirmação sorológica de chikungunya e com hemograma mostrando plaquetas normais, pode-se considerar o uso de ibuprofeno, associado a apenas um analgésico. A reavaliação clínica deve ser feita entre dois e sete dias. Se houver melhora da dor, mantém-se apenas a analgesia conforme necessário. Caso a dor persista, novas reavaliações devem ser realizadas nesse mesmo intervalo. Se a dor persistir após a fase aguda, inicia-se o manejo da fase pós-aguda (entre 15 dias e três meses), onde pode-se utilizar anti-inflamatórios por cerca de duas semanas e, em casos selecionados, corticosteroides como prednisona ou prednisolona (0,5 mg/kg/dia, até o máximo de 20 mg/dia), por até três semanas, seguidos de redução gradual da dose.","Crianças menores podem não apresentar os sintomas típicos descritos nos adultos, podendo a febre ser acompanhada de hiperalgesia difusa ou de rash cutâneo, o que torna difícil o diagnóstico diferencial com outras doenças febris exantemáticas comuns nesta faixa etária.",Fase Crônica/Subaguda,"#Sintomas, #Chikungunya",Manejo_Chikungunya_2ed.md,57,5,91.25
chikungunya_qa_0566,Paciente,Como meu filho pode se sentir durante a chikungunya?,"Durante a chikungunya, seu filho pode sentir dor nas articulações, conhecida como artralgia, e febre. É importante notar que, em crianças menores, os sintomas podem não ser os mesmos que em adultos, podendo a febre ser acompanhada de hiperalgesia difusa ou manchas na pele (rash cutâneo). O tratamento é de suporte e visa o manejo dos sintomas. Para a dor, a avaliação inicial deve incluir uma história e exame físico detalhados, utilizando ferramentas de medição apropriadas para a idade, como a EVA para escolares e adolescentes ou a FLACC para crianças menores. Na fase aguda, que vai até 14 dias após o início dos sintomas, o tratamento deve começar com analgésicos orais em doses fixas: dipirona (10 a 15 mg/kg por dose a cada 6 horas) ou paracetamol (10 a 15 mg/kg por dose a cada 6 horas). É importante ressaltar que a dipirona não deve ser utilizada em crianças menores de 3 meses ou com peso inferior a 5 kg. Se necessário, especialmente em crianças maiores, a analgesia pode ser intensificada: entre 1 e 3 anos, recomenda-se intercalar dipirona e paracetamol; acima de 3 anos, pode-se associar tramadol; e, em maiores de 12 anos, tramadol ou codeína podem ser utilizados. Durante a fase aguda, não se recomenda o uso de anti-inflamatórios não hormonais (AINH), aspirina ou glicocorticoides, devido ao risco de complicações, incluindo a possibilidade de coinfecção com dengue. Em casos específicos, após confirmação sorológica de chikungunya e hemograma mostrando plaquetas normais, pode-se considerar o uso de ibuprofeno, associado a apenas um analgésico. A reavaliação clínica deve ser feita entre dois e sete dias. Se houver melhora da dor, mantém-se apenas a analgesia conforme necessário. Caso a dor persista, novas reavaliações devem ser realizadas nesse mesmo intervalo. Se a dor continuar após a fase aguda, inicia-se o manejo da fase pós-aguda (entre 15 dias e três meses), onde pode-se utilizar anti-inflamatórios por cerca de duas semanas e, em casos selecionados, corticosteroides como prednisona ou prednisolona (0,5 mg/kg/dia, até o máximo de 20 mg/dia), por até três semanas, seguidos de redução gradual da dose.","O manejo das manifestações musculoesqueléticas da chikungunya em crianças, iniciando pela identificação de dor articular (artralgia) ou presença de artrite.",Fase Crônica/Subaguda,"#Sintomas, #Chikungunya",Manejo_Chikungunya_2ed.md,57,5,91.25
chikungunya_qa_0567,Cuidador,Quais cuidados devo ter se meu filho estiver com febre e dor nas articulações?,"É importante iniciar o tratamento com analgésicos como dipirona ou paracetamol, e monitorar a dor em intervalos regulares para ajustar a medicação conforme necessário.","Na fase aguda, que compreende até 14 dias do início dos sintomas, o tratamento deve começar com analgésicos em doses fixas por via oral, como dipirona (10 a 15 mg/kg por dose a cada 6 horas) ou paracetamol (10 a 15 mg/kg por dose a cada 6 horas).",Fase Aguda,"#Tratamento, #Cuidados",Manejo_Chikungunya_2ed.md,57,5,95.0
chikungunya_qa_0568,Médica,Qual é a abordagem para o manejo da dor na fase aguda da chikungunya em crianças?,"Na fase aguda, o tratamento deve incluir analgésicos em doses fixas, como dipirona ou paracetamol, a cada 6 horas, e a intensidade da dor deve ser avaliada com escalas apropriadas.","Na fase aguda, que compreende até 14 dias do início dos sintomas, o tratamento deve começar com analgésicos em doses fixas por via oral, como dipirona (10 a 15 mg/kg por dose a cada 6 horas) ou paracetamol (10 a 15 mg/kg por dose a cada 6 horas). A intensidade da dor deve ser avaliada por escalas apropriadas.",Fase Aguda,"#Tratamento, #Manejo",Manejo_Chikungunya_2ed.md,57,5,95.0
chikungunya_qa_0569,Médica,Quais são as recomendações para o uso de anti-inflamatórios em crianças com chikungunya?,"Durante a fase aguda, não se recomenda o uso de anti-inflamatórios não hormonais, aspirina ou glicocorticoides, devido ao risco de complicações, incluindo a possibilidade de coinfecção com dengue.","Durante a fase aguda, não se recomenda o uso de anti-inflamatórios não hormonais (AINH), aspirina ou glicocorticoides, devido ao risco de complicações, inclusive possibilidade de coinfecção com dengue.",Fase Aguda,"#Tratamento, #Cuidados",Manejo_Chikungunya_2ed.md,57,5,100.0
chikungunya_qa_0570,Paciente,Meu filho pode ter manchas na pele se pegar chikungunya?,"Sim, crianças podem apresentar febre acompanhada de manchas na pele, o que pode dificultar o diagnóstico de chikungunya.","Crianças menores podem não apresentar os sintomas típicos descritos nos adultos, podendo a febre ser acompanhada de hiperalgesia difusa ou de rash cutâneo, o que torna difícil o diagnóstico diferencial com outras doenças febris exantemáticas comuns nesta faixa etária.",Fase Aguda,"#Sintomas, #Chikungunya",Manejo_Chikungunya_2ed.md,57,6,95.0
chikungunya_qa_0571,Cuidador,Como posso avaliar a dor do meu filho durante o tratamento da chikungunya?,"A intensidade da dor deve ser avaliada por escalas apropriadas, como a EVA para escolares e adolescentes ou a FLACC para crianças menores, e deve ser realizada em intervalos regulares.","A intensidade da dor deve ser avaliada por escalas apropriadas, como a EVA (em escolares e adolescentes) ou a FLACC (em crianças menores).",Fase Aguda,"#Avaliação, #Tratamento",Manejo_Chikungunya_2ed.md,57,6,100.0
chikungunya_qa_0572,Cuidador,Quando devo levar meu filho para uma nova avaliação durante o tratamento da chikungunya?,"A reavaliação clínica deve ser feita entre dois e sete dias. Se a dor persistir, novas reavaliações devem ser realizadas nesse mesmo intervalo.","A reavaliação clínica deve ser feita entre dois e sete dias. Se houver melhora da dor, mantém-se apenas analgesia conforme necessário. Caso a dor persista, novas reavaliações devem ser realizadas nesse mesmo intervalo.",Fase Aguda,"#Avaliação, #Tratamento",Manejo_Chikungunya_2ed.md,57,6,100.0
chikungunya_qa_0573,Médica,Qual é o tratamento recomendado para a fase aguda da chikungunya em crianças?,"Na fase aguda, o tratamento deve começar com analgésicos em doses fixas por via oral, como dipirona (10 a 15 mg/kg por dose a cada 6 horas) ou paracetamol (10 a 15 mg/kg por dose a cada 6 horas).","Na fase aguda, que compreende até 14 dias do início dos sintomas, o tratamento deve começar com analgésicos em doses fixas por via oral, como dipirona (10 a 15 mg/kg por dose a cada 6 horas) ou paracetamol (10 a 15 mg/kg por dose a cada 6 horas).",Fase Aguda,"#Tratamento, #Chikungunya",Manejo_Chikungunya_2ed.md,57,6,100.0
chikungunya_qa_0574,Médica,Quais medicamentos não são recomendados durante a fase aguda da chikungunya?,"Durante a fase aguda, não se recomenda o uso de anti-inflamatórios não hormonais (AINH), aspirina ou glicocorticoides, devido ao risco de complicações, inclusive possibilidade de coinfecção com dengue.","Durante a fase aguda, não se recomenda o uso de anti-inflamatórios não hormonais (AINH), aspirina ou glicocorticoides, devido ao risco de complicações, inclusive possibilidade de coinfecção com dengue.",Fase Aguda,"#Tratamento, #Chikungunya",Manejo_Chikungunya_2ed.md,57,6,100.0
chikungunya_qa_0575,Paciente,O que acontece se a dor do meu filho continuar mesmo após os primeiros dias de tratamento?,"Se a dor persistir, novas reavaliações devem ser realizadas entre dois e sete dias. Se a dor continuar após a fase aguda, inicia-se o manejo da fase pós-aguda, que pode envolver o uso de medicamentos anti-inflamatórios e, em casos selecionados, corticosteroides.","Se a dor persistir após a fase aguda, inicia-se o manejo da fase pós-aguda (entre 15 dias e três meses). Nessa fase, pode-se utilizar anti-inflamatórios por cerca de duas semanas e, em casos selecionados, corticosteroides como prednisona ou prednisolona (0,5 mg/kg/dia, até o máximo de 20 mg/dia), por até três semanas, seguidos de redução gradual da dose.",Fase Crônica/Subaguda,"#Tratamento, #Sintomas",Manejo_Chikungunya_2ed.md,58,1,95.0
chikungunya_qa_0576,Paciente,Quais são os sinais de dor que meu filho pode mostrar?,"Os sinais de dor incluem expressão facial de sofrimento, movimento do corpo e postura corporal alterada, incapacidade de ser consolado, choro e gemido. Para a dor crônica, pode haver postura anormal, falta de expressão facial e alterações no apetite.","| Dor agudaDor crônica | Dor agudaDor crônica |
| --- | --- |
| *Expressão facial<br>*Movimento do corpo e postura corporal<br>*Incapacidade de ser consolado<br>*Choro<br>*Gemido | * Postura anormal<br>* Medo de ser movimentado<br>* Falta de expressão facial<br>* Falta de interesse no ambiente<br>* Tranquilidade indevida<br>* Aumento da irritabilidade<br>* Mau humor<br>* Perturbações do sono<br>* Raiva<br>* Alterações do apetite<br>Baixo desempenho escolar |",Fase Crônica/Subaguda,"#Sintomas, #Comportamento",Manejo_Chikungunya_2ed.md,58,1,95.0
chikungunya_qa_0577,Cuidador,Quando devo levar meu filho ao médico durante o tratamento da chikungunya?,"É importante levar seu filho ao médico se houver sinais de alarme, manifestações sistêmicas ou se ele tiver menos de 1 ano. Além disso, se a dor persistir e não houver melhora após o tratamento, uma nova avaliação é necessária.","Além disso, crianças com sinais de alarme, manifestações sistêmicas ou menores de 1 ano devem ser internadas, recebendo tratamento conforme as complicações específicas de cada órgão ou sistema, de acordo com protocolos clínicos vigentes.",Fase Aguda,"#SinaisDeAlerta, #Cuidados",Manejo_Chikungunya_2ed.md,58,1,100.0
chikungunya_qa_0578,Cuidador,O que devo fazer se meu filho tiver dor neuropática durante o tratamento?,"Se houver suspeita de dor neuropática, como dormência ou queimação, deve-se aplicar um instrumento de triagem específico. Se confirmado, o tratamento pode incluir gabapentina ou amitriptilina, com ajustes de doses conforme a idade e peso do seu filho.","Quando há suspeita de dor neuropática, caracterizada por dormência, queimação ou formigamento, deve-se aplicar instrumento de triagem específico. Se confirmada, o tratamento inclui gabapentina (com doses ajustadas por idade e peso) ou amitriptilina (em crianças maiores de 12 anos).",Fase Aguda,"#Tratamento, #Cuidados",Manejo_Chikungunya_2ed.md,58,1,95.0
chikungunya_qa_0579,Médica,Qual é o manejo recomendado para a fase pós-aguda da dor em crianças?,"O manejo da fase pós-aguda deve ser iniciado se a dor persistir após a fase aguda. Isso pode incluir o uso de anti-inflamatórios por cerca de duas semanas e, em casos selecionados, corticosteroides, como prednisona ou prednisolona, na dose de 0,5 mg/kg/dia, até o máximo de 20 mg/dia, por até três semanas.","Caso a dor persista, novas reavaliações devem ser realizadas nesse mesmo intervalo. Se a dor persistir após a fase aguda, inicia-se o manejo da fase pós-aguda (entre 15 dias e três meses). Nessa fase, pode-se utilizar anti-inflamatórios por cerca de duas semanas e, em casos selecionados, corticosteroides como prednisona ou prednisolona (0,5 mg/kg/dia, até o máximo de 20 mg/dia), por até três semanas, seguidos de redução gradual da dose.",Fase Crônica/Subaguda,"#Tratamento, #Fases",Manejo_Chikungunya_2ed.md,58,1,100.0
chikungunya_qa_0580,Médica,Como devem ser feitas as reavaliações clínicas durante o tratamento?,"As reavaliações clínicas devem ser feitas entre dois e sete dias após a avaliação inicial. Se houver melhora da dor, deve-se manter apenas a analgesia conforme necessário. Se a dor persistir, novas reavaliações devem ser realizadas nesse mesmo intervalo.","A reavaliação clínica deve ser feita entre dois e sete dias. Se houver melhora da dor, mantém-se apenas analgesia conforme necessário. Caso a dor persista, novas reavaliações devem ser realizadas nesse mesmo intervalo.",Fase Aguda,"#Monitoramento, #Tratamento",Manejo_Chikungunya_2ed.md,58,1,100.0
chikungunya_qa_0581,Cuidador,O que devo fazer se meu filho continuar com dor após o tratamento inicial?,"Se a dor persistir, você deve realizar novas reavaliações clínicas entre dois e sete dias. Caso a dor continue, é importante iniciar o manejo da fase pós-aguda, utilizando anti-inflamatórios e, em alguns casos, corticosteroides.","Caso a dor persista, novas reavaliações devem ser realizadas nesse mesmo intervalo.",Fase Crônica/Subaguda,"#Tratamento, #Reavaliação",Manejo_Chikungunya_2ed.md,58,2,95.0
chikungunya_qa_0582,Cuidador,Quando devo buscar atendimento médico para meu filho durante o tratamento?,"Você deve levar seu filho ao médico se ele apresentar sinais de alarme, manifestações sistêmicas ou se ele tiver menos de 1 ano. Esses casos exigem internação e tratamento específico conforme as complicações.","Além disso, crianças com sinais de alarme, manifestações sistêmicas ou menores de 1 ano devem ser internadas.",Fase Aguda,"#SinaisDeAlerta, #Cuidados",Manejo_Chikungunya_2ed.md,58,2,95.0
chikungunya_qa_0583,Médica,Qual é o protocolo para manejo da dor neuropática em crianças?,"Quando há suspeita de dor neuropática, deve-se aplicar um instrumento de triagem específico. Se confirmada, o tratamento inclui gabapentina ou amitriptilina, com doses ajustadas por idade e peso.","Quando há suspeita de dor neuropática, caracterizada por dormência, queimação ou formigamento, deve-se aplicar instrumento de triagem específico.",Fase Aguda,"#Tratamento, #DorNeuropática",Manejo_Chikungunya_2ed.md,58,2,95.0
chikungunya_qa_0584,Médica,Quais são as recomendações para o manejo da fase crônica da dor em crianças?,"Na fase crônica, que se caracteriza pela persistência dos sintomas por mais de três meses, deve-se manter o manejo da dor, com ajuste das medicações e monitoramento da resposta. Em casos refratários, é indicado o encaminhamento para reumatologia pediátrica.","Nessa etapa, mantém-se o manejo da dor, com ajuste das medicações e monitoramento da resposta.",Fase Crônica/Subaguda,"#Tratamento, #FaseCrônica",Manejo_Chikungunya_2ed.md,58,2,100.0
chikungunya_qa_0585,Paciente,O que acontece se a dor continuar depois de alguns dias de tratamento?,"Se a dor continuar após a fase aguda, novas reavaliações devem ser feitas entre dois e sete dias. Se houver melhora da dor, você deve manter apenas a analgesia conforme necessário. No entanto, se a dor persistir, você deve iniciar o manejo da fase pós-aguda, que ocorre entre 15 dias e três meses. Nessa fase, pode-se utilizar anti-inflamatórios por cerca de duas semanas e, em casos selecionados, corticosteroides como prednisona ou prednisolona, na dosagem de 0,5 mg/kg/dia, até o máximo de 20 mg/dia, por até três semanas, seguidos de uma redução gradual da dose. Se houver suspeita de dor neuropática, caracterizada por sintomas como dormência, queimação ou formigamento, deve-se aplicar um instrumento de triagem específico. Se a dor neuropática for confirmada, o tratamento pode incluir gabapentina, com doses ajustadas por idade e peso, ou amitriptilina, que é indicada para crianças maiores de 12 anos. Caso não haja melhora, as doses podem ser otimizadas dentro dos limites recomendados. Se os sintomas persistirem por mais de três meses, isso caracteriza a fase crônica, onde o manejo da dor deve ser mantido, com ajustes nas medicações e monitoramento da resposta. Em casos refratários ou mais complexos, o encaminhamento para reumatologia pediátrica é indicado. Além disso, crianças com sinais de alarme, manifestações sistêmicas ou menores de 1 ano devem ser internadas, recebendo tratamento conforme as complicações específicas de cada órgão ou sistema, de acordo com protocolos clínicos vigentes. É essencial reavaliar periodicamente a resposta ao tratamento e ajustar a conduta conforme a evolução clínica.","Caso a dor persista, novas reavaliações devem ser realizadas nesse mesmo intervalo.",Fase Crônica/Subaguda,"#Sintomas, #Tratamento",Manejo_Chikungunya_2ed.md,58,3,93.75
chikungunya_qa_0586,Paciente,Como posso saber se estou tendo dor neuropática?,"A dor neuropática pode ser identificada por sintomas como dormência, queimação ou formigamento. É importante relatar esses sintomas ao médico para que ele possa aplicar um teste específico.","Quando há suspeita de dor neuropática, caracterizada por dormência, queimação ou formigamento, deve-se aplicar instrumento de triagem específico.",Fase Aguda,"#Sintomas, #Diagnóstico",Manejo_Chikungunya_2ed.md,58,3,95.0
chikungunya_qa_0587,Cuidador,O que devo fazer se meu filho tiver dor que não passa?,"Se a dor do seu filho persistir, é importante que você o leve para uma nova reavaliação clínica entre dois e sete dias após o início do tratamento. Durante essa reavaliação, se houver melhora da dor, você pode continuar com a analgesia conforme necessário. No entanto, se a dor continuar, novas reavaliações devem ser realizadas nesse mesmo intervalo. Caso a dor persista após a fase aguda, que ocorre entre 15 dias e três meses, você deve iniciar o manejo da fase pós-aguda. Nessa fase, pode-se utilizar anti-inflamatórios por cerca de duas semanas e, em casos selecionados, corticosteroides como prednisona ou prednisolona, na dosagem de 0,5 mg/kg/dia, até o máximo de 20 mg/dia, por até três semanas, seguidos de uma redução gradual da dose. Se houver suspeita de dor neuropática, que pode se manifestar como dormência, queimação ou formigamento, é necessário aplicar um instrumento de triagem específico. Se a dor neuropática for confirmada, o tratamento pode incluir gabapentina, com doses ajustadas por idade e peso, ou amitriptilina, que é indicada para crianças maiores de 12 anos. Se não houver melhora, as doses podem ser otimizadas dentro dos limites recomendados. Se os sintomas persistirem por mais de três meses, isso caracteriza a fase crônica, onde o manejo da dor deve ser mantido, com ajustes nas medicações e monitoramento da resposta. Em casos refratários ou mais complexos, o encaminhamento para reumatologia pediátrica é indicado. Além disso, se seu filho apresentar sinais de alarme, manifestações sistêmicas ou se ele for menor de 1 ano, deve ser internado e receber tratamento conforme as complicações específicas de cada órgão ou sistema, seguindo os protocolos clínicos vigentes. É essencial reavaliar periodicamente a resposta ao tratamento e ajustar a conduta conforme a evolução clínica.","Caso a dor persista, novas reavaliações devem ser realizadas nesse mesmo intervalo.",Fase Crônica/Subaguda,"#Tratamento, #Cuidados",Manejo_Chikungunya_2ed.md,58,3,92.5
chikungunya_qa_0588,Cuidador,Quais sinais de alerta devo observar no meu filho durante o tratamento?,"É importante estar atento a sinais de alarme, manifestações sistêmicas ou se seu filho for menor de 1 ano, pois ele pode precisar ser internado para tratamento adequado.","Além disso, crianças com sinais de alarme, manifestações sistêmicas ou menores de 1 ano devem ser internadas.",Fase Aguda,"#Sintomas, #Cuidados",Manejo_Chikungunya_2ed.md,58,3,95.0
chikungunya_qa_0589,Médica,Como deve ser feita a reavaliação clínica durante o tratamento da dor?,"A reavaliação clínica deve ser feita entre dois e sete dias. Se houver melhora da dor, mantém-se apenas analgesia conforme necessário. Caso a dor persista, novas reavaliações devem ser realizadas nesse mesmo intervalo.",A reavaliação clínica deve ser feita entre dois e sete dias.,Fase Aguda,"#Tratamento, #Avaliação",Manejo_Chikungunya_2ed.md,58,3,100.0
chikungunya_qa_0590,Paciente,O que caracteriza a fase crônica da dor em crianças?,"A fase crônica da dor em crianças acontece quando a dor dura mais de três meses. Nessa fase, é importante continuar cuidando da dor, ajustando os remédios e observando como a criança está reagindo ao tratamento.","Se os sintomas persistirem por mais de três meses, caracteriza-se a fase crônica. Nessa etapa, mantém-se o manejo da dor, com ajuste das medicações e monitoramento da resposta.",Fase Crônica/Subaguda,"#Sintomas, #Tratamento",Manejo_Chikungunya_2ed.md,58,4,95
chikungunya_qa_0591,Cuidador,Qual é a conduta se meu filho apresentar dor neuropática?,"Se houver suspeita de dor neuropática, deve-se aplicar um instrumento de triagem específico. Se confirmada, o tratamento inclui gabapentina ou amitriptilina, com doses ajustadas por idade e peso.","Quando há suspeita de dor neuropática, caracterizada por dormência, queimação ou formigamento, deve-se aplicar instrumento de triagem específico. Se confirmada, o tratamento inclui gabapentina (com doses ajustadas por idade e peso) ou amitriptilina (em crianças maiores de 12 anos).",Fase Aguda,"#Tratamento, #DorNeuropática",Manejo_Chikungunya_2ed.md,58,4,95.0
chikungunya_qa_0592,Médica,Qual é a dose recomendada de corticosteroides para manejo da fase pós-aguda?,"A dose recomendada de corticosteroides como prednisona ou prednisolona é de 0,5 mg/kg/dia, até o máximo de 20 mg/dia, por até três semanas, seguidos de redução gradual da dose.","Caso a dor persista após a fase aguda, inicia-se o manejo da fase pós-aguda (entre 15 dias e três meses). Nessa fase, pode-se utilizar anti-inflamatórios por cerca de duas semanas e, em casos selecionados, corticosteroides como prednisona ou prednisolona (0,5 mg/kg/dia, até o máximo de 20 mg/dia), por até três semanas, seguidos de redução gradual da dose.",Fase Crônica/Subaguda,"#Tratamento, #FasePós-Aguda",Manejo_Chikungunya_2ed.md,58,4,100.0
chikungunya_qa_0593,Paciente,O que eu posso sentir se a dor não melhorar após alguns dias de tratamento?,"Se a dor não melhorar após alguns dias de tratamento, novas reavaliações devem ser realizadas e pode ser necessário iniciar um manejo diferente. Isso pode incluir o uso de medicamentos como anti-inflamatórios ou corticosteroides, dependendo da situação.","Caso a dor persista, novas reavaliações devem ser realizadas nesse mesmo intervalo. Se a dor persistir após a fase aguda, inicia-se o manejo da fase pós-aguda.",Fase Aguda,"#Sintomas, #Tratamento",Manejo_Chikungunya_2ed.md,58,5,95.0
chikungunya_qa_0594,Paciente,Quais são os sinais que podem indicar que eu ou meu filho estamos sentindo dor?,"Os sinais que podem indicar dor incluem expressão facial de dor, choro, gemido e incapacidade de ser consolado. Para dor crônica, pode haver postura anormal, falta de interesse no ambiente e alterações no apetite.",Quadro 6 – Principais indicadores comportamentais de dor,Fase Crônica/Subaguda,"#Sintomas, #Comportamento",Manejo_Chikungunya_2ed.md,58,5,95.0
chikungunya_qa_0595,Cuidador,Quando devo levar meu filho ao médico se ele continuar com dor após o tratamento inicial?,"Você deve levar seu filho ao médico se a dor persistir após a fase aguda, que ocorre entre dois e sete dias após o início do tratamento. Se a dor continuar, novas reavaliações devem ser realizadas nesse mesmo intervalo. Caso a dor persista após a fase aguda, inicia-se o manejo da fase pós-aguda, que ocorre entre 15 dias e três meses. Nessa fase, pode-se utilizar anti-inflamatórios por cerca de duas semanas e, em casos selecionados, corticosteroides como prednisona ou prednisolona, na dosagem de 0,5 mg/kg/dia, até o máximo de 20 mg/dia, por até três semanas, seguidos de redução gradual da dose. Se houver suspeita de dor neuropática, caracterizada por sintomas como dormência, queimação ou formigamento, é necessário aplicar um instrumento de triagem específico. Se a dor neuropática for confirmada, o tratamento pode incluir gabapentina, com doses ajustadas por idade e peso, ou amitriptilina, que é indicada para crianças maiores de 12 anos. Se não houver melhora, as doses podem ser otimizadas dentro dos limites recomendados. Se os sintomas persistirem por mais de três meses, isso caracteriza a fase crônica, onde o manejo da dor deve ser mantido, com ajustes nas medicações e monitoramento da resposta. Em casos refratários ou mais complexos, o encaminhamento para reumatologia pediátrica é indicado. Além disso, se seu filho apresentar sinais de alarme, manifestações sistêmicas ou for menor de 1 ano, ele deve ser internado e receber tratamento conforme as complicações específicas de cada órgão ou sistema, de acordo com os protocolos clínicos vigentes. É essencial reavaliar periodicamente a resposta ao tratamento e ajustar a conduta conforme a evolução clínica.","Caso a dor persista, novas reavaliações devem ser realizadas nesse mesmo intervalo.",Fase Crônica/Subaguda,"#SinaisDeAlerta, #Tratamento",Manejo_Chikungunya_2ed.md,58,5,91.25
chikungunya_qa_0596,Cuidador,Quais cuidados devo ter se meu filho apresentar sinais de dor neuropática?,"Se seu filho apresentar sinais de dor neuropática, como dormência, queimação ou formigamento, é importante aplicar um instrumento de triagem específico. Se confirmado, o tratamento pode incluir gabapentina ou amitriptilina, com doses ajustadas por idade e peso.","Quando há suspeita de dor neuropática, caracterizada por dormência, queimação ou formigamento, deve-se aplicar instrumento de triagem específico. Se confirmada, o tratamento inclui gabapentina ou amitriptilina.",Fase Aguda,"#Cuidados, #DorNeuropática",Manejo_Chikungunya_2ed.md,58,5,100.0
chikungunya_qa_0597,Médica,Qual é a conduta recomendada se a dor persistir por mais de três meses?,"Se a dor persistir por mais de três meses, caracteriza-se a fase crônica, onde deve-se manter o manejo da dor, com ajuste das medicações e monitoramento da resposta. Em casos refratários ou mais complexos, está indicado o encaminhamento para reumatologia pediátrica.","Nessa etapa, mantém-se o manejo da dor, com ajuste das medicações e monitoramento da resposta. Em casos refratários ou mais complexos, está indicado o encaminhamento para reumatologia pediátrica.",Fase Crônica/Subaguda,"#FaseCrônica, #Manejo",Manejo_Chikungunya_2ed.md,58,5,100.0
chikungunya_qa_0598,Médica,Quais são os principais indicadores comportamentais de dor em crianças?,"Os principais indicadores comportamentais de dor aguda incluem expressão facial, movimento do corpo e postura corporal, incapacidade de ser consolado, choro e gemido. Para dor crônica, os indicadores incluem postura anormal, medo de ser movimentado e falta de expressão facial.",Quadro 6 – Principais indicadores comportamentais de dor | Dor agudaDor crônica | Dor agudaDor crônica | *Expressão facial<br>*Movimento do corpo e postura corporal<br>*Incapacidade de ser consolado<br>*Choro<br>*Gemido | * Postura anormal<br>* Medo de ser movimentado<br>* Falta de expressão facial<br>* Falta de interesse no ambiente<br>* Tranquilidade indevida<br>* Aumento da irritabilidade<br>* Mau humor<br>* Perturbações do sono<br>* Raiva<br>* Alterações do apetite<br>Baixo desempenho escolar |,Fase Crônica/Subaguda,"#Sintomas, #Comportamento",Manejo_Chikungunya_2ed.md,58,6,95.0
chikungunya_qa_0599,Paciente,Como posso saber se meu filho está sentindo dor?,"Se seu filho é um recém-nascido ou uma criança que não verbaliza, ele pode apresentar sinais típicos faciais de dor, como sobrancelhas cerradas e bochechas levantadas. Já crianças de 1 a 3 anos podem demonstrar agressividade e chorar intensamente. Para pré-escolares, é comum que verbalizem a intensidade da dor e mostrem resistência a estímulos dolorosos. Escolares verbalizam a dor e podem exibir rigidez muscular. Adolescentes localizam e verbalizam a dor, mas podem negá-la na presença de amigos.","Apresentação de sinais típicos faciais de dor e sofrimento físico: sobrancelhas cerradas, protuberância entre as sobrancelhas e os sulcos verticais na testa, olhos ligeiramente fechados, bochechas levantadas... a criança vê a dor como punição, agita braços e pernas... a criança usa uma medida objetiva de dor... o paciente nega dor na presença de seus pares.",Fase Crônica/Subaguda,"#Sintomas, #Dor",Manejo_Chikungunya_2ed.md,59,1,95.0
chikungunya_qa_0600,Médica,Quais são as manifestações clínicas de dor em crianças de diferentes idades?,"As manifestações clínicas variam conforme a faixa etária: recém-nascidos mostram sinais faciais de dor; crianças de 1 a 3 anos podem apresentar choro intenso e resistência física; pré-escolares verbalizam a dor e precisam de contenção; escolares verbalizam e exibem rigidez muscular; adolescentes localizam a dor, mas podem negá-la na presença de pares.","Recém-nascido e criança que não verbaliza | Apresentação de sinais típicos faciais de dor... 1-3 anos | Manifestação de agressividade verbal, choro intenso... Pré-escolares | Verbalização da intensidade da dor... Escolares | Verbalização da dor... Adolescentes | Localização e verbalização da dor.",Fase Crônica/Subaguda,"#Sintomas, #FaixaEtária",Manejo_Chikungunya_2ed.md,59,1,95.0
chikungunya_qa_0601,Médica,Quais comportamentos indicam dor em crianças escolares?,"Crianças escolares verbalizam a dor, podem usar medidas objetivas e exibir comportamentos protelando atividades. Além disso, apresentam rigidez muscular, como punhos e dentes cerrados, e também têm dificuldade para dormir.",Escolares | Verbalização da dor; a criança usa uma medida objetiva de dor... exterioriza comportamentos idênticos aos do pré-escolar.,Fase Aguda,"#Sintomas, #Comportamento",Manejo_Chikungunya_2ed.md,59,1,95.0
chikungunya_qa_0602,Paciente,Quais são os sinais que mostram que um recém-nascido ou criança pequena está sentindo dor?,"Um recém-nascido ou criança que não verbaliza pode mostrar sinais típicos de dor, como sobrancelhas cerradas, bochechas levantadas e olhos ligeiramente fechados. Também podem apresentar sinais vitais que não são específicos, podendo refletir outras condições, como febre ou problemas no coração e rins.","Apresentação de sinais típicos faciais de dor e sofrimento físico: sobrancelhas cerradas, protuberância entre as sobrancelhas e os sulcos verticais na testa, olhos ligeiramente fechados, bochechas levantadas, nariz alargado e abaulado, aprofundamento da dobra nasolabial, boca aberta e quadrada.<br>Sinais autonômicos vitais inespecíficos, que também podem refletir outros processos, como febre, hipoxemia e disfunção cardíaca ou renal.",Fase Aguda,"#Sintomas, #Dor",Manejo_Chikungunya_2ed.md,59,2,95.0
chikungunya_qa_0603,Paciente,Como uma criança de 1 a 3 anos pode mostrar que está sentindo dor?,"Crianças de 1 a 3 anos podem mostrar que estão sentindo dor através de várias manifestações. Elas frequentemente apresentam choro intenso e podem demonstrar agressividade verbal. Além disso, é comum que elas apresentem resistência física, empurrando para longe o que provoca dor e protegendo a área afetada do corpo. Esse comportamento pode incluir também uma dificuldade para dormir, refletindo o desconforto que estão sentindo.","Manifestação de agressividade verbal, choro intenso, comportamento regressivo, resistência física – o paciente empurra para longe após a aplicação de estímulo doloroso e protege a área dolorosa do corpo –, dificuldade para dormir.",Fase Crônica/Subaguda,"#Sintomas, #Dor",Manejo_Chikungunya_2ed.md,59,2,100
chikungunya_qa_0604,Médica,Quais são as manifestações clínicas de dor em adolescentes?,"Adolescentes podem localizar e verbalizar a dor, mas podem negá-la na presença de amigos. Eles também podem apresentar mudanças nos padrões de sono e apetite, tensão muscular e regredir em comportamento quando estão com a família.","Localização e verbalização da dor; o paciente nega dor na presença de seus pares, exibe mudanças nos padrões de sono e/ou de apetite, pode ser influenciado por crenças culturais, apresenta tensão muscular, exposição e controle do corpo, mostra comportamento regressivo na presença da família, tem dificuldade para dormir.",Fase Aguda,"#Sintomas, #Dor",Manejo_Chikungunya_2ed.md,59,2,90.0
chikungunya_qa_0605,Médica,Quais são os sinais de dor em crianças que não verbalizam?,"Crianças que não verbalizam podem apresentar sinais faciais típicos de dor, como sobrancelhas cerradas e olhos fechados, além de sinais autonômicos que podem refletir outras condições, como febre ou problemas cardíacos e renais.","Apresentação de sinais típicos faciais de dor e sofrimento físico: sobrancelhas cerradas, protuberância entre as sobrancelhas e os sulcos verticais na testa, olhos ligeiramente fechados, bochechas levantadas, nariz alargado e abaulado, aprofundamento da dobra nasolabial, boca aberta e quadrada.<br>Sinais autonômicos vitais inespecíficos, que também podem refletir outros processos, como febre, hipoxemia e disfunção cardíaca ou renal.",Fase Aguda,"#Sintomas, #Dor",Manejo_Chikungunya_2ed.md,59,2,95.0
chikungunya_qa_0606,Paciente,Quais comportamentos podem indicar que um adolescente está sentindo dor?,"Um adolescente pode indicar que está sentindo dor através de vários comportamentos. Ele pode localizar e verbalizar a dor, mas também pode negar a dor na presença de seus pares. Além disso, é comum que o adolescente apresente mudanças nos padrões de sono e/ou de apetite. Outros sinais incluem tensão muscular e a forma como ele expõe e controla seu corpo. É importante notar que o comportamento do adolescente pode ser influenciado por crenças culturais. Na presença da família, ele pode mostrar um comportamento regressivo, o que pode incluir agir de maneira mais infantil ou dependente. A dificuldade para dormir também é um sinal relevante que pode estar associado à dor.","Localização e verbalização da dor; o paciente nega dor na presença de seus pares, exibe mudanças nos padrões de sono e/ou de apetite.",Fase Aguda,"#Sintomas, #Dor",Manejo_Chikungunya_2ed.md,59,4,100
chikungunya_qa_0607,Paciente,Quais são os sintomas que podem não aparecer em idosos com chikungunya?,"Em idosos com chikungunya, 16% não apresentam febre e 32% não apresentam dor nas articulações.","Estudos realizados na ilha francesa de Martinica mostraram que dos pacientes idosos confirmados para chikungunya que procuraram assistência 16% não apresentaram febre, 32% não apresentaram dor articular...",Fase Aguda,"#Sintomas, #Chikungunya",Manejo_Chikungunya_2ed.md,60,1,100.0
chikungunya_qa_0608,Paciente,Por que os idosos têm mais dificuldades com chikungunya?,Os idosos têm risco maior para agravamento da chikungunya e frequentemente apresentam outras doenças e fragilidades que tornam a infecção mais desafiadora.,Idosos têm risco maior para agravamento e frequentemente apresentam comorbidades e fragilidades que podem tornar a infecção por chikungunya mais desafiadora.,Fase Aguda,"#Sintomas, #Chikungunya",Manejo_Chikungunya_2ed.md,60,1,100.0
chikungunya_qa_0609,Cuidador,Quais cuidados devo ter com um idoso diagnosticado com chikungunya?,"É importante monitorar frequentemente a pressão arterial, a frequência cardíaca, a glicemia e outros parâmetros, pois os idosos são mais suscetíveis a complicações cardiovasculares e metabólicas.","Além disso, deve-ser manter a monitorização frequente da pressão arterial, da frequência cardíaca, da glicemia e de outros parâmetros...",Fase Aguda,"#Cuidados, #Chikungunya",Manejo_Chikungunya_2ed.md,60,1,95.0
chikungunya_qa_0610,Cuidador,Quando devo considerar a hospitalização de um idoso com chikungunya?,"Deve-se considerar a hospitalização se houver suspeita de complicações, monitoramento cardiológico e dos parâmetros vitais.","Na suspeita de complicações deve-se considerar a hospitalização, o monitoramento cardiológico e dos parâmetros vitais.",Fase Aguda,"#Cuidados, #Chikungunya",Manejo_Chikungunya_2ed.md,60,1,95.0
chikungunya_qa_0611,Médica,Quais exames complementares devem ser incluídos na abordagem inicial de idosos com chikungunya?,"Devem ser incluídos exames como glicemia, hemograma, perfil hepático e renal, marcadores de necrose miocárdica, radiografia de tórax e eletrocardiograma.","Alguns exames complementares que possam indicar agravamento devem ser incluídos na abordagem inicial e no seguimento, tais como glicemia, hemograma, perfil hepático e renal, marcadores de necrose miocárdica, radiografia de tórax, eletrocardiograma, entre outros.",Fase Aguda,"#Exames, #Chikungunya",Manejo_Chikungunya_2ed.md,60,1,100.0
chikungunya_qa_0612,Paciente,Quais sintomas podem não aparecer em idosos com chikungunya?,"Alguns idosos com chikungunya podem não apresentar febre e dor nas articulações. É importante ficar atento a isso, pois mesmo sem esses sintomas, eles podem ter a doença.","Estudos realizados na ilha francesa de Martinica mostraram que dos pacientes idosos confirmados para chikungunya que procuraram assistência 16% não apresentaram febre, 32% não apresentaram dor articular.",Fase Aguda,"#Sintomas, #Chikungunya",Manejo_Chikungunya_2ed.md,60,2,100.0
chikungunya_qa_0613,Paciente,Como a chikungunya pode afetar a mobilidade dos idosos?,"As dores nas articulações podem causar dificuldades significativas de mobilidade nos idosos, tornando importante o manejo da dor e a fisioterapia para ajudar na recuperação.",As dores articulares podem levar a dificuldades significativas de mobilidade.,Fase Crônica/Subaguda,"#Sintomas, #Mobilidade",Manejo_Chikungunya_2ed.md,60,2,95.0
chikungunya_qa_0614,Cuidador,Quais cuidados devo ter com a hidratação de um idoso com chikungunya?,"A hidratação adequada é muito importante, mas deve ser feita com cuidado, pois os idosos têm maior risco de complicações renais e desidratação, além de serem vulneráveis à hiper-hidratação.","A hidratação adequada é de extrema importância e deve ser cuidadosa nos idosos, que podem ter maior risco de complicações renais e desidratação, mas são vulneráveis também à hiper-hidratação.",Fase Aguda,"#Cuidados, #Hidratação",Manejo_Chikungunya_2ed.md,60,2,100.0
chikungunya_qa_0615,Cuidador,Quando devo buscar hospitalização para um idoso com chikungunya?,"Deve-se considerar a hospitalização na suspeita de complicações, além de monitorar a condição do paciente e os parâmetros vitais.","Na suspeita de complicações deve-se considerar a hospitalização, o monitoramento cardiológico e dos parâmetros vitais.",Fase Aguda,"#Cuidados, #Hospitalização",Manejo_Chikungunya_2ed.md,60,2,95.0
chikungunya_qa_0616,Médica,Quais critérios devem ser flexibilizados para o diagnóstico de chikungunya em idosos?,Os critérios de definição de caso suspeito devem ser flexibilizados para este grupo etário para não se perder a oportunidade de diagnóstico e tratamento.,"Assim, os critérios de definição de caso suspeito devem ser flexibilizados para este grupo etário para não se perder a oportunidade de diagnóstico e tratamento.",Fase Aguda,"#Diagnóstico, #Chikungunya",Manejo_Chikungunya_2ed.md,60,2,95.0
chikungunya_qa_0617,Médica,Quais exames complementares são recomendados para idosos com chikungunya?,"Devem ser incluídos na abordagem inicial glicemia, hemograma, perfil hepático e renal, marcadores de necrose miocárdica, radiografia de tórax e eletrocardiograma.","Alguns exames complementares que possam indicar agravamento devem ser incluídos na abordagem inicial e no seguimento, tais como glicemia, hemograma, perfil hepático e renal, marcadores de necrose miocárdica, radiografia de tórax, eletrocardiograma, entre outros.",Fase Aguda,"#Exames, #Chikungunya",Manejo_Chikungunya_2ed.md,60,2,100.0
chikungunya_qa_0618,Paciente,Quais problemas posso ter se eu já tiver diabetes e pegar chikungunya?,"Se você já tem diabetes e contrai chikungunya, pode apresentar complicações mais frequentes, como descompensação do diabetes, que podem levar a internações e até à morte. É importante que sua glicemia seja avaliada.","Pacientes com diabetes devem sempre ter sua glicemia avaliada, uma vez que as descompensações dessa doença são causas importantes de internação e mortalidade.",Fase Aguda,"#Sintomas, #Complicações",Manejo_Chikungunya_2ed.md,61,1,95.0
chikungunya_qa_0619,Paciente,O que devo fazer se sentir que minha febre e dor estão piorando com chikungunya?,"Se você sentir que a febre e a dor estão piorando com chikungunya, é fundamental procurar ajuda médica imediatamente. A internação deve ser considerada se houver sinais de agravamento, especialmente se você tiver comorbidades como diabetes, hipertensão arterial, doenças cardiovasculares ou doenças respiratórias crônicas, pois essas condições podem levar a complicações mais graves. É importante que sua glicemia seja avaliada, caso você tenha diabetes, já que descompensações dessa doença são causas significativas de internação e mortalidade. Para pacientes com hipertensão arterial, é essencial continuar tomando os medicamentos regularmente e monitorar a pressão arterial. Se você tiver doenças cardiovasculares preexistentes, como insuficiência cardíaca, a prudência é crucial para evitar complicações. Além disso, o manejo da dor e da febre deve ser cuidadosamente planejado, levando em conta suas comorbidades e as medicações que você já está utilizando. A hidratação adequada é vital, pois pacientes com comorbidades são mais vulneráveis à desidratação e à hiper-hidratação. Quando necessário, anti-inflamatórios e analgésicos devem ser prescritos de forma individualizada para evitar interações medicamentosas indesejadas. O acompanhamento regular por profissionais de saúde é essencial para garantir que suas comorbidades sejam controladas e para prevenir complicações. A colaboração entre você, os profissionais de saúde e seus familiares é indispensável para alcançar o melhor resultado possível.","Na suspeita de qualquer sinal de agravamento, a internação deve ser considerada.",Fase Crônica/Subaguda,"#Sintomas, #Ação",Manejo_Chikungunya_2ed.md,61,1,91.25
chikungunya_qa_0620,Cuidador,Como posso ajudar um paciente com chikungunya que tem hipertensão arterial?,É fundamental que o paciente continue tomando seus medicamentos para hipertensão regularmente e monitore a pressão arterial. Este acompanhamento é essencial para evitar complicações.,Pacientes com hipertensão arterial devem continuar a tomar seus medicamentos regularmente e monitorar sua pressão arterial.,Fase Aguda,"#Cuidados, #Monitoramento",Manejo_Chikungunya_2ed.md,61,1,95.0
chikungunya_qa_0621,Médica,Quais são as complicações mais frequentes em pacientes com comorbidades infectados por chikungunya?,"Pacientes com comorbidades podem apresentar complicações como descompensação das doenças de base ou quadros mais graves relacionados a outros órgãos e sistemas, podendo levar à morte.","Pacientes com comorbidades – como diabetes, hipertensão arterial, doenças cardiovasculares ou doenças respiratórias crônicas – podem apresentar complicações mais frequentes quando infectados por chikungunya.",Fase Aguda,"#Complicações, #Comorbidades",Manejo_Chikungunya_2ed.md,61,1,100.0
chikungunya_qa_0622,Médica,Qual é a abordagem inicial recomendada para pacientes com chikungunya?,"A abordagem inicial deve sempre incluir um exame físico detalhado e, se necessário, exames complementares que ajudem a identificar descompensação das doenças preexistentes ou outros sinais de gravidade.","Essa abordagem inicial deve sempre incluir um exame físico detalhado, podendo incorporar exames complementares que contribuam para identificar descompensação das doenças preexistentes ou outros sinais de gravidade.",Fase Aguda,"#Abordagem, #Exames",Manejo_Chikungunya_2ed.md,61,1,95.0
chikungunya_qa_0623,Cuidador,Quando devo considerar levar um paciente com chikungunya ao hospital?,"Você deve considerar a hospitalização de um paciente com chikungunya se houver qualquer sinal de agravamento da condição, especialmente se ele tiver comorbidades como diabetes, hipertensão arterial, doenças cardiovasculares ou doenças respiratórias crônicas. É crucial avaliar a glicemia em pacientes diabéticos, pois descompensações podem levar a internações e mortalidade. Pacientes com hipertensão arterial devem continuar a tomar seus medicamentos regularmente e monitorar a pressão arterial. Em casos de doenças cardiovasculares preexistentes, como insuficiência cardíaca, a prudência é essencial para prevenir complicações. Além disso, o manejo da dor e da febre deve ser cuidadosamente planejado, levando em consideração as comorbidades e as medicações em uso. A hidratação adequada é vital, pois pacientes com comorbidades são mais vulneráveis à desidratação e à hiper-hidratação. Se houver sinais de descompensação das doenças preexistentes ou outros sinais de gravidade, a internação deve ser considerada. O acompanhamento regular por profissionais de saúde é essencial para garantir o controle das comorbidades e a prevenção de complicações.","Na suspeita de qualquer sinal de agravamento, a internação deve ser considerada.",Fase Crônica/Subaguda,"#SinaisDeAlerta, #Hospitalização",Manejo_Chikungunya_2ed.md,61,2,92.5
chikungunya_qa_0624,Médica,Qual deve ser a abordagem inicial para pacientes com chikungunya?,"A abordagem inicial deve sempre incluir um exame físico detalhado, podendo incorporar exames complementares que contribuam para identificar descompensação das doenças preexistentes ou outros sinais de gravidade.","Essa abordagem inicial deve sempre incluir um exame físico detalhado, podendo incorporar exames complementares que contribuam para identificar descompensação das doenças preexistentes ou outros sinais de gravidade.",Fase Aguda,"#AbordagemInicial, #ExamesComplementares",Manejo_Chikungunya_2ed.md,61,2,95.0
chikungunya_qa_0625,Paciente,Como a chikungunya pode afetar minha saúde se eu tiver pressão alta?,"Se você tem pressão alta e pega chikungunya, é essencial que continue tomando seus medicamentos regularmente e monitorando sua pressão arterial, pois pode haver um risco maior de complicações.","Da mesma forma, pacientes com hipertensão arterial devem continuar a tomar seus medicamentos regularmente e monitorar sua pressão arterial.",Fase Aguda,"#Comorbidades, #Chikungunya, #Hipertensão",Manejo_Chikungunya_2ed.md,61,3,100.0
chikungunya_qa_0626,Cuidador,Quando devo considerar a hospitalização de um paciente com chikungunya que tem comorbidades?,"Você deve considerar a hospitalização se houver qualquer sinal de agravamento do estado de saúde do paciente, especialmente se ele tiver comorbidades como diabetes ou doenças cardiovasculares.","Na suspeita de qualquer sinal de agravamento, a internação deve ser considerada.",Fase Aguda,"#Cuidados, #Chikungunya, #Hospitalização",Manejo_Chikungunya_2ed.md,61,3,95.0
chikungunya_qa_0627,Cuidador,Quais cuidados devo ter com a hidratação de um paciente com chikungunya e comorbidades?,"É fundamental assegurar que o paciente esteja adequadamente hidratado, pois aqueles com comorbidades podem ser mais vulneráveis à desidratação e à hiper-hidratação.","A hidratação adequada é de extrema importância, especialmente em pacientes com comorbidades, que podem ser mais vulneráveis tanto à desidratação como à hiper-hidratação.",Fase Aguda,"#Cuidados, #Chikungunya, #Hidratação",Manejo_Chikungunya_2ed.md,61,3,100.0
chikungunya_qa_0628,Médica,Quais complicações podem ocorrer em pacientes com comorbidades infectados por chikungunya?,"Pacientes com comorbidades podem apresentar complicações mais frequentes, incluindo descompensação das doenças de base ou quadros mais graves relacionados a outros órgãos e sistemas, podendo levar à morte.","Pacientes com comorbidades – como diabetes, hipertensão arterial, doenças cardiovasculares ou doenças respiratórias crônicas – podem apresentar complicações mais frequentes quando infectados por chikungunya.",Fase Aguda,"#Complicações, #Chikungunya, #Comorbidades",Manejo_Chikungunya_2ed.md,61,3,100.0
chikungunya_qa_0629,Médica,Qual é a abordagem clínica recomendada para pacientes com chikungunya e comorbidades?,"A abordagem clínica deve incluir um exame físico detalhado e, se necessário, exames complementares para identificar descompensação das doenças preexistentes ou outros sinais de gravidade.","Essa abordagem inicial deve sempre incluir um exame físico detalhado, podendo incorporar exames complementares que contribuam para identificar descompensação das doenças preexistentes ou outros sinais de gravidade.",Fase Aguda,"#Abordagem, #Chikungunya, #Exames",Manejo_Chikungunya_2ed.md,61,3,95.0
chikungunya_qa_0630,Médica,Quais métodos diretos podem ser utilizados no diagnóstico laboratorial da infecção pelo vírus chikungunya?,"Os métodos diretos incluem: pesquisa de vírus (isolamento viral por inoculação em células e camundongos recém-nascidos), pesquisa de genoma do vírus da chikungunya por reação em cadeia da polimerase via transcriptase reversa (RT-PCR) e pesquisa de antígenos virais por meio de imuno-histoquímica (IHQ), geralmente associado ao estudo anatomopatológico.","O diagnóstico laboratorial da infecção pelo vírus chikungunya (CHIKV) pode ser realizado por métodos diretos, que identificam material viral, ou indiretos, que identificam anticorpos produzidos contra o vírus. Métodos diretos: Pesquisa de vírus (isolamento viral por inoculação em células e camundongos recém-nascidos). Pesquisa de genoma do vírus da chikungunya por reação em cadeia da polimerase via transcriptase reversa (RT-PCR). Pesquisa de antígenos virais por meio de imuno-histoquímica (IHQ), geralmente associado ao estudo anatomopatológico.",Fase Aguda,"#Diagnóstico, #MétodosDiretos",Manejo_Chikungunya_2ed.md,62,1,100.0
chikungunya_qa_0631,Médica,Quais métodos indiretos são utilizados para o diagnóstico da infecção pelo vírus chikungunya?,"Os métodos indiretos incluem: pesquisa de anticorpos IgM e IgG por testes sorológicos (ensaio imunoenzimático – ELISA), demonstração de soroconversão nos títulos de anticorpos por Inibição da Hemaglutinação (IH) e alteração de quatro vezes no título do Teste de Neutralização por Redução de Placas (PRNT) em amostras pareadas de fases convalescentes, sendo a primeira coleta a partir do sexto dia do início dos sintomas e a segunda coleta após 15 dias da primeira coleta.","Métodos indiretos: Pesquisa de anticorpos IgM e IgG por testes sorológicos (ensaio imunoenzimático – ELISA). Demonstração de soroconversão nos títulos de anticorpos por Inibição da Hemaglutinação (IH) (não reagente → reagente por IH). Alteração de quatro vezes no título do Teste de Neutralização por Redução de Placas (PRNT) em amostras pareadas de fases convalescentes, sendo a primeira coleta a partir do sexto dia do início dos sintomas e a segunda coleta após 15 dias da primeira coleta.",Fase Aguda,"#Diagnóstico, #MétodosIndiretos",Manejo_Chikungunya_2ed.md,62,1,100.0
chikungunya_qa_0632,Médica,Qual é o prazo ideal para coleta do material para pesquisa do RNA viral por RT-PCR em pacientes com chikungunya?,"O material deve ser coletado até o quinto dia de sintomas para que a pesquisa do RNA viral por técnicas moleculares RT-PCR e qRT-PCR seja realizada. Em casos de óbito, a extensão desse prazo pode ser discutida com as autoridades da vigilância em saúde.","A pesquisa do RNA viral por técnicas moleculares RT-PCR (Reverse-Transcription Polymerase Chain Reaction) e qRT-PCR (Real Time RT-PCR), que proporcionam um diagnóstico precoce e sensível, requer que o material seja coletado até o quinto dia de sintomas. Em casos de óbito, a extensão desse prazo pode ser discutida com as autoridades da vigilância em saúde.",Fase Aguda,"#Diagnóstico, #PrazoColeta",Manejo_Chikungunya_2ed.md,62,1,100.0
chikungunya_qa_0633,Médica,Quais testes sorológicos são recomendados para o diagnóstico de chikungunya?,"Os testes sorológicos recomendados incluem a pesquisa de anticorpos IgM e IgG por ELISA, além da demonstração de soroconversão e alteração de quatro vezes no título do Teste de Neutralização por Redução de Placas (PRNT).",Métodos indiretos... Pesquisa de anticorpos IgM e IgG por testes sorológicos (ensaio imunoenzimático – ELISA)... Alteração de quatro vezes no título do Teste de Neutralização por Redução de Placas (PRNT)...,Fase Aguda,"#Diagnóstico, #Chikungunya",Manejo_Chikungunya_2ed.md,62,2,100.0
chikungunya_qa_0634,Médica,Qual é a importância do prazo para coleta de amostras em casos com manifestações neurológicas?,"Em casos com manifestação neurológica, a pesquisa de RT-PCR e sorologia IgM pode ser realizada até 60 dias do início dos sintomas, devido à persistência viral mais prolongada.",Estudos recentes demostraram que os casos com manifestação neurológica associados à chikungunya possuem uma persistência viral mais prolongada...,Fase Crônica/Subaguda,"#Diagnóstico, #Chikungunya",Manejo_Chikungunya_2ed.md,62,2,100.0
chikungunya_qa_0635,Paciente,Quais exames são feitos para confirmar se tenho chikungunya?,"Para confirmar a infecção pelo vírus chikungunya, são feitos exames que podem identificar o vírus ou os anticorpos que seu corpo produziu. Os exames diretos incluem a pesquisa do vírus, que pode ser feita por isolamento viral, RT-PCR e pesquisa de antígenos virais. Já os exames indiretos incluem a pesquisa de anticorpos IgM e IgG por testes sorológicos.","O diagnóstico laboratorial da infecção pelo vírus chikungunya (CHIKV) pode ser realizado por métodos diretos, que identificam material viral, ou indiretos, que identificam anticorpos produzidos contra o vírus.",Fase Aguda,"#Diagnóstico, #Exames",Manejo_Chikungunya_2ed.md,62,3,95.0
chikungunya_qa_0636,Paciente,Quando devo fazer os testes de anticorpos para chikungunya?,"Os testes de anticorpos, como os de IgM e IgG, devem ser coletados a partir do sexto dia de sintomas. Isso é importante para garantir que seu corpo tenha produzido os anticorpos necessários para a detecção.",A técnica Elisa (Enzyme-Linked Immunosorbent Assay) é mais usada para identificação de anticorpos. Esses testes sorológicos permitem a detecção de anticorpos específicos do tipo IgM e IgG e devem ser coletados a partir do sexto dia de sintomas.,Fase Aguda,"#Diagnóstico, #Exames",Manejo_Chikungunya_2ed.md,62,3,100.0
chikungunya_qa_0637,Paciente,Qual é o prazo para coletar material para o teste de RNA do vírus chikungunya?,O material para pesquisa do RNA viral deve ser coletado até o quinto dia de sintomas. Isso é fundamental para um diagnóstico precoce e preciso.,"A pesquisa do RNA viral por técnicas moleculares RT-PCR (Reverse-Transcription Polymerase Chain Reaction) e qRT-PCR (Real Time RT-PCR), que proporcionam um diagnóstico precoce e sensível, requer que o material seja coletado até o quinto dia de sintomas.",Fase Aguda,"#Diagnóstico, #Exames",Manejo_Chikungunya_2ed.md,62,3,95.0
chikungunya_qa_0638,Médica,Quais são os métodos diretos para o diagnóstico da infecção pelo vírus chikungunya?,"Os métodos diretos para o diagnóstico incluem: isolamento viral por inoculação em células e camundongos recém-nascidos, pesquisa de genoma do vírus da chikungunya por RT-PCR e pesquisa de antígenos virais por imuno-histoquímica, geralmente associada ao estudo anatomopatológico.","Métodos diretos: Pesquisa de vírus (isolamento viral por inoculação em células e camundongos recém-nascidos). Pesquisa de genoma do vírus da chikungunya por reação em cadeia da polimerase via transcriptase reversa (RT-PCR). Pesquisa de antígenos virais por meio de imuno-histoquímica (IHQ), geralmente associado ao estudo anatomopatológico.",Fase Aguda,"#Diagnóstico, #MétodosDiretos",Manejo_Chikungunya_2ed.md,62,3,100.0
chikungunya_qa_0639,Médica,Quais métodos diretos podem ser utilizados para o diagnóstico da infecção pelo vírus chikungunya?,"Os métodos diretos incluem: pesquisa de vírus (isolamento viral), pesquisa de genoma do vírus por RT-PCR e pesquisa de antígenos virais por imuno-histoquímica.","Métodos diretos: Pesquisa de vírus (isolamento viral por inoculação em células e camundongos recém-nascidos). Pesquisa de genoma do vírus da chikungunya por reação em cadeia da polimerase via transcriptase reversa (RT-PCR). Pesquisa de antígenos virais por meio de imuno-histoquímica (IHQ), geralmente associado ao estudo anatomopatológico.",Fase Aguda,"#Diagnóstico, #Chikungunya",Manejo_Chikungunya_2ed.md,62,4,100.0
chikungunya_qa_0640,Médica,Qual é o intervalo recomendado para a coleta de amostras na sorologia pareada?,A primeira amostra deve ser coletada na fase aguda da doença e a segunda no mínimo 15 dias após a primeira.,"Neste caso, duas amostras devem ser coletadas: a primeira na fase aguda da doença e a segunda no mínimo 15 dias após a primeira.",Fase Aguda,"#Diagnóstico, #Chikungunya",Manejo_Chikungunya_2ed.md,63,1,100.0
chikungunya_qa_0641,Médica,Quais são as condições de armazenamento para amostras destinadas ao isolamento viral?,"As amostras destinadas ao isolamento viral devem ser mantidas em freezer a -70 °C até o uso, e o transporte deve ser feito sob refrigeração.",As amostras destinadas ao isolamento viral e à pesquisa de RNA devem ser mantidas em freezer -70 °C até o uso.,Fase Aguda,"#Tratamento, #Chikungunya",Manejo_Chikungunya_2ed.md,63,1,95.0
chikungunya_qa_0642,Médica,Qual é o critério para considerar um teste sorológico positivo?,"Um teste sorológico é considerado positivo quando há um aumento de quatro vezes nos títulos dos anticorpos entre a primeira amostra, coletada na fase aguda da doença, e a segunda amostra, que deve ser coletada no mínimo 15 dias após a primeira. É importante ressaltar que a sorologia pareada é uma estratégia utilizada para confirmação sorológica. Além disso, deve-se ter em mente que, em regiões onde circulam outros Alphavirus, como o vírus Mayaro, podem ser necessários testes adicionais para diferenciar entre essas infecções. Os testes rápidos imunocromatográficos são considerados apenas testes de triagem e, se o resultado for positivo, devem ser confirmados por técnicas como ELISA.",O aumento de quatro vezes nos títulos dos anticorpos é considerado positivo.,Fase Aguda,"#Diagnóstico, #Critérios",Manejo_Chikungunya_2ed.md,63,2,97.5
chikungunya_qa_0643,Médica,Quais amostras clínicas podem ser utilizadas para o diagnóstico laboratorial?,"As amostras clínicas utilizadas para o diagnóstico geralmente são sangue (virológico) ou soro (sorológico). Em casos neurológicos, o líquido cefalorraquidiano também pode ser coletado.","As amostras clínicas utilizadas para o diagnóstico são geralmente sangue (virológico) ou soro (sorológico), mas nos casos neurológicos com características meningoencefalíticas, o líquido cefalorraquidiano também pode ser coletado para os testes laboratoriais.",Fase Aguda,"#Diagnóstico, #Amostras",Manejo_Chikungunya_2ed.md,63,2,95.0
chikungunya_qa_0644,Médica,Que tipo de amostras clínicas podem ser coletadas para o diagnóstico de chikungunya?,"As amostras clínicas utilizadas para o diagnóstico são geralmente sangue (virológico) ou soro (sorológico). Em casos neurológicos com características meningoencefalíticas, o líquido cefalorraquidiano também pode ser coletado.","As amostras clínicas utilizadas para o diagnóstico são geralmente sangue (virológico) ou soro (sorológico), mas nos casos neurológicos com características meningoencefalíticas, o líquido cefalorraquidiano também pode ser coletado para os testes laboratoriais (virológico e sorológico).",Fase Aguda,"#Diagnóstico, #Tratamento",Manejo_Chikungunya_2ed.md,63,3,95.0
chikungunya_qa_0645,Paciente,O que significa ter um caso confirmado de chikungunya?,"Um caso confirmado de chikungunya é aquele que começa como um caso suspeito e é validado através de critérios laboratoriais específicos. Isso inclui: 1) isolamento viral positivo; 2) detecção de RNA viral por RT-PCR em tempo real (RT-qPCR) que seja detectável; 3) sorologia IgM reagente em uma única amostra de soro durante a fase aguda (a partir do sexto dia) ou na fase convalescente (15 dias após o início dos sintomas); 4) demonstração de soroconversão entre amostras na fase aguda (primeira amostra) e convalescente (segunda amostra) ou detecção de IgG em amostras coletadas de pacientes na fase crônica da doença, que apresentem clínica sugestiva. Além disso, casos de chikungunya que resultam em óbito também podem ser confirmados por meio de estudo anatomopatológico, seguido de pesquisa de antígenos virais por imuno-histoquímica (IHQ), com coleta imediata de fragmentos ou tecidos de vísceras, no máximo 48 horas após o óbito. É importante notar que, na ausência de confirmação laboratorial específica ou em casos com resultados laboratoriais inconclusivos, a confirmação pode ser feita por vínculo epidemiológico com um caso confirmado laboratorialmente, considerando a distribuição espacial e espaço-temporal dos casos. A investigação deve ser exaustiva e integrar informações de vigilância, assistência, vigilância entomológica e controle vetorial, além de informações ambientais.",É todo caso suspeito de chikungunya confirmado laboratorialmente por: isolamento viral positivo; detecção de RNA viral por RT-PCR em tempo real (RT-qPCR) detectável.,Fase Crônica/Subaguda,"#Diagnóstico, #Chikungunya",Manejo_Chikungunya_2ed.md,65,1,100
chikungunya_qa_0646,Paciente,Como posso saber se estou com chikungunya?,"Você pode saber se está com chikungunya se apresentar febre e dor nas articulações, e se tiver residido ou visitado áreas onde a doença é comum até duas semanas antes dos sintomas.","Paciente com febre e artralgia ou artrite não explicadas por outras condições, sendo residente ou tendo visitado áreas de transmissão até duas semanas antes do início dos sintomas.",Fase Aguda,"#Sintomas, #Chikungunya",Manejo_Chikungunya_2ed.md,65,1,90.0
chikungunya_qa_0647,Médica,Quais são os critérios para confirmar um caso de chikungunya laboratorialmente?,"Os critérios incluem isolamento viral positivo, detecção de RNA viral por RT-PCR em tempo real, sorologia IgM reagente em amostra de soro durante a fase aguda ou convalescente, e demonstração de soroconversão entre amostras na fase aguda e convalescente.",É todo caso suspeito de chikungunya confirmado laboratorialmente por: isolamento viral positivo; detecção de RNA viral por RT-PCR em tempo real (RT-qPCR) detectável; sorologia IgM reagente – em uma única amostra de soro durante a fase aguda (a partir do sexto dia) ou convalescente (15 dias após o início dos sintomas); demonstração de soroconversão entre as amostras na fase aguda (primeira amostra) e convalescente (segunda amostra).,Fase Aguda,"#Diagnóstico, #Chikungunya",Manejo_Chikungunya_2ed.md,65,1,95.0
chikungunya_qa_0648,Paciente,Quais são os sintomas que podem indicar que eu tenho chikungunya?,"Os sintomas que podem indicar chikungunya incluem febre e dor nas articulações (artralgia ou artrite). A febre, quando presente, geralmente ocorre de forma súbita. É importante notar que alguns casos, especialmente em idosos, podem não apresentar febre. Além disso, alguns pacientes podem ter manifestações extra-articulares, que podem ser graves. É fundamental considerar que, mesmo na ausência de febre, a presença de dor nas articulações e o histórico de residência ou visita a áreas de transmissão até duas semanas antes do início dos sintomas, ou vínculo epidemiológico com um caso confirmado, são indicativos importantes. Portanto, se você apresentar esses sintomas, é essencial procurar orientação médica.",Paciente com febre e artralgia ou artrite não explicadas por outras condições...,Fase Aguda,"#Sintomas, #Chikungunya",Manejo_Chikungunya_2ed.md,65,2,92.5
chikungunya_qa_0649,Paciente,"O que acontece se eu não tiver febre, mas tiver outras dores?","Embora a febre seja um sintoma comum em casos de chikungunya, alguns pacientes, especialmente idosos, podem não apresentá-la. Mesmo na ausência de febre, é possível que você experimente artralgia (dor nas articulações) ou artrite, que são manifestações típicas da doença. Além disso, alguns casos podem apresentar manifestações extra-articulares, que podem ser graves. É importante lembrar que, para um diagnóstico de chikungunya, é necessário que você tenha estado em áreas de transmissão ou tenha vínculo epidemiológico com um caso confirmado até duas semanas antes do início dos sintomas. Se você não tiver febre, mas apresentar outros sintomas, é fundamental consultar um profissional de saúde para uma avaliação adequada e, se necessário, realizar exames laboratoriais para confirmar ou descartar a doença.","alguns casos podem não apresentar febre, principalmente idosos...",Fase Aguda,"#Sintomas, #Chikungunya",Manejo_Chikungunya_2ed.md,65,2,92.5
chikungunya_qa_0650,Médica,Quando é considerada a confirmação por critério clínico-epidemiológico?,"A confirmação por critério clínico-epidemiológico é considerada na impossibilidade de realização de confirmação laboratorial específica ou em casos com resultados laboratoriais inconclusivos, avaliando o vínculo epidemiológico.","Na impossibilidade de realização de confirmação laboratorial específica ou em casos com resultados laboratoriais inconclusivos, deve-se considerar a confirmação por vínculo epidemiológico...",Fase Aguda,"#Diagnóstico, #Chikungunya",Manejo_Chikungunya_2ed.md,65,2,95.0
chikungunya_qa_0651,Médica,Como pode ser confirmada a chikungunya em casos que evoluem para óbito?,"Casos de chikungunya que evoluem para óbito podem ser confirmados por estudo anatomopatológico seguido de pesquisa de antígenos virais por imuno-histoquímica, com coleta imediata de fragmentos/tecidos de vísceras no máximo 48 horas após o óbito.",Os casos de chikungunya que evoluem para óbito também podem ser confirmados por estudo anatomopatológico seguido de pesquisa de antígenos virais por imuno-histoquímica (IHQ) mediante coleta imediata de fragmentos/tecidos de vísceras (no máximo 48 horas após o óbito).,Fase Aguda,"#Diagnóstico, #Chikungunya",Manejo_Chikungunya_2ed.md,65,3,100.0
chikungunya_qa_0652,Médica,Como é feito o diagnóstico de chikungunya em grupos vulneráveis?,"Para grupos vulneráveis, como gestantes e recém-nascidos, o diagnóstico deve preferencialmente ocorrer por critério laboratorial. Isso é crucial devido ao risco de transmissão e complicações associadas.","exceto para recém-nascidos, gestantes, manifestações atípicas, casos graves e óbitos, que devem ocorrer preferencialmente por critério laboratorial.",Fase Aguda,"#Diagnóstico, #Vulnerabilidade",Manejo_Chikungunya_2ed.md,66,1,95.0
chikungunya_qa_0653,Paciente,Quais são as situações em que um caso suspeito de chikungunya deve ser descartado?,"Um caso suspeito de chikungunya deve ser descartado se o exame laboratorial não mostrar resultado positivo para chikungunya e for positivo para outra doença, se não houver exame laboratorial mas as investigações mostrarem que pode ser outra doença confirmada, ou se for um caso suspeito, especialmente em gestantes, crianças pequenas, idosos, casos graves, pacientes com doenças pré-existentes, imunossuprimidos e óbitos, que precisam ter dois exames que não deram positivo ou um exame específico.",Todo caso suspeito de chikungunya que possua um ou mais dos seguintes critérios: diagnóstico laboratorial não reagente/negativo para chikungunya e positivo para outra doença...,Fase Aguda,"#Diagnóstico, #Chikungunya",Manejo_Chikungunya_2ed.md,66,2,93.75
chikungunya_qa_0654,Médica,Quais são os critérios para confirmar um caso de chikungunya em pacientes com manifestações atípicas?,"Os critérios para confirmar um caso de chikungunya em pacientes com manifestações atípicas devem ocorrer preferencialmente por critério laboratorial, especialmente em recém-nascidos, gestantes e casos graves.","exceto para recém-nascidos, gestantes, manifestações atípicas, casos graves e óbitos, que devem ocorrer preferencialmente por critério laboratorial.",Fase Aguda,"#Diagnóstico, #Chikungunya",Manejo_Chikungunya_2ed.md,66,2,95.0
chikungunya_qa_0655,Médica,Como é feito o diagnóstico clínico-epidemiológico de chikungunya?,"O diagnóstico clínico-epidemiológico de chikungunya pode ser realizado após a confirmação laboratorial dos primeiros casos, onde os demais casos podem ser confirmados por critérios clínico-epidemiológicos, exceto para grupos vulneráveis que necessitam de confirmação laboratorial.","Após a confirmação laboratorial dos primeiros casos de uma área, os demais casos de chikungunya podem ser confirmados por critério clínico-epidemiológico...",Fase Aguda,"#Diagnóstico, #Chikungunya",Manejo_Chikungunya_2ed.md,66,2,95.0
chikungunya_qa_0656,Paciente,Quais são as condições que fazem com que um caso suspeito de chikungunya seja descartado?,"Um caso suspeito de chikungunya pode ser descartado se o exame laboratorial não mostrar que é chikungunya e mostrar que é outra doença, se não houver exame laboratorial mas as investigações clínicas e epidemiológicas indicarem outras doenças confirmadas, ou se o paciente for gestante, criança, idoso, tiver problemas de saúde não controlados, for imunossuprimido ou tiver falecido e tiver feito dois exames que não mostraram a doença.","Todo caso suspeito de chikungunya que possua um ou mais dos seguintes critérios: diagnóstico laboratorial não reagente/negativo para chikungunya e positivo para outra doença, preferencialmente realizado por métodos diretos; caso suspeito sem exame laboratorial, cujas investigações clínica e epidemiológica sejam compatíveis com outras doenças confirmadas laboratorialmente; todo caso suspeito – principalmente gestantes, crianças (primeira infância), idosos, casos graves, pacientes com comorbidades descompensadas, imunossuprimidos e óbitos – deve ser descartado com base no resultado de duas sorologias não reagentes ou exame por PRNT.",Fase Aguda,"#Diagnóstico, #Chikungunya",Manejo_Chikungunya_2ed.md,66,3,93.75
chikungunya_qa_0657,Paciente,Por que é importante coletar amostras de pacientes mesmo que o prognóstico seja desfavorável?,"É importante coletar amostras mesmo que o prognóstico seja desfavorável para garantir que o diagnóstico correto seja feito, principalmente para métodos diretos, enquanto o paciente ainda está vivo.","É importante salientar que mesmo para pacientes com prognóstico desfavorável/ fechado deve-se priorizar a coleta de amostras, principalmente para métodos diretos, ainda em vida.",Fase Aguda,"#Diagnóstico, #Chikungunya",Manejo_Chikungunya_2ed.md,66,3,95.0
chikungunya_qa_0658,Médica,Quando um caso suspeito de chikungunya não necessita de confirmação laboratorial?,"Um caso suspeito de chikungunya não necessita de confirmação laboratorial uma vez que a transmissão sustentada esteja estabelecida, exceto para casos graves ou com manifestações atípicas, e para pacientes mais vulneráveis.","No entanto, uma vez estabelecida a transmissão sustentada, nem todos os pacientes necessitarão de confirmação laboratorial.",Fase Aguda,"#Critérios, #Chikungunya",Manejo_Chikungunya_2ed.md,66,3,95.0
chikungunya_qa_0659,Médica,Qual é a abordagem para a confirmação laboratorial durante surtos de chikungunya?,"Durante surtos de chikungunya, todos os esforços devem ser realizados para alcançar o diagnóstico laboratorial, mas uma vez estabelecida a transmissão sustentada, nem todos os pacientes necessitarão de confirmação laboratorial, reservando-se a investigação para casos graves ou com manifestações atípicas.","uma vez estabelecida a transmissão sustentada, nem todos os pacientes necessitarão de confirmação laboratorial. Deve-se reservar a investigação laboratorial, nesse contexto, para os casos graves ou com manifestações atípicas.",N/A (Geral),"#Diagnóstico, #Chikungunya",Manejo_Chikungunya_2ed.md,66,4,95.0
chikungunya_qa_0660,Paciente,O que significa ter um caso suspeito de chikungunya se eu tiver outras doenças?,"Se você tem um caso suspeito de chikungunya e foi diagnosticado com outra doença, isso pode ser um motivo para descartar a chikungunya. O caso pode ser descartado se o diagnóstico laboratorial para chikungunya for não reagente ou negativo e o exame para outra doença for positivo, preferencialmente realizado por métodos diretos. Além disso, se não houver exame laboratorial, o caso suspeito pode ser descartado se as investigações clínica e epidemiológica forem compatíveis com outras doenças confirmadas laboratorialmente. É importante ressaltar que todo caso suspeito, especialmente em gestantes, crianças na primeira infância, idosos, casos graves, pacientes com comorbidades descompensadas, imunossuprimidos e óbitos, deve ser descartado com base no resultado de duas sorologias não reagentes ou exame por PRNT. Mesmo em pacientes com prognóstico desfavorável, deve-se priorizar a coleta de amostras, principalmente para métodos diretos, ainda em vida. Após a confirmação laboratorial dos primeiros casos de chikungunya em uma área, os demais casos podem ser confirmados por critério clínico-epidemiológico, exceto para recém-nascidos, gestantes, manifestações atípicas, casos graves e óbitos, que devem ser confirmados preferencialmente por critério laboratorial. Durante surtos, é essencial monitorar a taxa de positividade das provas laboratoriais considerando as famílias dos Alphavirus (chikungunya) e dos Flavivirus (dengue/Zika) para auxiliar na vigilância e distinção das doenças.","caso suspeito sem exame laboratorial, cujas investigações clínica e epidemiológica sejam compatíveis com outras doenças confirmadas laboratorialmente",N/A (Geral),"#Diagnóstico, #Chikungunya",Manejo_Chikungunya_2ed.md,66,5,92.5
chikungunya_qa_0661,Médica,Quais critérios devem ser considerados para descartar um caso suspeito de chikungunya?,"Um caso suspeito de chikungunya deve ser descartado se houver diagnóstico laboratorial não reagente/negativo para chikungunya e positivo para outra doença, além de casos suspeitos que não apresentem exame laboratorial, mas cujas investigações sejam compatíveis com outras doenças confirmadas.","Todo caso suspeito de chikungunya que possua um ou mais dos seguintes critérios: diagnóstico laboratorial não reagente/negativo para chikungunya e positivo para outra doença, preferencialmente realizado por métodos diretos.",Fase Aguda,"#Diagnóstico, #Critérios",Manejo_Chikungunya_2ed.md,66,5,95.0
chikungunya_qa_0662,Médica,Como deve ser feita a coleta de amostras em casos graves de chikungunya?,"A coleta de amostras deve ser priorizada ainda em vida, especialmente para métodos diretos, mesmo em pacientes com prognóstico desfavorável.","É importante salientar que mesmo para pacientes com prognóstico desfavorável/ fechado deve-se priorizar a coleta de amostras, principalmente para métodos diretos, ainda em vida.",Fase Aguda,"#Medica, #Coleta, #CasosGraves",Manejo_Chikungunya_2ed.md,66,6,95.0
chikungunya_qa_0663,Paciente,Quais são as manifestações que podem acompanhar chikungunya?,"As manifestações que podem acompanhar chikungunya incluem problemas neurológicos, cardiovasculares, dermatológicos, oftalmológicos, hepáticos, renais, respiratórios e hematológicos.","Caso de chikungunya com manifestações extra-articulares: Caso de chikungunya acompanhado de outras manifestações extra-articulares: neurológicas, cardiovasculares, dermatológicas, oftalmológicas, hepáticas, renais, respiratórias, hematológicas etc.",Fase Aguda,"#Chikungunya, #Sintomas",Manejo_Chikungunya_2ed.md,67,1,100.0
chikungunya_qa_0664,Médica,Quais são as classificações para os casos de chikungunya?,"Os casos de chikungunya são classificados em três categorias: 1) caso de chikungunya sem manifestações extra-articulares; 2) caso de chikungunya com manifestações extra-articulares; 3) caso de chikungunya grave, que envolve insuficiência de um órgão ou sistema.","Na versão atual do Sinan e da ficha de investigação ainda não constam as classificações quanto à gravidade dos casos. Serão incluídos nas próximas versões campos para classificar a gravidade, conforme apresentados a seguir.",Fase Aguda,"#Chikungunya, #Classificação",Manejo_Chikungunya_2ed.md,67,1,95.0
chikungunya_qa_0665,Médica,Qual a definição de chikungunya com manifestações extra-articulares?,"A chikungunya com manifestações extra-articulares é definida como um caso de chikungunya acompanhado de outras manifestações extra-articulares, como neurológicas, cardiovasculares, dermatológicas, oftalmológicas, hepáticas, renais, respiratórias ou hematológicas.","Caso de chikungunya com manifestações extra-articulares: Caso de chikungunya acompanhado de outras manifestações extra-articulares: neurológicas, cardiovasculares, dermatológicas, oftalmológicas, hepáticas, renais, respiratórias, hematológicas etc.",Fase Aguda,"#Chikungunya, #Definição",Manejo_Chikungunya_2ed.md,67,1,100.0
chikungunya_qa_0666,Paciente,Quais são os casos de chikungunya que são considerados graves?,"Os casos de chikungunya são considerados graves quando há falência de pelo menos um órgão ou sistema, colocando a vida do paciente em risco e exigindo internação hospitalar.","Caso de chikungunya acompanhado de insuficiência de, no mínimo, um órgão ou sistema, ameaçando a vida do paciente e exigindo internação hospitalar.",Fase Aguda,"#Sintomas, #Chikungunya",Manejo_Chikungunya_2ed.md,67,2,100.0
chikungunya_qa_0667,Paciente,Como posso saber se meu caso de chikungunya é grave?,"Seu caso é considerado grave se você tiver insuficiência de pelo menos um órgão ou sistema, o que pode ameaçar sua vida e pode exigir internação hospitalar.","Caso de chikungunya acompanhado de insuficiência de, no mínimo, um órgão ou sistema, ameaçando a vida do paciente e exigindo internação hospitalar.",Fase Aguda,"#Sintomas, #Tratamento",Manejo_Chikungunya_2ed.md,67,3,100.0
chikungunya_qa_0668,Médica,O que caracteriza um caso de chikungunya grave?,"Um caso de chikungunya grave é caracterizado pela presença de insuficiência de, no mínimo, um órgão ou sistema, ameaçando a vida do paciente e exigindo internação hospitalar.","Caso de chikungunya acompanhado de insuficiência de, no mínimo, um órgão ou sistema, ameaçando a vida do paciente e exigindo internação hospitalar.",Fase Aguda,"#Classificação, #Tratamento",Manejo_Chikungunya_2ed.md,67,3,100.0
chikungunya_qa_0669,Paciente,O que acontece após a fase aguda da doença?,"Após a fase aguda, você pode entrar na fase pós-aguda, onde os sintomas articulares persistem por mais de duas semanas até o final do terceiro mês.",Os sinais e/ou sintomas articulares persistem por mais de duas semanas até o final do terceiro mês.,Fase Crônica/Subaguda,"#Evolução, #Fases da Doença",Manejo_Chikungunya_2ed.md,68,1,100.0
chikungunya_qa_0670,Paciente,E se os sintomas persistirem por mais de três meses?,"Se você tiver dor, edema ou rigidez nas articulações por mais de três meses após a fase aguda, isso pode indicar uma fase crônica da doença.","Paciente que tenha tido doença causada pelo CHIKV e apresente manifestações articulares como dor, edema ou rigidez articular por mais de três meses após a fase aguda.",Fase Crônica/Subaguda,"#Sintomas, #Fases da Doença",Manejo_Chikungunya_2ed.md,68,1,95.0
chikungunya_qa_0671,Médica,Qual é a classificação das fases da doença causada pelo CHIKV?,"A classificação das fases da doença é: fase aguda (até 14 dias), fase pós-aguda (15 a 90 dias) e fase crônica (após três meses).","O espectro clínico da doença envolve cronologicamente três fases: uma fase aguda (até 14 dias), uma fase pós-aguda (15 a 90 dias) e uma fase crônica (após três meses).",Fase Crônica/Subaguda,"#Classificação, #Fases da Doença",Manejo_Chikungunya_2ed.md,68,1,100.0
chikungunya_qa_0672,Paciente,Quais são as fases da doença causada pelo CHIKV?,"A doença causada pelo CHIKV tem três fases: a fase aguda, que dura até 14 dias; a fase pós-aguda, que vai de 15 a 90 dias; e a fase crônica, que ocorre após três meses.","O espectro clínico da doença envolve cronologicamente três fases: uma fase aguda (até 14 dias), uma fase pós-aguda (15 a 90 dias) e uma fase crônica (após três meses).",Fase Crônica/Subaguda,"#Fases, #Doença",Manejo_Chikungunya_2ed.md,68,2,100.0
chikungunya_qa_0673,Paciente,O que acontece se eu tiver sintomas por mais de três meses?,"Se você tiver sintomas como dor, inchaço ou rigidez nas articulações por mais de três meses, pode ter artrite crônica, que precisa ser estudada e confirmada.","Paciente que tenha tido doença causada pelo CHIKV e apresente manifestações articulares como dor, edema ou rigidez articular por mais de três meses após a fase aguda.",Fase Crônica/Subaguda,"#Sintomas, #FaseCrônica",Manejo_Chikungunya_2ed.md,68,2,95.0
chikungunya_qa_0674,Médica,Qual é a definição da fase crônica na doença causada pelo CHIKV?,"A fase crônica é definida como a presença de manifestações articulares como dor, edema ou rigidez articular por mais de três meses após a fase aguda.","Paciente que tenha tido doença causada pelo CHIKV e apresente manifestações articulares como dor, edema ou rigidez articular por mais de três meses após a fase aguda.",Fase Crônica/Subaguda,"#FaseCrônica, #Definição",Manejo_Chikungunya_2ed.md,68,2,95.0
chikungunya_qa_0675,Médica,Quais são os principais sinais e sintomas que caracterizam a fase aguda da doença?,"Na fase aguda, os sinais e/ou sintomas articulares duram até duas semanas, sendo um aspecto central da evolução da doença.",Os sinais e/ou sintomas articulares duram até duas semanas.,Fase Aguda,"#FaseAguda, #Sintomas",Manejo_Chikungunya_2ed.md,68,2,100.0
chikungunya_qa_0676,Médica,Quais são as características da fase crônica da doença causada pelo CHIKV?,"A fase crônica da doença causada pelo CHIKV é caracterizada por manifestações articulares como dor, edema ou rigidez articular que persistem por mais de três meses após a fase aguda. É necessário descartar outras causas de artrite, como as de etiologia inflamatória.","Paciente que tenha tido doença causada pelo CHIKV e apresente manifestações articulares como dor, edema ou rigidez articular por mais de três meses após a fase aguda. É necessário descartar outras causas de artrite, como as de etiologia inflamatória.",Fase Crônica/Subaguda,"#FaseCrônica, #Diagnóstico",Manejo_Chikungunya_2ed.md,68,3,95.0
chikungunya_qa_0677,Paciente,A chikungunya pode ser grave? O que isso significa para mim?,"Sim, a chikungunya pode evoluir para casos graves e, em algumas situações, levar a óbito. Isso significa que é importante ficar atento aos sintomas e buscar ajuda médica se necessário.","A chikungunya pode evoluir para casos graves e, em algumas situações, levar a óbito.",Fase Aguda,"#Sintomas, #Gravidade",Manejo_Chikungunya_2ed.md,69,1,95.0
chikungunya_qa_0678,Paciente,Por que é importante investigar os óbitos por chikungunya?,"A investigação de óbitos por chikungunya é importante para entender a gravidade da epidemia e dimensionar a real seriedade da doença, ajudando a melhorar o controle e o planejamento de recursos.",A investigação de óbitos relacionados à doença é de extrema importância. Ela desempenha um papel fundamental na compreensão da gravidade da epidemia e dimensiona a real gravidade da doença.,N/A (Geral),"#Epidemiologia, #Importância",Manejo_Chikungunya_2ed.md,69,1,100.0
chikungunya_qa_0679,Médica,Qual a diferença entre os óbitos por chikungunya e dengue?,"Diferentemente dos casos de dengue, em que a quase totalidade dos óbitos ocorre na fase aguda, nos casos de chikungunya, os óbitos ocorrem na fase aguda, porém cerca de metade ocorre na fase pós-aguda.","Diferentemente dos casos de dengue, em que a quase totalidade dos óbitos ocorre na fase aguda, nos casos de chikungunya os óbitos ocorrem na fase aguda, porém cerca de metade dos óbitos ocorre na fase pós-aguda.",Fase Crônica/Subaguda,"#Comparação, #Óbitos",Manejo_Chikungunya_2ed.md,69,1,100.0
chikungunya_qa_0680,Médica,Qual é a importância da coleta de dados sobre óbitos por chikungunya?,"A coleta de dados e a investigação adequada de óbitos são cruciais para avaliar o impacto da chikungunya na saúde pública e na sociedade, além de ajudar a identificar os grupos populacionais mais vulneráveis.",A coleta de dados e a investigação adequada de óbitos são cruciais para avaliar o impacto da chikungunya na saúde pública e na sociedade como um todo.,Fase Aguda,"#Epidemiologia, #Impacto",Manejo_Chikungunya_2ed.md,69,1,100.0
chikungunya_qa_0681,Médica,Qual é a importância da investigação de óbitos por chikungunya?,"A investigação de óbitos por chikungunya é fundamental para compreender a gravidade da epidemia e dimensionar a real gravidade da doença, além de avaliar o impacto na saúde pública.",A investigação de óbitos relacionados à doença é de extrema importância.,N/A (Geral),"#Epidemiologia, #Investigação",Manejo_Chikungunya_2ed.md,69,2,95.0
chikungunya_qa_0682,Médica,Como deve ser preenchida a declaração de óbito em casos de chikungunya?,"Nos casos de chikungunya, os óbitos devem ser considerados como chikungunya na causa básica durante o preenchimento da declaração de óbito, tanto para causas diretas quanto indiretas.",devem ser considerados como chikungunya na causa básica durante o preenchimento da declaração de óbito.,Fase Aguda,"#Causas, #Documentação",Manejo_Chikungunya_2ed.md,69,2,100.0
chikungunya_qa_0683,Médica,Quais são os aspectos importantes na investigação de óbitos por chikungunya?,"A investigação de óbitos por chikungunya envolve a coleta de dados e análises clínica e epidemiológica, sendo fundamental para compreender a gravidade da epidemia e dimensionar a carga da doença.",A investigação de óbitos relacionados à doença é de extrema importância. Ela desempenha um papel fundamental na compreensão da gravidade da epidemia e dimensiona a real gravidade da doença.,N/A (Geral),"#Epidemiologia, #Investigação",Manejo_Chikungunya_2ed.md,69,3,95.0
chikungunya_qa_0684,Médica,Como é a distribuição dos óbitos por chikungunya em comparação com a dengue?,"Diferentemente dos casos de dengue, onde a quase totalidade dos óbitos ocorre na fase aguda, nos casos de chikungunya, cerca de metade dos óbitos ocorre na fase pós-aguda.","Diferentemente dos casos de dengue, em que a quase totalidade dos óbitos ocorre na fase aguda, nos casos de chikungunya os óbitos ocorrem na fase aguda, porém cerca de metade dos óbitos ocorre na fase pós-aguda.",Fase Crônica/Subaguda,"#Epidemiologia, #Comparação",Manejo_Chikungunya_2ed.md,69,3,100.0
chikungunya_qa_0685,Paciente,A chikungunya pode levar a óbito? Como isso pode afetar minha saúde?,"Sim, a chikungunya pode evoluir para casos graves e, em algumas situações, levar a óbito. A investigação de óbitos relacionados à chikungunya é crucial, pois ajuda a compreender a gravidade da epidemia e a real carga da doença. É importante notar que há uma subnotificação significativa de óbitos, muitas vezes devido a dificuldades na identificação da causa da morte. Isso pode levar a uma subestimação da verdadeira carga da doença, prejudicando o planejamento e a alocação de recursos para seu controle. Os óbitos podem ocorrer tanto na fase aguda quanto na fase pós-aguda da infecção, sendo que cerca de metade dos óbitos ocorre na fase pós-aguda. Portanto, é fundamental estar atento aos sintomas e procurar ajuda médica se necessário, especialmente se você pertence a grupos populacionais mais vulneráveis. A coleta de dados e a investigação adequada de óbitos são essenciais para avaliar o impacto da chikungunya na saúde pública e na sociedade como um todo.","A chikungunya pode evoluir para casos graves e, em algumas situações, levar a óbito.",N/A (Geral),"#Sintomas, #Epidemiologia",Manejo_Chikungunya_2ed.md,69,4,90
chikungunya_qa_0686,Médica,Qual é a porcentagem de óbitos que ocorre na fase pós-aguda em comparação com a fase aguda da chikungunya?,"Cerca de metade dos óbitos relacionados à chikungunya ocorre na fase pós-aguda, enquanto a outra metade ocorre na fase aguda. É necessário monitorar ambos os períodos para uma notificação adequada.","os óbitos ocorrem na fase aguda, porém cerca de metade dos óbitos ocorre na fase pós-aguda, e é preciso estar atento a este fato para uma notificação adequada e para a melhoria do monitoramento da gravidade desta doença.",N/A (Geral),"#Epidemiologia, #Sintomas",Manejo_Chikungunya_2ed.md,69,4,95.0
chikungunya_qa_0687,Paciente,Qual é a importância de investigar os óbitos por chikungunya?,"Investigar os óbitos por chikungunya é importante porque ajuda a entender a gravidade da epidemia e a real gravidade da doença, além de evitar que a carga da doença seja subestimada.",A investigação de óbitos relacionados à doença é de extrema importância. Ela desempenha um papel fundamental na compreensão da gravidade da epidemia e dimensiona a real gravidade da doença.,Fase Aguda,"#Importância, #SaúdePública",Manejo_Chikungunya_2ed.md,69,5,95.0
chikungunya_qa_0688,Paciente,O que pode acontecer se não forem investigados os óbitos por chikungunya?,"Se não forem investigados, pode haver uma subestimação da verdadeira carga da doença, o que prejudica o planejamento e a alocação de recursos para seu controle.",A falta de reconhecimento dos óbitos relacionados à chikungunya pode levar a uma subestimação da verdadeira carga da doença e prejudicar o planejamento e a alocação de recursos para seu controle.,Fase Aguda,"#Consequências, #SaúdePública",Manejo_Chikungunya_2ed.md,69,5,100.0
chikungunya_qa_0689,Médica,Qual a diferença na ocorrência de óbitos entre chikungunya e dengue?,"Diferentemente dos casos de dengue, em que a quase totalidade dos óbitos ocorre na fase aguda, nos casos de chikungunya os óbitos ocorrem na fase aguda, porém cerca de metade dos óbitos ocorre na fase pós-aguda.","Diferentemente dos casos de dengue, em que a quase totalidade dos óbitos ocorre na fase aguda, nos casos de chikungunya os óbitos ocorrem na fase aguda, porém cerca de metade dos óbitos ocorre na fase pós-aguda.",Fase Crônica/Subaguda,"#Óbitos, #Comparação",Manejo_Chikungunya_2ed.md,69,5,100.0
chikungunya_qa_0690,Médica,Por que a investigação de óbitos relacionados à chikungunya é crucial?,"A investigação é crucial para compreender a extensão das manifestações graves da doença e identificar os grupos populacionais mais vulneráveis, além de ajudar no planejamento de recursos de saúde.",Essa investigação ajuda a compreender a extensão das manifestações graves da doença e a identificar os grupos populacionais mais vulneráveis.,N/A (Geral),"#Investigação, #SaúdePública",Manejo_Chikungunya_2ed.md,69,5,100.0
chikungunya_qa_0691,Paciente,A chikungunya pode ser grave? Como isso pode afetar minha saúde?,"A chikungunya pode evoluir para casos graves e, em algumas situações, levar a óbito. Isso significa que a doença pode ter consequências sérias e é importante estar atento aos sintomas e buscar ajuda médica.","A chikungunya pode evoluir para casos graves e, em algumas situações, levar a óbito.",Fase Aguda,"#Sintomas, #Gravidade",Manejo_Chikungunya_2ed.md,69,6,90.0
chikungunya_qa_0692,Médica,Quais materiais biológicos devem ser coletados para confirmar a relação entre chikungunya e óbito?,"Devem ser coletadas amostras de sangue, urina, outros fluidos biológicos e tecidos. O sangue é utilizado para testes de PCR e sorologia, a urina para PCR, e os tecidos para detectar antígenos ou material genético do vírus.",Os seguintes materiais devem ser coletados: amostras de sangue... urina... outros fluidos biológicos... coleta de tecidos.,Fase Aguda,"#Investigação, #Chikungunya",Manejo_Chikungunya_2ed.md,70,1,95.0
chikungunya_qa_0693,Médica,Qual é a importância da cooperação entre profissionais de saúde na coleta de amostras?,"A cooperação entre profissionais de saúde, laboratórios e Serviços de Verificação de Óbitos (SVOs) é fundamental para garantir que as amostras sejam obtidas e manuseadas adequadamente.","A cooperação entre profissionais de saúde, laboratórios e Serviços de Verificação de Óbitos (SVOs) é fundamental para garantir que as amostras sejam obtidas e manuseadas adequadamente.",Fase Aguda,"#Cooperação, #Chikungunya",Manejo_Chikungunya_2ed.md,70,1,100.0
chikungunya_qa_0694,Médica,Quais testes laboratoriais são essenciais para confirmar a infecção por chikungunya em investigações de óbitos?,"Os testes laboratoriais essenciais incluem PCR, sorologia e imuno-histoquímica para confirmar a infecção por chikungunya como causa do óbito.","Os testes laboratoriais, como PCR, sorologia e imuno-histoquímica, são essenciais para confirmar a infecção por chikungunya como causa do óbito.",Fase Aguda,"#Diagnóstico, #Chikungunya",Manejo_Chikungunya_2ed.md,71,1,100.0
chikungunya_qa_0695,Médica,Qual é o papel dos Núcleos de Vigilância Epidemiológica na investigação de óbitos por chikungunya?,"Os Núcleos de Vigilância Epidemiológica podem contribuir significativamente com os SVOs na investigação de óbitos por chikungunya, fornecendo informações detalhadas sobre as manifestações clínicas da doença e suas complicações.","Os Núcleos de Vigilância Epidemiológica (NEHs) podem contribuir muito com os SVOs na investigação de óbitos por chikungunya, fornecendo informações detalhadas sobre as manifestações clínicas da doença e suas complicações.",N/A (Geral),"#Investigação, #Epidemiologia",Manejo_Chikungunya_2ed.md,71,1,100.0
chikungunya_qa_0696,Paciente,A chikungunya pode não causar febre ou dor nas articulações em algumas pessoas?,"Sim, algumas pessoas com chikungunya grave confirmada laboratorialmente podem não apresentar febre ou dor nas articulações. Isso acontece mais frequentemente em idosos, mas também pode ocorrer em pessoas jovens.","Uma proporção significativa de pacientes com chikungunya grave confirmada laboratorialmente pode não apresentar febre ou dor articular, ou ambos. Isso ocorre mais frequentemente em idosos, mas também pode ocorrer em pacientes jovens.",Fase Aguda,"#Sintomas, #Chikungunya",Manejo_Chikungunya_2ed.md,71,2,100.0
chikungunya_qa_0697,Paciente,O que acontece durante a investigação de óbitos por chikungunya?,"Durante a investigação de óbitos por chikungunya, é fundamental realizar a coleta adequada de materiais para diagnóstico específico, incluindo amostras de sangue, urina e outros fluidos biológicos. Esses materiais serão analisados pelos Laboratórios Centrais de Saúde Pública (Lacens). Os testes laboratoriais, como PCR, sorologia e imuno-histoquímica, são essenciais para confirmar a infecção por chikungunya como causa do óbito. É importante ressaltar que a busca ativa de óbitos é uma estratégia proativa que envolve a cooperação entre a vigilância epidemiológica, hospitais e os Núcleos Hospitalares de Epidemiologia (NHE) locais. Durante a investigação, deve-se considerar que uma proporção significativa de pacientes com chikungunya grave confirmada laboratorialmente pode não apresentar febre ou dor articular, especialmente em idosos, mas também pode ocorrer em pacientes jovens. Além disso, a autópsia realizada pelos SVOs é de extrema importância, e os Núcleos de Vigilância Epidemiológica (NEHs) podem contribuir significativamente com os SVOs, fornecendo informações detalhadas sobre as manifestações clínicas da doença e suas complicações.","Durante a investigação de óbitos por chikungunya, é fundamental a coleta adequada de materiais para diagnóstico específico. Isso inclui amostras de sangue, urina e outros fluidos biológicos que serão analisadas pelos Laboratórios Centrais de Saúde Pública (Lacens).",N/A (Geral),"#Investigação, #Chikungunya",Manejo_Chikungunya_2ed.md,71,2,100
chikungunya_qa_0698,Médica,Qual é o papel da busca ativa de óbitos na investigação de chikungunya?,A busca ativa de óbitos é uma estratégia proativa para identificar casos suspeitos de chikungunya que podem não ter sido prontamente reconhecidos como tal.,A busca ativa de óbitos é uma estratégia proativa para identificar casos suspeitos de chikungunya que podem não ter sido prontamente reconhecidos como tal.,Fase Aguda,"#Investigação, #Chikungunya",Manejo_Chikungunya_2ed.md,71,2,95.0
chikungunya_qa_0699,Médica,Quais testes laboratoriais são essenciais para confirmar a infecção por chikungunya?,"Os testes laboratoriais essenciais incluem PCR, sorologia e imuno-histoquímica.","Os testes laboratoriais, como PCR, sorologia e imuno-histoquímica, são essenciais para confirmar a infecção por chikungunya como causa do óbito",Fase Aguda,"#Diagnóstico, #TestesLaboratoriais",Manejo_Chikungunya_2ed.md,71,3,100.0
chikungunya_qa_0700,Médica,Qual é o papel da investigação de óbitos na vigilância epidemiológica da chikungunya?,"A investigação de óbitos por chikungunya é crucial na vigilância epidemiológica, pois contribui para a compreensão da epidemiologia da doença, identificação de surtos e grupos de maior risco, além de avaliar o impacto real da chikungunya na saúde pública.","A investigação de óbitos por chikungunya é uma parte integrante da vigilância epidemiológica e do controle da doença. Ela contribui para a compreensão da epidemiologia da chikungunya, a identificação de surtos e de grupos de maior risco.",N/A (Geral),"#Epidemiologia, #Vigilância Epidemiológica",Manejo_Chikungunya_2ed.md,72,1,100.0
chikungunya_qa_0701,Médica,Como a colaboração entre profissionais de saúde impacta a investigação de óbitos por chikungunya?,"A colaboração entre profissionais de saúde, laboratórios, autoridades de saúde pública e SVOs é essencial para garantir que a investigação de óbitos seja abrangente e eficaz, permitindo determinar as causas dos óbitos e orientar intervenções específicas.","A cooperação entre profissionais de saúde, laboratórios, autoridades de saúde pública e SVOs é essencial para garantir que a investigação de óbitos seja conduzida de maneira abrangente e eficaz.",N/A (Geral),"#Colaboração, #Investigação",Manejo_Chikungunya_2ed.md,72,1,100.0
chikungunya_qa_0702,Médica,Como deve ser conduzida a investigação de óbitos por chikungunya?,"A investigação deve ser abrangente e eficaz, envolvendo a colaboração entre profissionais de saúde, laboratórios e autoridades de saúde pública, para determinar as causas dos óbitos e orientar intervenções.","A cooperação entre profissionais de saúde, laboratórios, autoridades de saúde pública e SVOs é essencial para garantir que a investigação de óbitos seja conduzida de maneira abrangente e eficaz.",N/A (Geral),"#Investigação, #Chikungunya",Manejo_Chikungunya_2ed.md,72,2,100.0
chikungunya_qa_0703,Paciente,Como a investigação de óbitos pode ajudar na saúde pública?,"A investigação de óbitos por chikungunya é crucial para a saúde pública, pois permite uma compreensão mais profunda da epidemiologia da doença. Ela ajuda a identificar surtos e grupos de maior risco, o que é fundamental para direcionar intervenções específicas. Além disso, essa investigação é essencial para avaliar o impacto real da chikungunya na saúde pública, contribuindo para a formulação de melhores medidas de controle. A colaboração entre profissionais de saúde, laboratórios, autoridades de saúde pública e SVOs é vital para garantir que essa investigação seja abrangente e eficaz, permitindo determinar as causas dos óbitos relacionados à chikungunya e orientar ações que visem reduzir o impacto da doença.","Além disso, a investigação de óbitos desempenha um papel fundamental na avaliação do impacto real da chikungunya na saúde pública.",N/A (Geral),"#Impacto, #Saúde",Manejo_Chikungunya_2ed.md,72,3,100
chikungunya_qa_0704,Médica,Quais são os benefícios da investigação de óbitos para o controle da chikungunya?,"A investigação de óbitos contribui para a identificação de surtos e grupos de maior risco, além de orientar intervenções específicas para reduzir o impacto da doença.","Ela contribui para a compreensão da epidemiologia da chikungunya, a identificação de surtos e de grupos de maior risco.",N/A (Geral),"#Controle, #Epidemiologia",Manejo_Chikungunya_2ed.md,72,3,100.0
chikungunya_qa_0705,Paciente,Com que frequência a chikungunya evolui para a fase crônica?,"Metade dos casos de chikungunya evolui para a fase crônica da doença, o que significa que é necessário acompanhamento a longo prazo.","Além disso, metade dos casos evolui para a fase crônica da doença, necessitando de acompanhamento no longo prazo.",Fase Crônica/Subaguda,"#Evolução, #Chikungunya",Manejo_Chikungunya_2ed.md,73,1,100.0
chikungunya_qa_0706,Médica,Qual é a recomendação para o uso de anti-inflamatórios não esteroides na chikungunya?,Deve-se evitar o uso de anti-inflamatórios não esteroides (AINEs) na fase aguda da chikungunya devido à possibilidade de confusão diagnóstica com a dengue.,"Por apresentar manifestações clínicas muito parecidas com as da dengue, possibilitando confusão diagnóstica, deve-se evitar o uso de anti-inflamatórios não esteroides (AINEs) na fase aguda da doença.",Fase Aguda,"#Tratamento, #Chikungunya",Manejo_Chikungunya_2ed.md,73,1,100.0
chikungunya_qa_0707,Paciente,O que pode acontecer se as manifestações extra-articulares da chikungunya não forem identificadas a tempo?,"Se as manifestações extra-articulares não forem identificadas a tempo, podem ocorrer desfechos fatais.","No entanto, as manifestações extra-articulares podem levar a desfechos fatais e devem ser identificadas precocemente para que óbitos sejam evitados.",Fase Aguda,"#Sintomas, #Epidemiologia",Manejo_Chikungunya_2ed.md,73,2,100.0
chikungunya_qa_0708,Paciente,Quantos casos de chikungunya evoluem para a fase crônica?,Metade dos casos de chikungunya evolui para a fase crônica.,"Além disso, metade dos casos evolui para a fase crônica da doença, necessitando de acompanhamento no longo prazo.",Fase Crônica/Subaguda,#Epidemiologia,Manejo_Chikungunya_2ed.md,73,2,95.0
chikungunya_qa_0709,Médica,Qual é a conduta recomendada em relação ao uso de anti-inflamatórios não esteroides na chikungunya?,Deve-se evitar o uso de anti-inflamatórios não esteroides (AINEs) na fase aguda da doença devido à confusão diagnóstica com a dengue.,para evitar o uso de anti-inflamatórios não esteroides (AINEs) na fase aguda da doença.,Fase Aguda,#Tratamento,Manejo_Chikungunya_2ed.md,73,2,100.0
chikungunya_qa_0710,Paciente,O que pode acontecer se eu não identificar os sinais da chikungunya rapidamente?,"Se as manifestações extra-articulares não forem identificadas a tempo, podem levar a desfechos fatais.",as manifestações extra-articulares podem levar a desfechos fatais e devem ser identificadas precocemente para que óbitos sejam evitados.,Fase Aguda,"#Sintomas, #Chikungunya",Manejo_Chikungunya_2ed.md,73,4,95.0
chikungunya_qa_0711,Médica,Qual é a importância do monitoramento nos grupos de maior risco para chikungunya?,O monitoramento constante dos grupos de maior risco é fundamental para deter o agravamento dos casos e evitar complicações.,é fundamental o monitoramento constante dos grupos de maior risco.,Fase Aguda,"#Epidemiologia, #Chikungunya",Manejo_Chikungunya_2ed.md,73,4,95.0
chikungunya_qa_0712,Médica,Qual é a proporção de casos que evolui para a fase crônica da chikungunya?,"Metade dos casos de chikungunya evolui para a fase crônica da doença, necessitando de acompanhamento no longo prazo.","metade dos casos evolui para a fase crônica da doença, necessitando de acompanhamento no longo prazo.",Fase Crônica/Subaguda,"#Epidemiologia, #Chikungunya",Manejo_Chikungunya_2ed.md,73,5,100.0
chikungunya_qa_0713,Paciente,Quantas pessoas com chikungunya precisam de acompanhamento a longo prazo?,"Metade dos casos de chikungunya evolui para a fase crônica da doença, necessitando de acompanhamento no longo prazo.","Além disso, metade dos casos evolui para a fase crônica da doença, necessitando de acompanhamento no longo prazo.",Fase Crônica/Subaguda,"#Evolução, #Chikungunya",Manejo_Chikungunya_2ed.md,73,6,100.0
chikungunya_qa_0714,Paciente,Quantos casos de chikungunya foram confirmados em Minas Gerais até maio de 2023?,"Até maio de 2023, foram confirmados 40.979 casos de chikungunya em Minas Gerais.",40.979 casos confirmados,Fase Aguda,"#Epidemiologia, #Chikungunya",Nota Técnica nº 28SESSUBPAS-SRAS-DATE-CMI2023.md,75,1,100.0
chikungunya_qa_0715,Paciente,Quais regiões de Minas Gerais têm mais casos de chikungunya?,"As regiões Norte e Nordeste de Minas Gerais são as mais acometidas, respondendo juntas por cerca de 95% das notificações de chikungunya.","atualmente as regiões Norte e Nordeste são as mais acometidas, respondendo juntas por cerca de 95% das notificações",Fase Aguda,"#Epidemiologia, #Chikungunya",Nota Técnica nº 28SESSUBPAS-SRAS-DATE-CMI2023.md,75,1,100.0
chikungunya_qa_0716,Paciente,Qual é o risco de transmissão vertical de chikungunya durante a gravidez?,"O risco de passar chikungunya para o bebê durante a gravidez é de cerca de 50%. Além disso, 90% dos bebês que pegam a doença podem ter problemas sérios, especialmente com dores nos nervos e outras complicações.","O risco de transmissão vertical descrito na literatura é de cerca de 50%, sendo que 90% dos afetados podem desenvolver manifestações graves, em especial, complicações neurológicas.",Fase Aguda,"#Epidemiologia, #Chikungunya",Nota Técnica nº 28SESSUBPAS-SRAS-DATE-CMI2023.md,75,1,90
chikungunya_qa_0717,Médica,Qual é a proporção de casos prováveis de chikungunya em Minas Gerais até maio de 2023?,"A proporção de casos prováveis de chikungunya é de 16,1%.","Proporção de casos prováveis de 16,1%",Fase Aguda,"#Epidemiologia, #Chikungunya",Nota Técnica nº 28SESSUBPAS-SRAS-DATE-CMI2023.md,75,1,90.0
chikungunya_qa_0718,Paciente,Qual é o risco para o recém-nascido se a mãe tiver chikungunya perto do parto?,"Se a mãe apresentar infecção aguda próxima ao parto, o recém-nascido pode ter um risco de transmissão vertical de cerca de 50% e 90% dos afetados podem desenvolver manifestações graves, especialmente complicações neurológicas.","O CHIKV representa grande risco para o RN se a mãe apresentar infecção aguda próxima ao parto. O risco de transmissão vertical descrito na literatura é de cerca de 50%, sendo que 90% dos afetados podem desenvolver manifestações graves, em especial, complicações neurológicas.",Fase Aguda,"#Sintomas, #Chikungunya",Nota Técnica nº 28SESSUBPAS-SRAS-DATE-CMI2023.md,75,3,100.0
chikungunya_qa_0719,Paciente,Quantos óbitos confirmados pela chikungunya ocorreram em Minas Gerais?,Houve 23 óbitos confirmados pela chikungunya no estado de Minas Gerais.,23 óbitos confirmados pela doença no estado,Fase Aguda,"#Epidemiologia, #Chikungunya",Nota Técnica nº 28SESSUBPAS-SRAS-DATE-CMI2023.md,75,3,95.0
chikungunya_qa_0720,Médica,Quantos óbitos confirmados pela chikungunya ocorreram em Minas Gerais até maio de 2023?,Foram confirmados 23 óbitos pela doença no estado de Minas Gerais até maio de 2023.,23 óbitos confirmados pela doença no estado,Fase Aguda,"#Epidemiologia, #Chikungunya",Nota Técnica nº 28SESSUBPAS-SRAS-DATE-CMI2023.md,75,4,100.0
chikungunya_qa_0721,Paciente,Quais sintomas podem aparecer se eu tiver chikungunya perto do parto?,"Se você tiver chikungunya perto do parto, pode apresentar febre acima de 38,5°C e dor nas articulações intensa que não pode ser explicada por outras causas.","Gestantes que, em até 07 dias (D7) antes do parto, preencham a definição de caso suspeito de Chikungunya, apresentando febre acima de 38,5°C, artralgia ou artrite intensa não explicada por outras causas.",Fase Aguda,"#Sintomas, #Chikungunya",Nota Técnica nº 28SESSUBPAS-SRAS-DATE-CMI2023.md,76,1,100.0
chikungunya_qa_0722,Paciente,O que acontece se eu tiver febre alta e dor nas articulações após o parto?,"Após o parto, se você tiver febre acima de 38,5°C e dor nas articulações intensa, pode ser um sinal de chikungunya e é importante buscar atendimento médico.","Puérperas que, em até 02 dias (D2) após o parto, preencham a definição de caso suspeito de Chikungunya, apresentando febre acima de 38,5°C, artralgia ou artrite intensa não explicada por outras causas.",Fase Aguda,"#Sintomas, #Chikungunya",Nota Técnica nº 28SESSUBPAS-SRAS-DATE-CMI2023.md,76,1,95.0
chikungunya_qa_0723,Médica,Quais são os critérios para suspeita de chikungunya em gestantes?,"Os critérios para suspeita de chikungunya em gestantes incluem a presença de febre acima de 38,5°C e dor intensa nas articulações, ocorrendo até 7 dias antes do parto.","Gestantes que, em até 07 dias (D7) antes do parto, preencham a definição de caso suspeito de Chikungunya, apresentando febre acima de 38,5°C, artralgia ou artrite intensa não explicada por outras causas.",Fase Aguda,"#Diagnóstico, #Chikungunya",Nota Técnica nº 28SESSUBPAS-SRAS-DATE-CMI2023.md,76,1,95.0
chikungunya_qa_0724,Médica,Quais critérios devem ser observados em puérperas para suspeita de chikungunya?,"Em puérperas, deve-se observar a presença de febre acima de 38,5°C e dor intensa nas articulações nos 2 dias após o parto para considerar a suspeita de chikungunya.","Puérperas que, em até 02 dias (D2) após o parto, preencham a definição de caso suspeito de Chikungunya, apresentando febre acima de 38,5°C, artralgia ou artrite intensa não explicada por outras causas.",Fase Aguda,"#Diagnóstico, #Chikungunya",Nota Técnica nº 28SESSUBPAS-SRAS-DATE-CMI2023.md,76,1,95.0
chikungunya_qa_0725,Paciente,Quais são os sintomas que podem indicar chikungunya antes do parto?,"Os sintomas que podem indicar chikungunya antes do parto incluem febre acima de 38,5°C e dor nas articulações intensa que não pode ser explicada por outras causas.","Gestantes que, em até 07 dias (D7) antes do parto, preencham a definição de caso suspeito de Chikungunya, apresentando febre acima de 38,5°C, artralgia ou artrite intensa não explicada por outras causas.",Fase Aguda,"#Sintomas, #Chikungunya",Nota Técnica nº 28SESSUBPAS-SRAS-DATE-CMI2023.md,76,2,95.0
chikungunya_qa_0726,Paciente,Quais são os sintomas que eu devo ficar atenta se eu estiver grávida e perto do parto?,"Você deve ficar atenta se tiver febre acima de 38,5°C, dor nas articulações ou artrite intensa que não possa ser explicada por outras causas.","Gestantes que, em até 07 dias (D7) antes do parto, preencham a definição de caso suspeito de Chikungunya, apresentando febre acima de 38,5°C, artralgia ou artrite intensa não explicada por outras causas.",Fase Aguda,"#Sintomas, #Gestantes",Nota Técnica nº 28SESSUBPAS-SRAS-DATE-CMI2023.md,76,3,95.0
chikungunya_qa_0727,Paciente,O que significa ter trabalho de parto pré-termo se eu tiver chikungunya?,"Trabalho de parto pré-termo significa que você pode entrar em trabalho de parto antes do tempo esperado, o que pode complicar a infecção aguda da chikungunya durante o segundo ou terceiro trimestre da gestação.",Trabalho de parto pré-termo pode ocorrer complicando a infecção aguda materna no 2º ou 3º trimestre de gestação.,Fase Aguda,"#Complicações, #Chikungunya",Nota Técnica nº 28SESSUBPAS-SRAS-DATE-CMI2023.md,78,1,95.0
chikungunya_qa_0728,Médica,Quais complicações podem ocorrer em gestantes infectadas pelo CHIKV durante o trabalho de parto?,"Durante o trabalho de parto de gestantes infectadas, existe um aumento do risco de sofrimento fetal, especialmente em casos de infecção aguda.",Durante o trabalho de parto de gestantes infectadas existe mais risco de sofrimento fetal.,Fase Aguda,"#Complicações, #Chikungunya",Nota Técnica nº 28SESSUBPAS-SRAS-DATE-CMI2023.md,78,1,95.0
chikungunya_qa_0729,Médica,Qual é a relação entre a infecção por CHIKV e o risco de perda fetal?,"A infecção por CHIKV pode levar à perda fetal, que inclui abortamento ou óbito fetal, especialmente em casos com febre elevada e persistente.","Embora não haja evidências de efeitos teratogênicos associados à infecção pelo CHIKV, pode ocorrer perda fetal (abortamento ou óbito fetal). Na maioria das vezes, esses casos ocorrem nos quadros mais sintomáticos, em especial com febre elevada e persistente.",Fase Crônica/Subaguda,"#RiscoGestante, #Chikungunya",Nota Técnica nº 28SESSUBPAS-SRAS-DATE-CMI2023.md,78,1,100.0
chikungunya_qa_0730,Paciente,Como a chikungunya pode afetar o parto?,"A chikungunya pode levar a um trabalho de parto pré-termo, complicando a infecção materna, e durante o parto, há um risco maior de sofrimento fetal.",Trabalho de parto pré-termo pode ocorrer complicando a infecção aguda materna no 2º ou 3º trimestre de gestação. Durante o trabalho de parto de gestantes infectadas existe mais risco de sofrimento fetal.,Fase Aguda,"#Parto, #Complicações",Nota Técnica nº 28SESSUBPAS-SRAS-DATE-CMI2023.md,78,2,95.0
chikungunya_qa_0731,Médica,Quais são as implicações da chikungunya na gestação?,"O curso da infecção na gestante não difere do descrito para adultos, mas é crucial o monitoramento diário. A infecção pode levar a perda fetal, especialmente em quadros sintomáticos com febre elevada, e ao trabalho de parto pré-termo, aumentando o risco de sofrimento fetal.","O curso da infecção na gestante não é diferente do descrito para adultos, mas é importante o monitoramento diário das gestantes com suspeita de chikungunya. Embora não haja evidências de efeitos teratogênicos associados à infecção pelo CHIKV, pode ocorrer perda fetal (abortamento ou óbito fetal). Trabalho de parto pré-termo pode ocorrer complicando a infecção aguda materna no 2º ou 3º trimestre de gestação. Durante o trabalho de parto de gestantes infectadas existe mais risco de sofrimento fetal.",Fase Aguda,"#Gestação, #Chikungunya",Nota Técnica nº 28SESSUBPAS-SRAS-DATE-CMI2023.md,78,2,100.0
chikungunya_qa_0732,Médica,Quais diagnósticos diferenciais devem ser considerados na suspeita de chikungunya em gestantes?,"A suspeita de infecção pelo CHIKV exige investigação de outras doenças exantemáticas, especialmente o diagnóstico diferencial com outras arboviroses como dengue e Zika, além das infecções do grupo STORCH.","Vale ressaltar que a suspeita de infecção pelo CHIKV exige investigação das outras doenças exantemáticas, em especial diagnóstico diferencial com outras arboviroses (dengue e Zika) e as infecções do grupo STORCH.",Fase Aguda,"#DiagnósticoDiferencial, #Arboviroses",Nota Técnica nº 28SESSUBPAS-SRAS-DATE-CMI2023.md,78,2,100.0
chikungunya_qa_0733,Médica,Quais são os critérios para monitoramento de gestantes com chikungunya?,"O monitoramento deve ser diário e deve incluir a avaliação de sinais que indiquem risco de sofrimento fetal ou viremia próxima ao período do parto, necessitando acompanhamento em leito de internação se esses sinais forem verificados.","é importante o monitoramento diário das gestantes com suspeita de chikungunya. Caso sejam verificadas situações que indiquem risco de sofrimento fetal ou viremia próxima ao período do parto, é necessário o acompanhamento em leito de internação.",Fase Aguda,"#Monitoramento, #Gestação",Nota Técnica nº 28SESSUBPAS-SRAS-DATE-CMI2023.md,78,3,100.0
chikungunya_qa_0734,Médica,Qual é a relação entre a infecção por CHIKV e o risco de complicações durante o parto?,"Durante o trabalho de parto de gestantes infectadas, existe um aumento do risco de sofrimento fetal, especialmente em quadros mais sintomáticos.",durante o trabalho de parto de gestantes infectadas existe mais risco de sofrimento fetal.,Fase Aguda,"#Complicações, #Parto",Nota Técnica nº 28SESSUBPAS-SRAS-DATE-CMI2023.md,78,3,95.0
chikungunya_qa_0735,Paciente,Quais cuidados devo ter se suspeitar de chikungunya durante a gravidez?,"Se você suspeitar de chikungunya durante a gravidez, é fundamental que você tenha um monitoramento diário. É importante observar qualquer sinal que indique risco de sofrimento fetal ou viremia próxima ao período do parto, pois nesses casos, o acompanhamento deve ser feito em leito de internação. Embora não haja evidências de efeitos teratogênicos associados à infecção pelo CHIKV, é importante estar ciente de que pode ocorrer perda fetal, como abortamento ou óbito fetal, especialmente em quadros mais sintomáticos, que incluem febre elevada e persistente. Além disso, o trabalho de parto pré-termo pode ocorrer e complicar a infecção aguda materna no 2º ou 3º trimestre de gestação. Durante o trabalho de parto de gestantes infectadas, há um risco aumentado de sofrimento fetal. Por fim, a suspeita de infecção pelo CHIKV exige investigação de outras doenças exantemáticas, especialmente o diagnóstico diferencial com outras arboviroses, como dengue e Zika, além das infecções do grupo STORCH.","O curso da infecção na gestante não é diferente do descrito para adultos, mas é importante o monitoramento diário das gestantes com suspeita de chikungunya. Caso sejam verificadas situações que indiquem risco de sofrimento fetal ou viremia próxima ao período do parto, é necessário o acompanhamento em leito de internação.",Fase Crônica/Subaguda,"#Cuidados, #Gestação",Nota Técnica nº 28SESSUBPAS-SRAS-DATE-CMI2023.md,78,4,100
chikungunya_qa_0736,Médica,Quais são os riscos associados à infecção por CHIKV em gestantes durante o parto?,"Gestantes infectadas pelo CHIKV apresentam maior risco de sofrimento fetal durante o trabalho de parto. Além disso, a infecção pode levar a complicações como trabalho de parto pré-termo, especialmente no 2º ou 3º trimestre.",Durante o trabalho de parto de gestantes infectadas existe mais risco de sofrimento fetal. Trabalho de parto pré-termo pode ocorrer complicando a infecção aguda materna no 2º ou 3º trimestre de gestação.,Fase Aguda,"#Complicações, #Parto",Nota Técnica nº 28SESSUBPAS-SRAS-DATE-CMI2023.md,78,4,100.0
chikungunya_qa_0737,Médica,Quais diagnósticos diferenciais devem ser considerados para a chikungunya em gestantes?,"A suspeita de infecção pelo CHIKV exige investigação de outras doenças exantemáticas, especialmente diagnóstico diferencial com outras arboviroses como dengue e Zika, além das infecções do grupo STORCH.","Vale ressaltar que a suspeita de infecção pelo CHIKV exige investigação das outras doenças exantemáticas, em especial diagnóstico diferencial com outras arboviroses (dengue e Zika) e as infecções do grupo STORCH.",Fase Aguda,"#DiagnósticoDiferencial, #Chikungunya",Nota Técnica nº 28SESSUBPAS-SRAS-DATE-CMI2023.md,78,4,100.0
chikungunya_qa_0738,Paciente,Quais são os riscos se eu estiver perto do parto e tiver chikungunya?,"Se você estiver perto do parto e tiver chikungunya, existe um risco maior de sofrimento fetal e pode ocorrer trabalho de parto pré-termo.",Durante o trabalho de parto de gestantes infectadas existe mais risco de sofrimento fetal. Trabalho de parto pré-termo pode ocorrer complicando a infecção aguda materna no 2º ou 3º trimestre de gestação.,Fase Aguda,"#Risco, #TrabalhoDeParto",Nota Técnica nº 28SESSUBPAS-SRAS-DATE-CMI2023.md,78,5,95.0
chikungunya_qa_0739,Médica,Quais cuidados devem ser tomados em gestantes com chikungunya próximo ao parto?,"Gestantes com chikungunya próximo ao parto devem ser monitoradas diariamente e, se houver risco de sofrimento fetal ou viremia, devem ser internadas para acompanhamento.","Caso sejam verificadas situações que indiquem risco de sofrimento fetal ou viremia próxima ao período do parto, é necessário o acompanhamento em leito de internação.",Fase Aguda,"#Cuidados, #Monitoramento",Nota Técnica nº 28SESSUBPAS-SRAS-DATE-CMI2023.md,78,5,100.0
chikungunya_qa_0740,Médica,Qual é a relação entre a infecção por CHIKV e o trabalho de parto pré-termo?,"A infecção por CHIKV pode complicar a infecção aguda materna e resultar em trabalho de parto pré-termo, especialmente no 2º ou 3º trimestre de gestação.",Trabalho de parto pré-termo pode ocorrer complicando a infecção aguda materna no 2º ou 3º trimestre de gestação.,Fase Aguda,"#Complicações, #TrabalhoDeParto",Nota Técnica nº 28SESSUBPAS-SRAS-DATE-CMI2023.md,78,5,100.0
chikungunya_qa_0741,Paciente,Qual é o risco de transmissão da chikungunya para meu bebê no parto?,"O risco de transmissão da chikungunya para seu bebê durante o parto é de cerca de 50%. Se a transmissão ocorrer, até 90% dos bebês afetados podem apresentar quadros graves.","Quando o parto ocorre no período de viremia materna, a transmissão vertical ocorre em cerca de 50% das vezes, e, nesses casos, até 90% dos RN afetados podem apresentar quadros graves.",Fase Aguda,"#Risco, #TransmissãoVertical",Nota Técnica nº 28SESSUBPAS-SRAS-DATE-CMI2023.md,79,1,100.0
chikungunya_qa_0742,Paciente,Quando os sintomas podem aparecer no meu bebê após o parto se eu tiver chikungunya?,"Os sintomas no seu bebê podem aparecer entre 3 e 7 dias após o nascimento, sendo bastante raro que ocorram nos primeiros 2 dias de vida.","As manifestações surgem entre 3 e 7 dias (D3 e D7) após o nascimento, sendo bastante rara a manifestação nos 2 primeiros dias (D2) de vida.",Fase Aguda,"#Sintomas, #Evolução",Nota Técnica nº 28SESSUBPAS-SRAS-DATE-CMI2023.md,79,1,100.0
chikungunya_qa_0743,Médica,Qual é o período de maior risco para a transmissão vertical da chikungunya durante o parto?,O maior risco de transmissão vertical da chikungunya ocorre nos casos de infecção materna aguda 2 dias antes e até 2 dias após o parto.,O maior risco ocorre nos casos de infecção materna aguda 2 dias (D2) antes e até 2 dias (D2) após o parto.,Fase Aguda,"#Risco, #TransmissãoVertical",Nota Técnica nº 28SESSUBPAS-SRAS-DATE-CMI2023.md,79,1,100.0
chikungunya_qa_0744,Paciente,Quais sintomas meu bebê pode apresentar se eu tiver chikungunya durante o parto?,"Os sintomas que podem aparecer no bebê incluem febre, irritabilidade ou choro intenso, edema de extremidades, sucção débil, manchas na pele, alterações hemodinâmicas, convulsões e manifestações hemorrágicas.","**Principais manifestações:** - Febre (ocorre na maior parte dos casos) - Dor manifesta-se por irritabilidade ou choro intenso - Edema de extremidades (principalmente membros inferiores) - Sucção débil - Exantema polimórfico tipo vesico-bolhoso com aspecto de pele escaldada - Alterações hemodinâmicas - Neurológicos indicativos de meningite (convulsões, rebaixamento do sensório) - Manifestações hemorrágicas (petéquias, hemorragia intraventricular)",Fase Aguda,"#Sintomas, #Recém-nascido",Nota Técnica nº 28SESSUBPAS-SRAS-DATE-CMI2023.md,79,2,95.0
chikungunya_qa_0745,Médica,Qual é o risco de transmissão vertical da chikungunya durante o parto?,"O risco de transmissão vertical da chikungunya durante o parto é significativo, ocorrendo em cerca de 50% das vezes quando o parto acontece no período de viremia materna. É importante destacar que, nos casos em que a transmissão ocorre, até 90% dos recém-nascidos afetados podem apresentar quadros graves. O maior risco de transmissão está associado a infecções maternas agudas que acontecem entre 2 dias antes (D2) e até 2 dias após o parto. Além disso, os recém-nascidos sintomáticos geralmente apresentam um quadro clínico que se assemelha ao da sepse neonatal precoce ou encefalite herpética, com manifestações que surgem entre 3 e 7 dias após o nascimento, sendo bastante raras nos primeiros 2 dias de vida. As principais manifestações incluem febre, dor manifestada por irritabilidade ou choro intenso, edema de extremidades (principalmente membros inferiores), sucção débil, exantema polimórfico tipo vesico-bolhoso com aspecto de pele escaldada, alterações hemodinâmicas, sinais neurológicos indicativos de meningite (como convulsões e rebaixamento do sensório) e manifestações hemorrágicas (como petéquias e hemorragia intraventricular).","Quando o parto ocorre no período de viremia materna, a transmissão vertical ocorre em cerca de 50% das vezes, e, nesses casos, até 90% dos RN afetados podem apresentar quadros graves.",Fase Aguda,"#TransmissãoVertical, #Chikungunya",Nota Técnica nº 28SESSUBPAS-SRAS-DATE-CMI2023.md,79,3,100
chikungunya_qa_0746,Paciente,O que é plaquetopenia e como isso pode afetar minha saúde?,"Plaquetopenia é a diminuição do número de plaquetas no sangue. Isso pode aumentar o risco de sangramentos e hematomas, o que é importante ficar atento.",- Plaquetopenia,Fase Aguda,"#Sintomas, #Impacto",Nota Técnica nº 28SESSUBPAS-SRAS-DATE-CMI2023.md,80,1,100.0
chikungunya_qa_0747,Paciente,O que significa ter baixa atividade de protrombina?,"Baixa atividade de protrombina pode indicar que seu sangue demora mais para coagular, o que pode resultar em maior risco de sangramentos.",- Baixa atividade de protrombina,Fase Aguda,"#Sintomas, #Impacto",Nota Técnica nº 28SESSUBPAS-SRAS-DATE-CMI2023.md,80,1,100.0
chikungunya_qa_0748,Médica,Quais exames são indicativos de alterações neurológicas em pacientes?,"Exames de imagem que mostram edema cerebral, hemorragia intraventricular e alterações de substância branca são indicativos de alterações neurológicas.","- Alterações neurológicas em exames de imagem (edema cerebral, hemorragia intraventricular, alterações de substância branca)",Fase Aguda,"#Diagnóstico, #Exames",Nota Técnica nº 28SESSUBPAS-SRAS-DATE-CMI2023.md,80,1,100.0
chikungunya_qa_0749,Médica,Quais são os parâmetros laboratoriais relevantes para monitorar um paciente com suspeita de infecção?,"Os parâmetros relevantes incluem plaquetopenia, baixa atividade de protrombina, elevação das transaminases e linfopenia.","- Plaquetopenia
- Baixa atividade de protrombina
- Elevação das transaminases
- Linfopenia",Fase Aguda,"#Diagnóstico, #Laboratório",Nota Técnica nº 28SESSUBPAS-SRAS-DATE-CMI2023.md,80,1,90.0
chikungunya_qa_0750,Médica,Quais são os achados laboratoriais relevantes em um paciente com suspeita de infecção?,"Os achados laboratoriais relevantes incluem plaquetopenia, baixa atividade de protrombina, elevação das transaminases e linfopenia, que devem ser monitorados para avaliar a gravidade da infecção.","Plaquetopenia, Baixa atividade de protrombina, Elevação das transaminases, Linfopenia",Fase Aguda,"#Diagnóstico, #Tratamento",Nota Técnica nº 28SESSUBPAS-SRAS-DATE-CMI2023.md,80,2,100.0
chikungunya_qa_0751,Médica,Quais alterações neurológicas devem ser avaliadas em exames de imagem?,"Exames de imagem devem ser avaliados para identificar edema cerebral, hemorragia intraventricular e alterações de substância branca, que são cruciais para o diagnóstico e manejo do paciente.","Alterações neurológicas em exames de imagem (edema cerebral, hemorragia intraventricular, alterações de substância branca)",Fase Aguda,"#Diagnóstico, #Tratamento",Nota Técnica nº 28SESSUBPAS-SRAS-DATE-CMI2023.md,80,2,100.0
chikungunya_qa_0752,Paciente,O que é baixa atividade de protrombina e como isso me afeta?,Baixa atividade de protrombina significa que seu corpo pode ter dificuldade em formar coágulos sanguíneos adequados. Isso pode levar a um maior risco de sangramentos.,- Baixa atividade de protrombina,Fase Aguda,"#Sintomas, #Saúde",Nota Técnica nº 28SESSUBPAS-SRAS-DATE-CMI2023.md,80,3,100.0
chikungunya_qa_0753,Paciente,Quais exames eu e meu bebê precisamos fazer se eu tiver chikungunya?,"Você e seu bebê precisam fazer alguns exames, como RT-PCR, sorologia (IgM e IgG), amostra de sangue do cordão umbilical, fragmentos da placenta e amostra de sangue periférico.",Coleta de exames: - RT-PCR no RN e na mãe - Sorologia (IgM e IgG) - Amostra de sangue de cordão umbilical (2 a 5 mL) - Fragmento de placenta (três fragmentos de 1cm³ cada) - Amostra de sangue periférico da puérpera,Fase Aguda,"#Exames, #Gestação",Nota Técnica nº 28SESSUBPAS-SRAS-DATE-CMI2023.md,81,1,95.0
chikungunya_qa_0754,Médica,Quais são os exames recomendados para gestantes com suspeita de chikungunya?,"Os exames recomendados incluem RT-PCR no recém-nascido e na mãe, sorologia (IgM e IgG), amostra de sangue de cordão umbilical, fragmento de placenta e amostra de sangue periférico da puérpera.",Coleta de exames: - RT-PCR no RN e na mãe - Sorologia (IgM e IgG) - Amostra de sangue de cordão umbilical (2 a 5 mL) - Fragmento de placenta (três fragmentos de 1cm³ cada) - Amostra de sangue periférico da puérpera,Fase Aguda,"#Exames, #Gestação",Nota Técnica nº 28SESSUBPAS-SRAS-DATE-CMI2023.md,81,1,100.0
chikungunya_qa_0755,Médica,Qual o protocolo de acompanhamento para sorologia em gestantes com chikungunya?,"Para gestantes com chikungunya, o protocolo de acompanhamento para sorologia inclui a repetição da sorologia 7 dias (D7) após o primeiro exame, caso o resultado anterior tenha sido negativo. Além disso, se o recém-nascido (RN) apresentar sintomas, recomenda-se a coleta de sorologia pareada para a mãe e o RN a partir do dia 6 (D6) de vida. É importante também realizar a coleta de exames que incluem RT-PCR no RN e na mãe, sorologia (IgM e IgG), amostra de sangue de cordão umbilical (2 a 5 mL) e fragmentos de placenta (três fragmentos de 1cm³ cada), além da amostra de sangue periférico da puérpera.","A sorologia deve ser repetida **7 dias (D7) após o primeiro exame**, quando o resultado anterior for negativo.",Fase Aguda,"#Acompanhamento, #Gestação",Nota Técnica nº 28SESSUBPAS-SRAS-DATE-CMI2023.md,81,1,92.5
chikungunya_qa_0756,Paciente,Quando devo repetir a sorologia se o resultado anterior for negativo?,"A sorologia deve ser repetida 7 dias após o primeiro exame, se o resultado anterior for negativo.","A sorologia deve ser repetida **7 dias (D7) após o primeiro exame**, quando o resultado anterior for negativo.",Fase Aguda,"#Exames, #Chikungunya",Nota Técnica nº 28SESSUBPAS-SRAS-DATE-CMI2023.md,81,2,100.0
chikungunya_qa_0757,Médica,Quais exames são recomendados para a gestante e o recém-nascido com suspeita de chikungunya?,"Os exames recomendados incluem RT-PCR no RN e na mãe, sorologia (IgM e IgG), amostra de sangue de cordão umbilical (2 a 5 mL), fragmento de placenta (três fragmentos de 1cm³ cada) e amostra de sangue periférico da puérpera.",Coleta de exames: - RT-PCR no RN e na mãe - Sorologia (IgM e IgG) - Amostra de sangue de cordão umbilical (2 a 5 mL) - Fragmento de placenta (três fragmentos de 1cm³ cada) - Amostra de sangue periférico da puérpera,Fase Aguda,"#Exames, #Chikungunya",Nota Técnica nº 28SESSUBPAS-SRAS-DATE-CMI2023.md,81,2,100.0
chikungunya_qa_0758,Médica,Qual é a conduta em relação à sorologia para a gestante com resultado negativo?,"A conduta é repetir a sorologia 7 dias após o primeiro exame, caso o resultado anterior tenha sido negativo. Em casos sintomáticos do RN, recomenda-se a coleta de sorologia pareada a partir do dia 6 de vida.","A sorologia deve ser repetida **7 dias (D7) após o primeiro exame**, quando o resultado anterior for negativo. Nos casos em que o RN for sintomático, recomenda-se a coleta de sorologia pareada (mãe e RN) a partir do **dia 6 (D6) de vida**.",Fase Aguda,"#Conduta, #Chikungunya",Nota Técnica nº 28SESSUBPAS-SRAS-DATE-CMI2023.md,81,2,100.0
chikungunya_qa_0759,Médica,Quais exames devem ser coletados para a gestante e o recém-nascido com suspeita de chikungunya?,"Os exames recomendados incluem: RT-PCR no RN e na mãe, sorologia (IgM e IgG), amostra de sangue de cordão umbilical (2 a 5 mL), fragmento de placenta (três fragmentos de 1cm³ cada) e amostra de sangue periférico da puérpera.",Coleta de exames: - RT-PCR no RN e na mãe - Sorologia (IgM e IgG) - Amostra de sangue de cordão umbilical (2 a 5 mL) - Fragmento de placenta (três fragmentos de 1cm³ cada) - Amostra de sangue periférico da puérpera,Fase Aguda,"#Exames, #Chikungunya",Nota Técnica nº 28SESSUBPAS-SRAS-DATE-CMI2023.md,81,3,100.0
chikungunya_qa_0760,Médica,Qual é a recomendação para a sorologia em gestantes com resultado negativo?,A sorologia deve ser repetida 7 dias após o primeiro exame quando o resultado anterior for negativo.,"A sorologia deve ser repetida 7 dias (D7) após o primeiro exame, quando o resultado anterior for negativo.",Fase Aguda,"#Sorologia, #Chikungunya",Nota Técnica nº 28SESSUBPAS-SRAS-DATE-CMI2023.md,81,3,100.0
chikungunya_qa_0761,Cuidador,O que devo fazer se o recém-nascido estiver assintomático?,"O recém-nascido deve permanecer na instituição hospitalar em observação por no mínimo 7 dias, mesmo que não apresente sintomas.","O RN suspeito, mesmo que assintomático, deve permanecer na instituição hospitalar em observação, por no mínimo 07 dias.",Fase Aguda,"#Cuidados, #Observação",Nota Técnica nº 28SESSUBPAS-SRAS-DATE-CMI2023.md,82,1,95.0
chikungunya_qa_0762,Cuidador,Quando devo buscar ajuda médica para o recém-nascido?,"Se o recém-nascido apresentar um quadro clínico sugestivo, ele deverá ser transferido imediatamente para a UTI neonatal.","Caso apresente quadro clínico sugestivo, deverá ser transferido imediatamente para UTI neonatal.",Fase Aguda,"#SinaisDeAlerta, #UTI",Nota Técnica nº 28SESSUBPAS-SRAS-DATE-CMI2023.md,82,1,100.0
chikungunya_qa_0763,Médica,Qual é a duração mínima de observação para um recém-nascido suspeito?,"O recém-nascido suspeito deve permanecer em observação por no mínimo 7 dias, independentemente de apresentar sintomas.","O RN suspeito, mesmo que assintomático, deve permanecer na instituição hospitalar em observação, por no mínimo 07 dias.",Fase Aguda,"#Critérios, #Observação",Nota Técnica nº 28SESSUBPAS-SRAS-DATE-CMI2023.md,82,1,100.0
chikungunya_qa_0764,Médica,Qual é a conduta para um recém-nascido com quadro clínico sugestivo?,Deve ser transferido imediatamente para UTI neonatal.,"Caso apresente quadro clínico sugestivo, deverá ser transferido imediatamente para UTI neonatal.",Fase Aguda,"#Conduta, #UTI",Nota Técnica nº 28SESSUBPAS-SRAS-DATE-CMI2023.md,82,1,100.0
chikungunya_qa_0765,Cuidador,O que deve ser feito se o recém-nascido mostrar sinais de doença?,"Se ele apresentar sinais sugestivos de doença, você deve garantir que ele seja transferido imediatamente para a UTI neonatal.","Caso apresente quadro clínico sugestivo, deverá ser transferido imediatamente para UTI neonatal.",Fase Aguda,"#CuidadosPráticos, #Transferência",Nota Técnica nº 28SESSUBPAS-SRAS-DATE-CMI2023.md,82,2,90.0
chikungunya_qa_0766,Médica,Quais são os critérios para a transferência do recém-nascido para a UTI?,A transferência deve ocorrer imediatamente se o recém-nascido apresentar um quadro clínico sugestivo.,"Caso apresente quadro clínico sugestivo, deverá ser transferido imediatamente para UTI neonatal.",Fase Aguda,"#Critérios, #Transferência",Nota Técnica nº 28SESSUBPAS-SRAS-DATE-CMI2023.md,82,2,95.0
chikungunya_qa_0767,Cuidador,Qual é a duração mínima que um recém-nascido suspeito deve permanecer em observação?,Um recém-nascido suspeito deve permanecer na instituição hospitalar em observação por no mínimo 07 dias.,"O RN suspeito, mesmo que assintomático, deve permanecer na instituição hospitalar em observação, por no mínimo 07 dias.",Fase Aguda,"#Cuidados, #Observação",Nota Técnica nº 28SESSUBPAS-SRAS-DATE-CMI2023.md,82,3,100.0
chikungunya_qa_0768,Cuidador,O que devo fazer se o recém-nascido apresentar quadro clínico sugestivo?,"Se o recém-nascido apresentar quadro clínico sugestivo, ele deverá ser transferido imediatamente para a UTI neonatal.","Caso apresente quadro clínico sugestivo, deverá ser transferido imediatamente para UTI neonatal.",Fase Aguda,"#Cuidados, #Transferência",Nota Técnica nº 28SESSUBPAS-SRAS-DATE-CMI2023.md,82,3,100.0
chikungunya_qa_0769,Médica,Qual é a conduta para um recém-nascido assintomático com suspeita?,"O recém-nascido suspeito, mesmo que assintomático, deve ser mantido em observação na instituição hospitalar por, no mínimo, 07 dias.","O RN suspeito, mesmo que assintomático, deve permanecer na instituição hospitalar em observação, por no mínimo 07 dias.",Fase Aguda,"#Conduta, #Observação",Nota Técnica nº 28SESSUBPAS-SRAS-DATE-CMI2023.md,82,3,100.0
chikungunya_qa_0770,Cuidador,Quanto tempo o recém-nascido suspeito deve ficar em observação?,"O recém-nascido suspeito deve permanecer na instituição hospitalar em observação, por no mínimo 07 dias.","O RN suspeito, mesmo que assintomático, deve permanecer na instituição hospitalar em observação, por no mínimo 07 dias.",Fase Aguda,"#Cuidados, #Observação",Nota Técnica nº 28SESSUBPAS-SRAS-DATE-CMI2023.md,82,4,95.0
chikungunya_qa_0771,Cuidador,O que fazer se o recém-nascido apresentar sintomas?,"Caso o recém-nascido apresente quadro clínico sugestivo, ele deverá ser transferido imediatamente para a UTI neonatal.","Caso apresente quadro clínico sugestivo, deverá ser transferido imediatamente para UTI neonatal.",Fase Aguda,"#Cuidados, #SinaisDeAlerta",Nota Técnica nº 28SESSUBPAS-SRAS-DATE-CMI2023.md,82,4,100.0
chikungunya_qa_0772,Médica,Que conduta deve ser tomada se o recém-nascido mostrar sinais sugestivos?,"Se o recém-nascido apresentar quadro clínico sugestivo, ele deve ser transferido imediatamente para a UTI neonatal.","Caso apresente quadro clínico sugestivo, deverá ser transferido imediatamente para UTI neonatal.",Fase Aguda,"#Conduta, #Transferência",Nota Técnica nº 28SESSUBPAS-SRAS-DATE-CMI2023.md,82,4,100.0
chikungunya_qa_0773,Cuidador,Quando devo transferir meu recém-nascido para a UTI neonatal?,"O recém-nascido, mesmo que assintomático, deve permanecer na instituição hospitalar em observação por no mínimo 07 dias. Caso ele apresente um quadro clínico sugestivo durante esse período, deverá ser transferido imediatamente para a UTI neonatal.","Caso apresente quadro clínico sugestivo, deverá ser transferido imediatamente para UTI neonatal.",Fase Aguda,"#SinaisDeAlerta, #Transferência",Nota Técnica nº 28SESSUBPAS-SRAS-DATE-CMI2023.md,82,5,100
chikungunya_qa_0774,Cuidador,O que devo fazer se meu recém-nascido precisa de observação?,"É importante garantir que ele permaneça na instituição hospitalar em observação por pelo menos 7 dias, mesmo que não apresente sintomas.","O RN suspeito, mesmo que assintomático, deve permanecer na instituição hospitalar em observação, por no mínimo 07 dias.",Fase Aguda,"#Cuidados, #Observação",Nota Técnica nº 28SESSUBPAS-SRAS-DATE-CMI2023.md,82,5,95.0
chikungunya_qa_0775,Cuidador,"O que devo fazer se meu recém-nascido estiver suspeito de chikungunya, mas não apresentar sintomas?","O recém-nascido deve permanecer na instituição hospitalar em observação, por no mínimo 7 dias.","O RN suspeito, **mesmo que assintomático, deve permanecer na instituição hospitalar em observação, por no mínimo 07 dias**.",Fase Aguda,"#Observação, #Cuidados",Nota Técnica nº 28SESSUBPAS-SRAS-DATE-CMI2023.md,82,6,100.0
chikungunya_qa_0776,Médica,Qual é a conduta para um recém-nascido suspeito de chikungunya que está assintomático?,O recém-nascido deve permanecer em observação na instituição hospitalar por no mínimo 7 dias.,"O RN suspeito, **mesmo que assintomático, deve permanecer na instituição hospitalar em observação, por no mínimo 07 dias**.",Fase Aguda,"#Conduta, #Observação",Nota Técnica nº 28SESSUBPAS-SRAS-DATE-CMI2023.md,82,6,100.0
chikungunya_qa_0777,Médica,Qual é a conduta imediata para um recém-nascido que apresenta quadro clínico sugestivo?,Deve ser transferido imediatamente para a UTI neonatal.,"Caso apresente quadro clínico sugestivo, deverá ser transferido imediatamente para UTI neonatal.",Fase Aguda,"#Conduta, #Transferência",Nota Técnica nº 28SESSUBPAS-SRAS-DATE-CMI2023.md,82,6,100.0
chikungunya_qa_0778,Paciente,O que deve ser feito durante o trabalho de parto se eu tiver infecção confirmada ou suspeita?,"Durante o trabalho de parto, é importante que haja uma monitorização rigorosa das condições do seu bebê.","Durante o trabalho de parto de gestantes com infecção confirmada ou suspeita, recomenda-se **monitorização rigorosa das condições fetais**.",Fase Aguda,"#TrabalhoDeParto, #Infecção",Nota Técnica nº 28SESSUBPAS-SRAS-DATE-CMI2023.md,83,1,100.0
chikungunya_qa_0779,Paciente,Posso amamentar meu bebê se eu tiver chikungunya?,"Sim, a recomendação é pela manutenção do aleitamento materno, pois não há evidência científica que mostre a transmissão do vírus pelo leite materno.",Não há evidência científica que demonstre a transmissão do CHIKV pelo leite materno. A recomendação é pela manutenção do aleitamento materno.,Fase Aguda,"#AleitamentoMaterno, #Chikungunya",Nota Técnica nº 28SESSUBPAS-SRAS-DATE-CMI2023.md,83,1,100.0
chikungunya_qa_0780,Médica,Qual é a conduta recomendada para gestantes com infecção suspeita durante o trabalho de parto?,Recomenda-se monitorização rigorosa das condições fetais durante o trabalho de parto.,"Durante o trabalho de parto de gestantes com infecção confirmada ou suspeita, recomenda-se **monitorização rigorosa das condições fetais**.",Fase Aguda,"#TrabalhoDeParto, #Monitorização",Nota Técnica nº 28SESSUBPAS-SRAS-DATE-CMI2023.md,83,1,100.0
chikungunya_qa_0781,Médica,Qual a evidência sobre a transmissão do CHIKV pelo leite materno?,"Não há evidência científica que demonstre a transmissão do CHIKV pelo leite materno, sendo recomendada a manutenção do aleitamento.",Não há evidência científica que demonstre a transmissão do CHIKV pelo leite materno. A recomendação é pela **manutenção do aleitamento materno**.,Fase Aguda,"#Transmissão, #AleitamentoMaterno",Nota Técnica nº 28SESSUBPAS-SRAS-DATE-CMI2023.md,83,1,100.0
chikungunya_qa_0782,Médica,Qual é a recomendação para a via de parto em gestantes com infecção confirmada ou suspeita?,"A via de parto é de indicação obstétrica, sendo que a cesariana não altera o risco da transmissão vertical.","A **via de parto é de indicação obstétrica**, pois a cesariana não altera o risco da transmissão vertical.",Fase Aguda,"#Tratamento, #Condutas",Nota Técnica nº 28SESSUBPAS-SRAS-DATE-CMI2023.md,83,2,100.0
chikungunya_qa_0783,Médica,O que o texto diz sobre a transmissão do CHIKV pelo leite materno?,Não há evidência científica que demonstre a transmissão do CHIKV pelo leite materno.,Não há evidência científica que demonstre a transmissão do CHIKV pelo leite materno.,Fase Aguda,"#Transmissão, #Chikungunya",Nota Técnica nº 28SESSUBPAS-SRAS-DATE-CMI2023.md,83,3,100.0
chikungunya_qa_0784,Paciente,O que devo fazer durante o trabalho de parto se eu tiver infecção confirmada ou suspeita?,"Durante o trabalho de parto, é importante que haja uma monitorização rigorosa das condições do meu bebê.","Durante o trabalho de parto de gestantes com infecção confirmada ou suspeita, recomenda-se **monitorização rigorosa das condições fetais**.",Fase Aguda,"#CuidadosDuranteParto, #MonitorizaçãoFetal",Nota Técnica nº 28SESSUBPAS-SRAS-DATE-CMI2023.md,83,4,100.0
chikungunya_qa_0785,Médica,Que evidência existe sobre a transmissão do CHIKV pelo leite materno?,"Não há evidência científica que demonstre a transmissão do CHIKV pelo leite materno, recomendando-se a manutenção do aleitamento.",Não há evidência científica que demonstre a transmissão do CHIKV pelo leite materno. A recomendação é pela **manutenção do aleitamento materno**.,Fase Aguda,"#Transmissão, #AleitamentoMaterno",Nota Técnica nº 28SESSUBPAS-SRAS-DATE-CMI2023.md,83,5,100.0
chikungunya_qa_0786,Paciente,Qual é o tratamento indicado para gestantes com arboviroses?,"O tratamento da gestante é o mesmo indicado para os adultos, mas é importante não usar remédios para dor e inflamação, a menos que seja realmente necessário e dentro de um período específico.","O tratamento da gestante é o mesmo indicado para os adultos, mas respeitando a restrição do uso de anti-inflamatórios não esteroides (AINE) na gestação.",Fase Aguda,"#Tratamento, #Gestante",Nota Técnica nº 28SESSUBPAS-SRAS-DATE-CMI2023.md,84,1,95.0
chikungunya_qa_0787,Paciente,Quando é permitido usar anti-inflamatórios durante a gestação?,"Os anti-inflamatórios só podem ser usados na gestação em casos excepcionais, e apenas entre 16 e 30 semanas de gravidez, por no máximo 3 dias.","AINEs só podem ser utilizados na gestação em casos excepcionais, apenas em idade gestacional entre 16 e 30 semanas, por períodos não superiores a 3 (três) dias.",Fase Aguda,"#Tratamento, #Gestante",Nota Técnica nº 28SESSUBPAS-SRAS-DATE-CMI2023.md,84,1,100.0
chikungunya_qa_0788,Médica,Qual a orientação para o uso de anti-inflamatórios não esteroides em gestantes com arboviroses?,"O uso de AINEs em gestantes deve ser restrito a casos excepcionais, com autorização apenas entre 16 e 30 semanas de gestação e por períodos que não ultrapassem 3 dias.","AINEs só podem ser utilizados na gestação em casos excepcionais, apenas em idade gestacional entre 16 e 30 semanas, por períodos não superiores a 3 (três) dias.",Fase Aguda,"#Tratamento, #Gestante",Nota Técnica nº 28SESSUBPAS-SRAS-DATE-CMI2023.md,84,1,100.0
chikungunya_qa_0789,Médica,O que se sabe sobre o tratamento específico para arboviroses?,"Até o momento atual, não existe tratamento específico para as arboviroses.","Até o momento atual, não existe tratamento específico para as arboviroses.",Fase Aguda,"#Tratamento, #Arboviroses",Nota Técnica nº 28SESSUBPAS-SRAS-DATE-CMI2023.md,84,1,100.0
chikungunya_qa_0790,Paciente,Quando posso usar anti-inflamatórios durante a gestação?,"AINEs só podem ser utilizados na gestação em casos excepcionais, apenas entre 16 e 30 semanas, por períodos não superiores a 3 dias.","AINEs só podem ser utilizados na gestação em casos excepcionais, apenas em idade gestacional entre 16 e 30 semanas, por períodos não superiores a 3 (três) dias.",Fase Aguda,"#Tratamento, #Gestantes",Nota Técnica nº 28SESSUBPAS-SRAS-DATE-CMI2023.md,84,2,100.0
chikungunya_qa_0791,Médica,Quais são as diretrizes para o uso de anti-inflamatórios não esteroides em gestantes?,"A utilização de AINEs em gestantes deve ser restrita a casos excepcionais, entre 16 e 30 semanas de gestação, e por períodos não superiores a 3 dias.","AINEs só podem ser utilizados na gestação em casos excepcionais, apenas em idade gestacional entre 16 e 30 semanas, por períodos não superiores a 3 (três) dias.",Fase Aguda,"#Tratamento, #Gestantes",Nota Técnica nº 28SESSUBPAS-SRAS-DATE-CMI2023.md,84,2,100.0
chikungunya_qa_0792,Médica,Qual é a situação atual do tratamento para arboviroses?,"Até o momento atual, não existe tratamento específico para as arboviroses.","Até o momento atual, não existe tratamento específico para as arboviroses.",Fase Aguda,"#Tratamento, #Epidemiologia",Nota Técnica nº 28SESSUBPAS-SRAS-DATE-CMI2023.md,84,2,100.0
chikungunya_qa_0793,Paciente,Posso tomar remédios para dor nas articulações durante a gravidez?,"O uso de remédios para dor nas articulações, conhecidos como anti-inflamatórios não esteroides, só é permitido em casos excepcionais durante a gravidez, entre 16 e 30 semanas, e por no máximo 3 dias.","AINEs só podem ser utilizados na gestação em casos excepcionais, apenas em idade gestacional entre 16 e 30 semanas, por períodos não superiores a 3 (três) dias.",Fase Aguda,"#Tratamento, #Gestação",Nota Técnica nº 28SESSUBPAS-SRAS-DATE-CMI2023.md,84,3,100.0
chikungunya_qa_0794,Paciente,Qual é o tratamento para arboviroses durante a gravidez?,"Atualmente, não existe um tratamento específico para as arboviroses. O tratamento para gestantes é o mesmo que é indicado para adultos, mas é importante observar que o uso de anti-inflamatórios não esteroides (AINE) é restrito durante a gestação. Os AINEs só podem ser utilizados em casos excepcionais, e apenas entre 16 e 30 semanas de gestação, por períodos que não devem ultrapassar 3 (três) dias.","Até o momento atual, não existe tratamento específico para as arboviroses. O tratamento da gestante é o mesmo indicado para os adultos.",Fase Aguda,"#Tratamento, #Gestação",Nota Técnica nº 28SESSUBPAS-SRAS-DATE-CMI2023.md,84,3,100
chikungunya_qa_0795,Médica,Qual a restrição para o uso de AINEs em gestantes com arboviroses?,"Os anti-inflamatórios não esteroides podem ser utilizados na gestação apenas em casos excepcionais, entre 16 e 30 semanas, e por no máximo 3 dias.","AINEs só podem ser utilizados na gestação em casos excepcionais, apenas em idade gestacional entre 16 e 30 semanas, por períodos não superiores a 3 (três) dias.",Fase Aguda,"#Tratamento, #Gestação",Nota Técnica nº 28SESSUBPAS-SRAS-DATE-CMI2023.md,84,4,100.0
chikungunya_qa_0796,Cuidador,Quanto tempo o recém-nascido assintomático deve permanecer internado?,O recém-nascido assintomático deve permanecer em internação hospitalar conjunta com a mãe por pelo menos 7 dias.,O RN assintomático deve permanecer em internação hospitalar conjunta com a mãe por pelo menos **7 dias**.,Fase Aguda,"#Internação, #Cuidados",Nota Técnica nº 28SESSUBPAS-SRAS-DATE-CMI2023.md,85,1,100.0
chikungunya_qa_0797,Cuidador,O que deve ser feito se o recém-nascido apresentar algum sintoma?,"Se o recém-nascido apresentar algum sintoma, ele deve ser transferido para a UTI neonatal.","Na vigência de algum sintoma, deve ser transferido para UTI neonatal.",Fase Aguda,"#Sintomas, #Cuidados",Nota Técnica nº 28SESSUBPAS-SRAS-DATE-CMI2023.md,85,1,100.0
chikungunya_qa_0798,Médica,Qual é a recomendação de internação para o recém-nascido assintomático?,O recém-nascido assintomático deve ser internado juntamente com a mãe por um período mínimo de 7 dias.,O RN assintomático deve permanecer em internação hospitalar conjunta com a mãe por pelo menos **7 dias**.,Fase Aguda,"#Internação, #Critérios",Nota Técnica nº 28SESSUBPAS-SRAS-DATE-CMI2023.md,85,1,100.0
chikungunya_qa_0799,Médica,Qual a conduta a ser tomada caso o recém-nascido apresente sintomas?,"Caso o recém-nascido apresente sintomas, a conduta é transferi-lo para a UTI neonatal.","Na vigência de algum sintoma, deve ser transferido para UTI neonatal.",Fase Aguda,"#Conduta, #Sintomas",Nota Técnica nº 28SESSUBPAS-SRAS-DATE-CMI2023.md,85,1,100.0
chikungunya_qa_0800,Cuidador,O que devo fazer se o recém-nascido apresentar algum sintoma?,"Se o recém-nascido apresentar algum sintoma, ele deve ser transferido para UTI neonatal.","Na vigência de algum sintoma, deve ser transferido para UTI neonatal.",Fase Aguda,"#Sintomas, #Cuidados",Nota Técnica nº 28SESSUBPAS-SRAS-DATE-CMI2023.md,85,2,100.0
chikungunya_qa_0801,Cuidador,Qual é a orientação para a internação do recém-nascido que não apresenta sintomas?,O recém-nascido assintomático deve permanecer internado no hospital junto com a mãe por pelo menos 7 dias.,O RN assintomático deve permanecer em internação hospitalar conjunta com a mãe por pelo menos **7 dias**.,Fase Aguda,"#Internação, #Cuidados",Nota Técnica nº 28SESSUBPAS-SRAS-DATE-CMI2023.md,85,3,100.0
chikungunya_qa_0802,Cuidador,O que devo fazer se notar que meu bebê apresenta sintomas?,"Caso seu bebê apresente algum sintoma, ele deve ser imediatamente transferido para a UTI neonatal.","Na vigência de algum sintoma, deve ser transferido para UTI neonatal.",Fase Aguda,"#Sintomas, #UTI",Nota Técnica nº 28SESSUBPAS-SRAS-DATE-CMI2023.md,85,3,100.0
chikungunya_qa_0803,Médica,Qual é a orientação para a internação de recém-nascidos assintomáticos?,Recém-nascidos assintomáticos devem permanecer em internação hospitalar conjunta com a mãe por um mínimo de 7 dias.,O RN assintomático deve permanecer em internação hospitalar conjunta com a mãe por pelo menos **7 dias**.,Fase Aguda,"#Internação, #Recém-nascido",Nota Técnica nº 28SESSUBPAS-SRAS-DATE-CMI2023.md,85,3,100.0
chikungunya_qa_0804,Médica,Qual deve ser a conduta em caso de sintomas em recém-nascidos?,"Em caso de sintomas, o recém-nascido deve ser transferido para UTI neonatal.","Na vigência de algum sintoma, deve ser transferido para UTI neonatal.",Fase Aguda,"#Sintomas, #Conduta",Nota Técnica nº 28SESSUBPAS-SRAS-DATE-CMI2023.md,85,3,100.0
chikungunya_qa_0805,Paciente,O que pode acontecer com meu bebê se eu tiver essa doença?,"Se você tiver a doença, seu bebê pode enfrentar riscos como abortamento, natimorto ou neomorto.","| **Mortalidade Perinatal** | Abortamento, Natimorto, Neomorto |",Fase Aguda,"#Risco, #Mortalidade",Nota Técnica nº 28SESSUBPAS-SRAS-DATE-CMI2023.md,86,1,100.0
chikungunya_qa_0806,Médica,Quais são as manifestações neurológicas associadas a essa condição?,"As manifestações neurológicas incluem hipoatividade, irritabilidade, sucção débil, encefalopatia/encefalite, meningoencefalite, convulsões e hemorragia intracraniana.","| **Neurológicas** | Hipoatividade, Irritabilidade, Sucção débil, Encefalopatia/encefalite, Meningoencefalite, Convulsões, Hemorragia intracraniana |",Fase Aguda,"#Neurologia, #Manifestações",Nota Técnica nº 28SESSUBPAS-SRAS-DATE-CMI2023.md,86,1,100.0
chikungunya_qa_0807,Médica,Quais são as manifestações hematológicas que podem ocorrer?,As manifestações hematológicas incluem trombocitopenia e coagulação intravascular disseminada.,"| **Hematológicas** | Trombocitopenia, Coagulação intravascular disseminada |",Fase Aguda,"#Hematologia, #Manifestações",Nota Técnica nº 28SESSUBPAS-SRAS-DATE-CMI2023.md,86,1,100.0
chikungunya_qa_0808,Paciente,O que significa ter alterações na pele?,"Alterações na pele podem incluir manchas, bolhas e descamação, que são sinais de como a doença pode afetar o seu corpo.","| **Dermatológicas** | Erupção maculopapular, Hiperpigmentação, Dermatose bolhosa, Descamação de pele |",Fase Aguda,"#Sintomas, #Dermatológicas",Nota Técnica nº 28SESSUBPAS-SRAS-DATE-CMI2023.md,86,2,90.0
chikungunya_qa_0809,Médica,Quais são as manifestações neurológicas desta condição?,"As manifestações neurológicas incluem hipoatividade, irritabilidade, sucção débil, encefalopatia/encefalite, meningoencefalite, convulsões e hemorragia intracraniana.","| **Neurológicas** | Hipoatividade, Irritabilidade, Sucção débil, Encefalopatia/encefalite, Meningoencefalite, Convulsões, Hemorragia intracraniana |",Fase Aguda,"#Neurologia, #Manifestações",Nota Técnica nº 28SESSUBPAS-SRAS-DATE-CMI2023.md,86,2,100.0
chikungunya_qa_0810,Médica,Quais manifestações neurológicas são relevantes para essa condição?,"As manifestações neurológicas incluem hipoatividade, irritabilidade, sucção débil, encefalopatia/encefalite, meningoencefalite, convulsões e hemorragia intracraniana.","| **Neurológicas** | Hipoatividade, Irritabilidade, Sucção débil, Encefalopatia/encefalite, Meningoencefalite, Convulsões, Hemorragia intracraniana |",Fase Aguda,"#Manifestações, #Neurologia",Nota Técnica nº 28SESSUBPAS-SRAS-DATE-CMI2023.md,86,3,100.0
chikungunya_qa_0811,Médica,Quais são as manifestações respiratórias observadas?,As manifestações respiratórias incluem apneia e insuficiência respiratória.,"| **Respiratórias** | Apneia, Insuficiência respiratória |",Fase Aguda,"#Manifestações, #Respiração",Nota Técnica nº 28SESSUBPAS-SRAS-DATE-CMI2023.md,86,3,100.0
chikungunya_qa_0812,Paciente,Quais exames são necessários para diagnosticar a chikungunya?,"Os exames necessários incluem hemograma, coagulograma, AST, ALT, PCR, gasometria arterial, RT-PCR para CHIKV e sorologia IgM e IgG para CHIKV.","- Hemograma, coagulograma (AP, PTTA, RNI), AST, ALT, PCR (proteína C reativa), gasometria arterial
- RT-PCR para CHIKV (soro, sangue de cordão, fragmento de placenta)
- Sorologia IgM e IgG para CHIKV (IgM a partir do D6 do início dos sintomas; IgG a partir do D21)",Fase Aguda,"#Diagnóstico, #Exames",Nota Técnica nº 28SESSUBPAS-SRAS-DATE-CMI2023.md,87,1,90.0
chikungunya_qa_0813,Paciente,Quando posso fazer o exame de sorologia para chikungunya?,"A sorologia IgM pode ser feita a partir do sexto dia do início dos sintomas, e a IgG pode ser feita a partir do vigésimo primeiro dia.",- Sorologia IgM e IgG para CHIKV (IgM a partir do D6 do início dos sintomas; IgG a partir do D21),Fase Aguda,"#Diagnóstico, #Sintomas",Nota Técnica nº 28SESSUBPAS-SRAS-DATE-CMI2023.md,87,1,100.0
chikungunya_qa_0814,Médica,Quais são os exames laboratoriais recomendados para o diagnóstico de chikungunya?,"Os exames recomendados incluem hemograma, coagulograma (AP, PTTA, RNI), AST, ALT, PCR, gasometria arterial, RT-PCR para CHIKV e sorologia IgM e IgG para CHIKV, com IgM a partir do D6 do início dos sintomas e IgG a partir do D21.","- Hemograma, coagulograma (AP, PTTA, RNI), AST, ALT, PCR (proteína C reativa), gasometria arterial
- RT-PCR para CHIKV (soro, sangue de cordão, fragmento de placenta)
- Sorologia IgM e IgG para CHIKV (IgM a partir do D6 do início dos sintomas; IgG a partir do D21)",Fase Aguda,"#Diagnóstico, #Exames",Nota Técnica nº 28SESSUBPAS-SRAS-DATE-CMI2023.md,87,1,100.0
chikungunya_qa_0815,Médica,Quais infecções congênitas devem ser investigadas em recém-nascidos com suspeita de chikungunya?,"Devem ser investigadas infecções congênitas como STORCH, dengue e ZIKV.","- Exames específicos de outras infecções congênitas (STORCH, dengue e ZIKV)",Fase Aguda,"#Diagnóstico, #Infecções",Nota Técnica nº 28SESSUBPAS-SRAS-DATE-CMI2023.md,87,1,100.0
chikungunya_qa_0816,Médica,Qual é o momento adequado para realizar a sorologia IgM e IgG para chikungunya?,"A sorologia IgM deve ser realizada a partir do 6º dia do início dos sintomas, enquanto a IgG pode ser feita a partir do 21º dia.",- Sorologia IgM e IgG para CHIKV (IgM a partir do D6 do início dos sintomas; IgG a partir do D21),Fase Aguda,"#Diagnóstico, #Exames",Nota Técnica nº 28SESSUBPAS-SRAS-DATE-CMI2023.md,87,3,100.0
chikungunya_qa_0817,Médica,Qual é a abordagem para a realização de exames de sorologia em pacientes com chikungunya?,"A abordagem deve incluir a realização da sorologia IgM a partir do D6 do início dos sintomas e a IgG a partir do D21, conforme a evolução clínica do paciente.",- Sorologia IgM e IgG para CHIKV (IgM a partir do D6 do início dos sintomas; IgG a partir do D21),Fase Aguda,"#Tratamento, #Diagnóstico",Nota Técnica nº 28SESSUBPAS-SRAS-DATE-CMI2023.md,87,4,100.0
chikungunya_qa_0818,Médica,Qual é o cronograma para a realização de sorologia IgM e IgG para chikungunya?,"A sorologia IgM deve ser realizada a partir do sexto dia do início dos sintomas, enquanto a sorologia IgG deve ser feita a partir do vigésimo primeiro dia.",- Sorologia IgM e IgG para CHIKV (IgM a partir do D6 do início dos sintomas; IgG a partir do D21),Fase Aguda,"#Sorologia, #Chikungunya",Nota Técnica nº 28SESSUBPAS-SRAS-DATE-CMI2023.md,87,5,100.0
chikungunya_qa_0819,Paciente,O que acontece com meu bebê após a alta do hospital?,"Após a alta hospitalar, se o seu bebê apresentar um exame positivo, ele deverá ser encaminhado para acompanhamento do desenvolvimento neuropsicomotor nas consultas de puericultura da atenção primária. É fundamental que esse acompanhamento ocorra para garantir que o seu bebê esteja se desenvolvendo adequadamente. Caso seja observado algum atraso no desenvolvimento, o bebê poderá ser encaminhado à Rede de Cuidados à Pessoa com Deficiência (RCPD). Em Minas Gerais, a RCPD oferece serviços especializados, incluindo os Serviços Especializados de Reabilitação em Deficiência Intelectual (SERDI) e os Centros Especializados em Reabilitação (CER), que possuem modalidade de reabilitação intelectual. Além disso, existe o Programa Estadual de Intervenção Precoce Avançado (PIPA), que oferece acompanhamento para bebês de 0 a 24 meses de vida. Portanto, é essencial seguir essas orientações para garantir o melhor desenvolvimento do seu filho.","Após alta hospitalar, o RN sintomático ou assintomático que possuir exame positivo deverá ser encaminhado para acompanhamento do desenvolvimento neuropsicomotor nas consultas de puericultura da atenção primária.",Fase Crônica/Subaguda,"#Acompanhamento, #Desenvolvimento",Nota Técnica nº 28SESSUBPAS-SRAS-DATE-CMI2023.md,88,1,98.75
chikungunya_qa_0820,Paciente,O que fazer se notar que meu bebê está demorando para se desenvolver?,"Se você perceber que seu bebê está apresentando atraso no desenvolvimento, ele pode ser encaminhado para a Rede de Cuidados à Pessoa com Deficiência para receber o apoio necessário.","Caso observado algum atraso no desenvolvimento, poderá ser encaminhado à Rede de Cuidados à Pessoa com Deficiência (RCPD).",Fase Aguda,"#AtrasoNoDesenvolvimento, #Cuidados",Nota Técnica nº 28SESSUBPAS-SRAS-DATE-CMI2023.md,88,1,95.0
chikungunya_qa_0821,Cuidador,Quais serviços estão disponíveis para o meu bebê se ele precisar de apoio no desenvolvimento?,"Em Minas Gerais, se o seu bebê precisar de apoio no desenvolvimento, existem alguns serviços disponíveis. Você pode contar com a Rede de Cuidados à Pessoa com Deficiência, que oferece ajuda especializada. Isso inclui serviços que ajudam bebês com dificuldades de aprendizado e centros que oferecem reabilitação. Além disso, há o Programa Estadual de Intervenção Precoce Avançado, que acompanha bebês de 0 a 24 meses para garantir que eles se desenvolvam bem.",Minas Gerais possui na RCPD: - Serviços Especializados de Reabilitação em Deficiência Intelectual (SERDI) - Centros Especializados em Reabilitação (CER) com modalidade de reabilitação intelectual - Programa Estadual de Intervenção Precoce Avançado (PIPA) – acompanhamento de 0 a 24 meses de vida,Fase Crônica/Subaguda,"#ServiçosDeReabilitação, #Apoio",Nota Técnica nº 28SESSUBPAS-SRAS-DATE-CMI2023.md,88,1,91.25
chikungunya_qa_0822,Cuidador,Quando devo procurar a Rede de Cuidados à Pessoa com Deficiência para meu bebê?,"Você deve procurar a Rede de Cuidados à Pessoa com Deficiência se notar que seu bebê está apresentando algum atraso no desenvolvimento, pois ele pode precisar de acompanhamento especializado.","Caso observado algum atraso no desenvolvimento, poderá ser encaminhado à Rede de Cuidados à Pessoa com Deficiência (RCPD).",Fase Aguda,"#AtrasoNoDesenvolvimento, #Apoio",Nota Técnica nº 28SESSUBPAS-SRAS-DATE-CMI2023.md,88,1,95.0
chikungunya_qa_0823,Médica,Quais são os critérios para encaminhamento de recém-nascidos para acompanhamento após alta hospitalar?,Recém-nascidos sintomáticos ou assintomáticos que apresentarem exame positivo devem ser encaminhados para acompanhamento do desenvolvimento neuropsicomotor nas consultas de puericultura da atenção primária.,"Após alta hospitalar, o RN sintomático ou assintomático que possuir exame positivo deverá ser encaminhado para acompanhamento do desenvolvimento neuropsicomotor nas consultas de puericultura da atenção primária.",Fase Aguda,"#Encaminhamento, #DesenvolvimentoNeuropsicomotor",Nota Técnica nº 28SESSUBPAS-SRAS-DATE-CMI2023.md,88,1,100.0
chikungunya_qa_0824,Médica,Quais serviços estão disponíveis na Rede de Cuidados à Pessoa com Deficiência em Minas Gerais?,"A Rede de Cuidados à Pessoa com Deficiência em Minas Gerais inclui: Serviços Especializados de Reabilitação em Deficiência Intelectual (SERDI), Centros Especializados em Reabilitação (CER) com modalidade de reabilitação intelectual e o Programa Estadual de Intervenção Precoce Avançado (PIPA), que oferece acompanhamento de 0 a 24 meses de vida.",Minas Gerais possui na RCPD: - Serviços Especializados de Reabilitação em Deficiência Intelectual (SERDI) - Centros Especializados em Reabilitação (CER) com modalidade de reabilitação intelectual - Programa Estadual de Intervenção Precoce Avançado (PIPA) – acompanhamento de 0 a 24 meses de vida,Fase Crônica/Subaguda,"#ServiçosDeReabilitação, #Apoio",Nota Técnica nº 28SESSUBPAS-SRAS-DATE-CMI2023.md,88,1,100.0
chikungunya_qa_0825,Médica,Quais são as recomendações para a transferência de gestantes com suspeita de chikungunya?,"O médico regulador plantonista deve solicitar a transferência para uma unidade hospitalar que tenha maternidade, UTIN e UTI adulto ou que seja habilitada para GAR (Gestação de Alto Risco).","Para situações nas quais a gestante esteja em trabalho de parto ou com indicação de interrupção da gestação devido aos casos suspeitos ou confirmados de CHIKV, o médico regulador plantonista deve solicitar a transferência para uma unidade hospitalar com maternidade, UTIN e UTI adulto ou com habilitação para GAR (Gestação de Alto Risco).",Fase Aguda,"#Gestação, #Chikungunya",Nota Técnica nº 28SESSUBPAS-SRAS-DATE-CMI2023.md,89,1,95.0
chikungunya_qa_0826,Cuidador,O que devo fazer se meu bebê morrer e estiver sendo investigado por chikungunya?,"Se o seu bebê morrer e estiver sendo investigado por chikungunya, você precisa avisar a Coordenação Estadual de Vigilância das Arboviroses. Você pode fazer isso enviando um e-mail para dengue@saude.mg.gov.br.","em caso de óbito em investigação por chikungunya, deve ser informada a Coordenação Estadual de Vigilância das Arboviroses (CEVARB) pelo e-mail dengue@saude.mg.gov.br.",Fase Aguda,"#Cuidados, #Notificação",Nota Técnica nº 28SESSUBPAS-SRAS-DATE-CMI2023.md,90,1,98.75
chikungunya_qa_0827,Médica,Quais são as orientações em caso de óbito em investigação por chikungunya?,Deve-se informar a Coordenação Estadual de Vigilância das Arboviroses pelo e-mail dengue@saude.mg.gov.br.,"em caso de óbito em investigação por chikungunya, deve ser informada a Coordenação Estadual de Vigilância das Arboviroses (CEVARB) pelo e-mail dengue@saude.mg.gov.br.",Fase Aguda,"#Protocolo, #Notificação",Nota Técnica nº 28SESSUBPAS-SRAS-DATE-CMI2023.md,90,1,100.0
chikungunya_qa_0828,Cuidador,O que devo fazer se meu bebê precisar ser encaminhado para a UTI Neonatal?,"Caso seu bebê apresente sintomas, você deve garantir que ele seja encaminhado para a UTI Neonatal em uma unidade GAR de referência para cuidados adequados.",ele deverá ser encaminhado à **UTI Neonatal** em unidade GAR de referência.,Fase Aguda,"#Tratamento, #Cuidados",Nota Técnica nº 28SESSUBPAS-SRAS-DATE-CMI2023.md,90,2,100.0
chikungunya_qa_0829,Cuidador,Quando devo informar sobre o óbito do meu bebê se ele estiver sendo investigado por chikungunya?,"Se o seu bebê falecer e estiver sendo investigado por chikungunya, você deve avisar a Coordenação Estadual de Vigilância das Arboviroses (CEVARB) pelo e-mail dengue@saude.mg.gov.br.","em caso de óbito em investigação por chikungunya, deve ser informada a Coordenação Estadual de Vigilância das Arboviroses (CEVARB) pelo e-mail dengue@saude.mg.gov.br.",N/A (Geral),"#Óbito, #Notificação",Nota Técnica nº 28SESSUBPAS-SRAS-DATE-CMI2023.md,90,2,100
chikungunya_qa_0830,Médica,Qual é o procedimento a ser seguido em caso de óbito em investigação por chikungunya?,O procedimento é informar a Coordenação Estadual de Vigilância das Arboviroses (CEVARB) pelo e-mail dengue@saude.mg.gov.br.,"em caso de óbito em investigação por chikungunya, deve ser informada a Coordenação Estadual de Vigilância das Arboviroses (CEVARB) pelo e-mail dengue@saude.mg.gov.br.",N/A (Geral),"#Óbito, #Notificação",Nota Técnica nº 28SESSUBPAS-SRAS-DATE-CMI2023.md,90,2,100.0
chikungunya_qa_0831,Médica,Qual é a conduta em caso de óbito em investigação por chikungunya?,A conduta é informar a Coordenação Estadual de Vigilância das Arboviroses pelo e-mail dengue@saude.mg.gov.br.,"Em caso de óbito em investigação por chikungunya, deve ser informada a Coordenação Estadual de Vigilância das Arboviroses (CEVARB) pelo e-mail dengue@saude.mg.gov.br.",Fase Aguda,"#Óbito, #Chikungunya",Nota Técnica nº 28SESSUBPAS-SRAS-DATE-CMI2023.md,90,3,100.0
chikungunya_qa_0832,Médica,Quais são os objetivos da investigação em casos de chikungunya?,"Os objetivos incluem: identificar precocemente o RN suspeito, confirmar o diagnóstico, identificar a fonte e modo de transmissão, identificar grupos/territórios com maior risco da doença, identificar fatores determinantes, determinar as principais características epidemiológicas e desencadear ações de prevenção e controle.","Identificar, precocemente, o RN suspeito para tratar as complicações; Confirmar o diagnóstico; Identificar a fonte e modo de transmissão; Identificar grupos/territórios com maior risco da doença; Identificar fatores determinantes; Determinar as principais características epidemiológicas; Desencadear ações de prevenção e controle",Fase Aguda,"#Epidemiologia, #Diagnóstico, #Prevenção",Nota Técnica nº 28SESSUBPAS-SRAS-DATE-CMI2023.md,91,1,100.0
chikungunya_qa_0833,Médica,Quais são os critérios de notificação para casos de chikungunya?,"Os casos são de **notificação compulsória SEMANAL** e devem ser comunicados em, no máximo, **24 horas** se houver óbito ou se ocorrer em áreas sem transmissão.","Os casos são de **notificação compulsória SEMANAL**. Casos de ocorrência em áreas sem transmissão ou se houver óbito devem ser comunicados em, no máximo, **24 horas**",N/A (Geral),"#Notificação, #Critérios",Nota Técnica nº 28SESSUBPAS-SRAS-DATE-CMI2023.md,91,2,100.0
chikungunya_qa_0834,Médica,Quais as características que devem ser determinadas na investigação de chikungunya?,"Devem ser determinadas as principais características epidemiológicas da doença, incluindo fatores determinantes e grupos/territórios com maior risco da doença.",Determinar as principais características epidemiológicas... identificar grupos/territórios com maior risco da doença,Fase Aguda,"#Epidemiologia, #Investigação",Nota Técnica nº 28SESSUBPAS-SRAS-DATE-CMI2023.md,91,3,100.0
chikungunya_qa_0835,Médica,Qual é a importância de determinar os fatores determinantes na investigação de chikungunya?,Determinar os fatores determinantes é crucial para entender a epidemiologia da doença e desenvolver estratégias de prevenção e controle eficazes.,- Identificar fatores determinantes,N/A (Geral),"#Epidemiologia, #Prevenção",Nota Técnica nº 28SESSUBPAS-SRAS-DATE-CMI2023.md,91,4,100.0
chikungunya_qa_0836,Cuidador,O que é um erro de imunização e como ele pode acontecer?,"Um erro de imunização é um evento evitável e não intencional que ocorre devido ao uso inadequado de uma vacina ou imunobiológico, o que pode comprometer a eficácia e segurança da vacina.",O erro de imunização é um evento **evitável e não intencional** causado por uso inadequado de uma vacina e/ou imunobiológico que possa comprometer a sua eficácia e segurança.,N/A (Geral),"#ErrosDeImunização, #Vacinas",Nota Técnica nº 642025-CGFAMDPNISVSAMS.md,93,1,100.0
chikungunya_qa_0837,Médica,Quais vacinas estão envolvidas na Nota Técnica sobre erros de imunização?,"A Nota Técnica menciona especificamente a vacina chikungunya, que é recombinante e atenuada.",orientações para a notificação e o manejo de erros de imunização envolvendo a **vacina chikungunya (recombinante e atenuada)**.,N/A (Geral),"#Vacinas, #Chikungunya",Nota Técnica nº 642025-CGFAMDPNISVSAMS.md,93,1,100.0
chikungunya_qa_0838,Médica,Qual é o contexto em que os erros de imunização devem ser notificados?,"Os erros de imunização devem ser notificados no âmbito do Sistema Nacional de Vigilância Epidemiológica, durante a estratégia piloto de vacinação em municípios prioritários.","no âmbito do Sistema Nacional de Vigilância Epidemiológica (SNVE) dos Eventos Supostamente Atribuíveis à Vacinação ou Imunização (ESAVI), durante a **estratégia piloto de vacinação em municípios prioritários**.",N/A (Geral),"#VigilânciaEpidemiológica, #EstratégiaDeVacinação",Nota Técnica nº 642025-CGFAMDPNISVSAMS.md,93,1,100.0
chikungunya_qa_0839,Médica,Quais vacinas estão sendo abordadas nas orientações sobre erros de imunização?,"As orientações sobre erros de imunização abordam especificamente a vacina chikungunya, que é recombinante e atenuada.",Esta Nota Técnica estabelece orientações para a notificação e o manejo de erros de imunização envolvendo a **vacina chikungunya (recombinante e atenuada)**.,N/A (Geral),"#Vacinas, #ErroDeImunização",Nota Técnica nº 642025-CGFAMDPNISVSAMS.md,93,2,100.0
chikungunya_qa_0840,Médica,Qual é o contexto para a notificação de erros de imunização?,Os erros de imunização devem ser notificados no âmbito do Sistema Nacional de Vigilância Epidemiológica (SNVE) dos Eventos Supostamente Atribuíveis à Vacinação ou Imunização (ESAVI).,no âmbito do Sistema Nacional de Vigilância Epidemiológica (SNVE) dos Eventos Supostamente Atribuíveis à Vacinação ou Imunização (ESAVI),N/A (Geral),"#ErroDeImunização, #VigilânciaEpidemiológica",Nota Técnica nº 642025-CGFAMDPNISVSAMS.md,93,2,95.0
chikungunya_qa_0841,Cuidador,O que é um erro de imunização?,Um erro de imunização é um evento evitável e não intencional causado por uso inadequado de uma vacina e/ou imunobiológico que pode comprometer a eficácia e segurança da vacinação.,O erro de imunização é um evento **evitável e não intencional** causado por uso inadequado de uma vacina e/ou imunobiológico que possa comprometer a sua eficácia e segurança.,N/A (Geral),"#ErroImunização, #Vacinas",Nota Técnica nº 642025-CGFAMDPNISVSAMS.md,93,3,100.0
chikungunya_qa_0842,Médica,Qual é a vacina específica mencionada para erros de imunização na Nota Técnica?,"A vacina específica mencionada é a vacina chikungunya, que é recombinante e atenuada.",Esta Nota Técnica estabelece orientações para a notificação e o manejo de erros de imunização envolvendo a **vacina chikungunya (recombinante e atenuada)**.,N/A (Geral),"#Vacinas, #Chikungunya",Nota Técnica nº 642025-CGFAMDPNISVSAMS.md,93,4,100.0
chikungunya_qa_0843,Médica,Qual é a definição de erro de imunização segundo a Nota Técnica?,Erro de imunização é um evento evitável e não intencional causado por uso inadequado de uma vacina e/ou imunobiológico que possa comprometer a sua eficácia e segurança.,O erro de imunização é um evento **evitável e não intencional** causado por uso inadequado de uma vacina e/ou imunobiológico que possa comprometer a sua eficácia e segurança.,N/A (Geral),"#ErroDeImunização, #Definições",Nota Técnica nº 642025-CGFAMDPNISVSAMS.md,93,4,100.0
chikungunya_qa_0844,Paciente,O que eu devo fazer se sentir algo estranho após a vacina?,Você deve comunicar qualquer ocorrência médica indesejável nos próximos 30 dias.,Orientar a comunicar qualquer ocorrência médica indesejável nos próximos **30 dias**,N/A (Geral),"#Orientações, #Vacinação",Nota Técnica nº 642025-CGFAMDPNISVSAMS.md,98,1,100.0
chikungunya_qa_0845,Cuidador,Quais ações devo tomar se houver um erro na vacinação?,"Dependendo da natureza do erro, pode ser necessário revisar os procedimentos, monitorar o paciente, administrar doses adicionais ou encaminhar para atendimento de urgência.","Dependendo da natureza do erro, podem ser necessárias: revisão dos procedimentos, monitoramento do paciente, administração de doses adicionais ou encaminhamento para atendimento de urgência",N/A (Geral),"#Ações, #Erro de Vacinação",Nota Técnica nº 642025-CGFAMDPNISVSAMS.md,98,1,95.0
chikungunya_qa_0846,Cuidador,O que fazer se meu familiar apresentar sintomas após a vacinação?,É essencial comunicar qualquer ocorrência médica indesejável nos próximos 30 dias e buscar orientação médica se necessário.,Orientar a comunicar qualquer ocorrência médica indesejável nos próximos **30 dias**,N/A (Geral),"#Sintomas, #Orientações",Nota Técnica nº 642025-CGFAMDPNISVSAMS.md,98,1,95.0
chikungunya_qa_0847,Cuidador,O que devo fazer se houver um erro na vacinação do meu familiar?,"Realize o acolhimento do vacinado, esclarecendo sobre o erro e, se necessário, faça a revisão dos procedimentos e o monitoramento do paciente.","Realizar o **acolhimento** da pessoa vacinada, com esclarecimento sobre o erro. Dependendo da natureza do erro, podem ser necessárias: revisão dos procedimentos, monitoramento do paciente.",N/A (Geral),"#ErroImunização, #Acolhimento",Nota Técnica nº 642025-CGFAMDPNISVSAMS.md,98,2,95.0
chikungunya_qa_0848,Paciente,O que acontece com as gestantes que foram expostas e não podem tomar a vacina?,"As gestantes expostas devem ser acompanhadas até o final da gravidez, e a criança deve ser acompanhada até os 6 meses de vida.",Acompanhamento até o desfecho da gestação; criança acompanhada até os 6 meses de vida (conforme Nota Técnica nº 62/2025),N/A (Geral),"#Gestantes, #Acompanhamento",Nota Técnica nº 642025-CGFAMDPNISVSAMS.md,99,1,100.0
chikungunya_qa_0849,Paciente,Quando posso retomar a amamentação após a vacinação se eu sou lactante?,"Se você é lactante, deve retomar a amamentação apenas no 15º dia após a aplicação da vacina.",Retomar amamentação apenas no **15º dia** após a aplicação,N/A (Geral),"#Lactantes, #Amamentação",Nota Técnica nº 642025-CGFAMDPNISVSAMS.md,99,1,95.0
chikungunya_qa_0850,Cuidador,Qual é o acompanhamento necessário para uma gestante exposta que não pode tomar a vacina?,"A gestante exposta deve ser acompanhada até o desfecho da gestação, e a criança deve ser acompanhada até os 6 meses de vida.",Acompanhamento até o desfecho da gestação; criança acompanhada até os 6 meses de vida (conforme Nota Técnica nº 62/2025),N/A (Geral),"#Gestantes, #Acompanhamento",Nota Técnica nº 642025-CGFAMDPNISVSAMS.md,99,1,100.0
chikungunya_qa_0851,Cuidador,O que devo fazer após a vacinação se sou lactante?,"Se você é lactante, deve esperar 15 dias após a vacinação para voltar a amamentar. Além disso, é importante acompanhar o seu bebê durante 30 dias após a vacinação.",Retomar amamentação apenas no **15º dia** após a aplicação; bebês acompanhados até 30 dias após vacinação,N/A (Geral),"#Lactantes, #Amamentação",Nota Técnica nº 642025-CGFAMDPNISVSAMS.md,99,1,100
chikungunya_qa_0852,Médica,Quais são as orientações para o acompanhamento de gestantes expostas à vacina?,"As gestantes expostas devem ser acompanhadas até o desfecho da gestação, conforme a Nota Técnica nº 62/2025, e as crianças devem ser acompanhadas até os 6 meses de vida.",Acompanhamento até o desfecho da gestação; criança acompanhada até os 6 meses de vida (conforme Nota Técnica nº 62/2025),N/A (Geral),"#Gestantes, #Acompanhamento",Nota Técnica nº 642025-CGFAMDPNISVSAMS.md,99,1,100.0
chikungunya_qa_0853,Médica,Qual é o prazo para a retomada da amamentação após a vacinação em lactantes?,"A amamentação deve ser retomada no 15º dia após a aplicação da vacina, e o acompanhamento do bebê deve ser feito até 30 dias após a vacinação.",Retomar amamentação apenas no **15º dia** após a aplicação; bebês acompanhados até 30 dias após vacinação,N/A (Geral),"#Lactantes, #Amamentação",Nota Técnica nº 642025-CGFAMDPNISVSAMS.md,99,1,100.0
chikungunya_qa_0854,Paciente,O que acontece com a criança de uma gestante exposta que não pode tomar a vacina?,"A criança de uma gestante exposta que não pode tomar a vacina deve ser acompanhada até o desfecho da gestação. Após o nascimento, a criança deve ser acompanhada até os 6 meses de vida, conforme a Nota Técnica nº 62/2025.",Acompanhamento até o desfecho da gestação; criança acompanhada até os 6 meses de vida (conforme Nota Técnica nº 62/2025),N/A (Geral),"#Acompanhamento, #Gestantes",Nota Técnica nº 642025-CGFAMDPNISVSAMS.md,99,2,100
chikungunya_qa_0855,Cuidador,Como deve ser o acompanhamento da criança de uma gestante exposta à vacina?,"O acompanhamento da criança de uma gestante exposta à vacina deve ser realizado até o desfecho da gestação e, após o nascimento, a criança deve ser acompanhada até os 6 meses de vida, conforme indicado na Nota Técnica nº 62/2025.",criança acompanhada até os 6 meses de vida (conforme Nota Técnica nº 62/2025),N/A (Geral),"#Acompanhamento, #Gestantes",Nota Técnica nº 642025-CGFAMDPNISVSAMS.md,99,2,100
chikungunya_qa_0856,Cuidador,O que devo fazer após a vacinação se meu familiar é lactante?,Seu familiar deve retomar a amamentação apenas no 15º dia após a aplicação da vacina e a criança deve ser acompanhada até 30 dias após a vacinação.,Retomar amamentação apenas no **15º dia** após a aplicação; bebês acompanhados até 30 dias após vacinação,N/A (Geral),"#Amamentação, #Lactantes",Nota Técnica nº 642025-CGFAMDPNISVSAMS.md,99,2,100.0
chikungunya_qa_0857,Paciente,O que acontece se eu sou uma gestante exposta e não posso tomar a vacina?,"Você deve ser acompanhada até o final da gestação, e a criança deve ser acompanhada até os 6 meses de vida.",Acompanhamento até o desfecho da gestação; criança acompanhada até os 6 meses de vida (conforme Nota Técnica nº 62/2025),N/A (Geral),"#Gestantes, #Acompanhamento",Nota Técnica nº 642025-CGFAMDPNISVSAMS.md,99,3,100.0
chikungunya_qa_0858,Paciente,Quando posso retomar a amamentação após a vacinação?,Você pode retomar a amamentação apenas no 15º dia após a aplicação da vacina.,Retomar amamentação apenas no **15º dia** após a aplicação,N/A (Geral),"#Lactantes, #Amamentação",Nota Técnica nº 642025-CGFAMDPNISVSAMS.md,99,3,95.0
chikungunya_qa_0859,Cuidador,O que devo fazer se sou um cuidador de uma lactante que tomou a vacina?,"A lactante deve retomar a amamentação apenas no 15º dia após a aplicação da vacina, e você deve acompanhar o bebê até 30 dias após a vacinação.",Retomar amamentação apenas no **15º dia** após a aplicação; bebês acompanhados até 30 dias após vacinação,N/A (Geral),"#Lactantes, #Acompanhamento",Nota Técnica nº 642025-CGFAMDPNISVSAMS.md,99,3,100.0
chikungunya_qa_0860,Médica,Qual é o acompanhamento recomendado para gestantes expostas à vacina?,"O acompanhamento deve ser feito até o desfecho da gestação, com a criança sendo acompanhada até os 6 meses de vida, conforme Nota Técnica nº 62/2025.",Acompanhamento até o desfecho da gestação; criança acompanhada até os 6 meses de vida (conforme Nota Técnica nº 62/2025),N/A (Geral),"#Gestantes, #Acompanhamento",Nota Técnica nº 642025-CGFAMDPNISVSAMS.md,99,3,100.0
chikungunya_qa_0861,Médica,Quais são as orientações para lactantes expostas à vacina?,"As lactantes devem retomar a amamentação apenas no 15º dia após a aplicação da vacina, e os bebês devem ser acompanhados até 30 dias após a vacinação.",Retomar amamentação apenas no **15º dia** após a aplicação; bebês acompanhados até 30 dias após vacinação,N/A (Geral),"#Lactantes, #Orientações",Nota Técnica nº 642025-CGFAMDPNISVSAMS.md,99,3,100.0
chikungunya_qa_0862,Médica,Qual é a conduta recomendada para gestantes expostas que não podem tomar a vacina?,"O acompanhamento deve ser realizado até o desfecho da gestação, e a criança deve ser acompanhada até os 6 meses de vida.",Acompanhamento até o desfecho da gestação; criança acompanhada até os 6 meses de vida (conforme Nota Técnica nº 62/2025),N/A (Geral),"#Gestantes, #Conduta",Nota Técnica nº 642025-CGFAMDPNISVSAMS.md,99,4,100.0
chikungunya_qa_0863,Cuidador,O que devo fazer se a vacina chikungunya foi administrada no lugar de outro imunobiológico?,"Administre o imunobiológico originalmente indicado; deve haver um intervalo mínimo de 28 dias se for um vírus atenuado, ou 14 dias se for outra plataforma.","| **Vacina chikungunya administrada no lugar de outro imunobiológico** | Administrar o imunobiológico originalmente indicado; intervalo mínimo de **28 dias** se vírus atenuado, ou **14 dias** se outra plataforma |",N/A (Geral),"#Vacinação, #Cuidados",Nota Técnica nº 642025-CGFAMDPNISVSAMS.md,100,1,100.0
chikungunya_qa_0864,Cuidador,O que fazer se a vacina chikungunya foi administrada no lugar de outra vacina?,"Administre a vacina chikungunya; deve haver um intervalo mínimo de 28 dias se a vacina anterior for atenuada, ou 14 dias se for de outra plataforma.","| **Outra vacina administrada no lugar da vacina chikungunya** | Administrar a vacina chikungunya; intervalo mínimo de **28 dias** se vacina prévia atenuada, ou **14 dias** se outra plataforma |",N/A (Geral),"#Vacinação, #Cuidados",Nota Técnica nº 642025-CGFAMDPNISVSAMS.md,100,1,100.0
chikungunya_qa_0865,Cuidador,Como proceder se houver uma formulação inadequada da vacina?,"Se a formulação for apenas diluente, realize a dose correta imediatamente. Se for outro diluente, administre nova dose com o diluente correto, respeitando 28 dias entre as doses.",| **Formulação inadequada (apenas diluente)** | Realizar dose correta **imediatamente** |,N/A (Geral),"#Vacinação, #Cuidados",Nota Técnica nº 642025-CGFAMDPNISVSAMS.md,100,1,100.0
chikungunya_qa_0866,Médica,Qual é a conduta recomendada para a administração de uma nova dose após uma superdosagem?,Registrar as doses; considerar a superdosagem como uma dose válida.,| **Superdosagem (segunda dose)** | Registrar as doses; considerar **dose válida** |,Fase Aguda,"#Vacinação, #Conduta",Nota Técnica nº 642025-CGFAMDPNISVSAMS.md,100,1,100.0
chikungunya_qa_0867,Médica,O que fazer em caso de hipersensibilidade a componentes da vacina?,Fornecer assistência imediata e considerar a dose como válida.,| **Hipersensibilidade a componentes** | Fornecer assistência imediata; considerar dose válida |,N/A (Geral),"#Vacinação, #Conduta",Nota Técnica nº 642025-CGFAMDPNISVSAMS.md,100,1,100.0
chikungunya_qa_0868,Médica,Qual é a avaliação necessária para vacinas administradas a pessoas com idade inadequada?,"Para pessoas com idade inadequada abaixo de 18 anos, deve-se avaliar caso a caso. Se considerada inválida, administrar nova dose em idade adequada com 28 dias de intervalo. Para pessoas com idade acima de 59 anos, considerar a dose como válida, embora os dados sejam limitados e não haja contraindicação formal.","| **Idade inadequada (< 18 anos)** | Avaliar caso a caso. Se considerada inválida, administrar nova dose em idade adequada com **28 dias** de intervalo |",N/A (Geral),"#Vacinação, #Critérios",Nota Técnica nº 642025-CGFAMDPNISVSAMS.md,100,1,100.0
chikungunya_qa_0869,Cuidador,O que devo fazer se uma formulação inadequada da vacina foi administrada?,"Se apenas o diluente foi utilizado, é necessário realizar a dose correta imediatamente. Se outro diluente foi usado, deve-se administrar uma nova dose com o diluente correto, respeitando um intervalo de 28 dias entre as doses.","Formulação inadequada (apenas diluente) | Realizar dose correta **imediatamente**; Formulação inadequada (outro diluente) | Administrar nova dose com o diluente correto, respeitando **28 dias** entre as doses",N/A (Geral),"#Vacinação, #Cuidados",Nota Técnica nº 642025-CGFAMDPNISVSAMS.md,100,2,100.0
chikungunya_qa_0870,Cuidador,O que fazer se a vacina foi administrada por uma via incorreta?,"Considerar a dose inválida e administrar uma nova dose por via intramuscular, respeitando 28 dias entre as doses.","Via incorreta (SC, ID, EV, VO) | Considerar dose inválida. Administrar nova dose por via IM, respeitando **28 dias** entre as doses",N/A (Geral),"#Vacinação, #Cuidados",Nota Técnica nº 642025-CGFAMDPNISVSAMS.md,100,2,100.0
chikungunya_qa_0871,Médica,Como deve ser abordada a vacinação em imunocomprometidos?,É necessário avaliar com um clínico a necessidade de uma nova dose após a resolução da imunossupressão.,Vacinação em imunocomprometido | Avaliar com clínico a necessidade de nova dose após resolução da imunossupressão,N/A (Geral),"#Vacinação, #Condutas",Nota Técnica nº 642025-CGFAMDPNISVSAMS.md,100,2,100.0
chikungunya_qa_0872,Médica,Qual é a consideração para vacinas administradas a pessoas com idade inadequada acima de 59 anos?,"Para pessoas acima de 59 anos, a dose deve ser considerada válida, embora os dados sejam limitados e não haja contraindicação formal.","Idade inadequada (> 59 anos) | Considerar **dose válida** (dados limitados, mas sem contraindicação formal)",N/A (Geral),"#Vacinação, #Condutas",Nota Técnica nº 642025-CGFAMDPNISVSAMS.md,100,2,100.0
chikungunya_qa_0873,Médica,Qual é a conduta recomendada para a vacinação em imunocomprometidos?,Avalie com um clínico a necessidade de nova dose após a resolução da imunossupressão.,| **Vacinação em imunocomprometido** | Avaliar com clínico a necessidade de nova dose após resolução da imunossupressão |,N/A (Geral),"#Vacinação, #Imunologia",Nota Técnica nº 642025-CGFAMDPNISVSAMS.md,100,3,100.0
chikungunya_qa_0874,Médica,Como deve ser tratada a superdosagem da vacina?,Registre as doses administradas e considere a segunda dose como válida.,| **Superdosagem (segunda dose)** | Registrar as doses; considerar **dose válida** |,N/A (Geral),"#Vacinação, #Tratamento",Nota Técnica nº 642025-CGFAMDPNISVSAMS.md,100,3,100.0
chikungunya_qa_0875,Paciente,O que acontece se eu tomar a vacina chikungunya por engano no lugar de outra vacina?,"Se a vacina chikungunya foi administrada no lugar de outro imunobiológico, é necessário administrar o imunobiológico que deveria ter sido indicado, respeitando um intervalo mínimo de 28 dias se for um vírus atenuado, ou 14 dias se for outra plataforma.","Vacina chikungunya administrada no lugar de outro imunobiológico | Administrar o imunobiológico originalmente indicado; intervalo mínimo de 28 dias se vírus atenuado, ou 14 dias se outra plataforma",N/A (Geral),"#Tratamento, #Vacinação",Nota Técnica nº 642025-CGFAMDPNISVSAMS.md,100,4,100.0
chikungunya_qa_0876,Cuidador,"Como devo agir se a vacina foi administrada de forma inadequada, usando apenas diluente?","Se houve uma formulação inadequada usando apenas diluente, é necessário realizar a dose correta imediatamente.",Formulação inadequada (apenas diluente) | Realizar dose correta imediatamente,N/A (Geral),"#Tratamento, #Vacinação",Nota Técnica nº 642025-CGFAMDPNISVSAMS.md,100,4,100.0
chikungunya_qa_0877,Médica,O que deve ser considerado se a vacina administrada foi vencida?,"Se a vacina foi vencida, considere a dose inválida e administre uma nova dose com um intervalo de 28 dias.",Vacina vencida | Considerar dose inválida. Administrar nova dose com 28 dias de intervalo,N/A (Geral),"#Tratamento, #Vacinação",Nota Técnica nº 642025-CGFAMDPNISVSAMS.md,100,4,100.0
chikungunya_qa_0878,Cuidador,Qual é a conduta recomendada se a vacina administrada for vencida?,Considere a dose inválida e administre uma nova dose com um intervalo de 28 dias.,Vacina vencida | Considerar dose inválida. Administrar nova dose com 28 dias de intervalo,N/A (Geral),"#Vacinação, #CuidadosPráticos",Nota Técnica nº 642025-CGFAMDPNISVSAMS.md,100,5,100.0
chikungunya_qa_0879,Cuidador,O que fazer se a pessoa vacinada tiver hipersensibilidade a componentes da vacina?,Forneça assistência imediata e considere a dose válida.,Hipersensibilidade a componentes | Fornecer assistência imediata; considerar dose válida,N/A (Geral),"#Vacinação, #CuidadosPráticos",Nota Técnica nº 642025-CGFAMDPNISVSAMS.md,100,5,100.0
chikungunya_qa_0880,Médica,Quais são as considerações para vacinas administradas a pessoas com idade inadequada abaixo de 18 anos?,"Avaliar caso a caso e, se considerada inválida, administrar nova dose em idade adequada com um intervalo de 28 dias.","Idade inadequada (< 18 anos) | Avaliar caso a caso. Se considerada inválida, administrar nova dose em idade adequada com 28 dias de intervalo",N/A (Geral),"#Vacinação, #IdadeInadequada",Nota Técnica nº 642025-CGFAMDPNISVSAMS.md,100,5,100.0
chikungunya_qa_0881,Médica,O que deve ser considerado se o intervalo entre vacinas atenuadas for muito curto?,Considerar a dose da chikungunya inválida e revacinar com um intervalo de 28 dias.,Intervalo muito curto entre vacinas atenuadas (< 28 dias) | Considerar dose da chikungunya inválida; revacinar com 28 dias de intervalo,N/A (Geral),"#Vacinação, #IntervaloEntreDoses",Nota Técnica nº 642025-CGFAMDPNISVSAMS.md,100,5,100.0
chikungunya_qa_0882,Cuidador,O que devo fazer para garantir que a vacina está sendo administrada corretamente?,"Envolva o usuário ou responsável na confirmação da vacina, perguntando se tudo está certo antes da administração. Realize uma dupla checagem da idade e estado gestacional.","Envolver o usuário/responsável na confirmação (ex.: ""Estamos administrando hoje a vacina contra a chikungunya, lote X, dose 0,5mL, via IM, tudo certo?""). Realizar **dupla checagem** da idade e estado gestacional.",N/A (Geral),"#Cuidados, #Vacinação",Nota Técnica nº 642025-CGFAMDPNISVSAMS.md,105,1,95.0
chikungunya_qa_0883,Médica,Qual é a dose recomendada para a vacina contra a chikungunya?,"A dose recomendada para a vacina contra a chikungunya é de 0,5mL, administrada pela via intramuscular (IM).","dose 0,5mL, via IM",N/A (Geral),"#Vacinação, #Chikungunya",Nota Técnica nº 642025-CGFAMDPNISVSAMS.md,105,1,100.0
chikungunya_qa_0884,Médica,Quais são os passos para a administração da vacina que devem ser seguidos?,"Os passos incluem revisar o esquema vacinal antes da administração, atentar para a via indicada, envolver o usuário na confirmação e realizar uma dupla checagem da idade e estado gestacional.",Revisar esquema vacinal antes da administração. Atentar para via indicada: **intramuscular (IM)**. Envolver o usuário/responsável na confirmação. Realizar **dupla checagem** da idade e estado gestacional.,N/A (Geral),"#Administração, #Vacinação",Nota Técnica nº 642025-CGFAMDPNISVSAMS.md,105,1,100.0
chikungunya_qa_0885,Médica,Qual é a via de administração correta para a vacina contra a chikungunya?,A via de administração indicada para a vacina contra a chikungunya é intramuscular (IM).,Atentar para via indicada: **intramuscular (IM)**,N/A (Geral),"#Vacinação, #Chikungunya",Nota Técnica nº 642025-CGFAMDPNISVSAMS.md,105,2,100.0
chikungunya_qa_0886,Médica,Quais são os passos recomendados para a administração da vacina?,"Os passos incluem revisar o esquema vacinal, atentar para a via indicada (IM), envolver o usuário na confirmação e realizar dupla checagem da idade e estado gestacional.",Revisar esquema vacinal antes da administração; Atentar para via indicada: **intramuscular (IM)**; Envolver o usuário/responsável na confirmação; Realizar **dupla checagem** da idade e estado gestacional,N/A (Geral),"#Vacinação, #Chikungunya",Nota Técnica nº 642025-CGFAMDPNISVSAMS.md,105,3,95.0
chikungunya_qa_0887,Cuidador,O que fazer se a vacina administrada foi apenas diluente?,Revacinar de imediato a pessoa que recebeu apenas o diluente.,Apenas diluente: revacinar de imediato,N/A (Geral),"#Vacinação, #Cuidados",Nota Técnica nº 642025-CGFAMDPNISVSAMS.md,110,1,100.0
chikungunya_qa_0888,Cuidador,Quanto tempo devo esperar para administrar a vacina chikungunya após outra vacina inativada?,Devo aguardar 14 dias para administrar a vacina chikungunya após uma vacina inativada.,aguardar 14 dias (vacina inativada) ou 28 dias (vacina viva atenuada) para administrar a chikungunya,N/A (Geral),"#Vacinação, #Cuidados",Nota Técnica nº 642025-CGFAMDPNISVSAMS.md,110,1,100.0
chikungunya_qa_0889,Cuidador,E se a vacina que foi administrada for uma vacina viva atenuada?,"Neste caso, é necessário aguardar 28 dias antes de administrar a vacina chikungunya.",aguardar 14 dias (vacina inativada) ou 28 dias (vacina viva atenuada) para administrar a chikungunya,N/A (Geral),"#Vacinação, #Cuidados",Nota Técnica nº 642025-CGFAMDPNISVSAMS.md,110,1,100.0
chikungunya_qa_0890,Médica,Qual é a conduta recomendada se uma vacina apenas diluente for administrada?,A conduta deve ser revacinar de imediato.,Apenas diluente: revacinar de imediato,N/A (Geral),"#Vacinação, #Conduta",Nota Técnica nº 642025-CGFAMDPNISVSAMS.md,110,1,100.0
chikungunya_qa_0891,Médica,Qual o intervalo necessário entre a administração de uma vacina inativada e a vacina chikungunya?,É necessário aguardar 14 dias para administrar a vacina chikungunya após a vacina inativada.,aguardar 14 dias (vacina inativada) ou 28 dias (vacina viva atenuada) para administrar a chikungunya,N/A (Geral),"#Vacinação, #Critérios",Nota Técnica nº 642025-CGFAMDPNISVSAMS.md,110,1,100.0
chikungunya_qa_0892,Médica,Qual é o intervalo recomendado para administração da vacina chikungunya após vacinas anteriores?,"O intervalo recomendado para a administração da vacina chikungunya após vacinas anteriores varia conforme o tipo de vacina recebida. Se o paciente recebeu apenas um diluente, a revacinação pode ser feita de imediato. No entanto, se outra vacina foi administrada, o intervalo deve ser de 14 dias para vacinas inativadas e de 28 dias para vacinas vivas atenuadas. É importante seguir essas orientações para garantir a eficácia da vacina contra a chikungunya.",aguardar 14 dias (vacina inativada) ou 28 dias (vacina viva atenuada) para administrar a chikungunya,N/A (Geral),"#Vacinação, #Chikungunya",Nota Técnica nº 642025-CGFAMDPNISVSAMS.md,110,2,100
chikungunya_qa_0893,Cuidador,Qual é a orientação se a vacina administrada foi uma vacina viva atenuada?,"Se foi uma vacina viva atenuada, você deve aguardar 28 dias antes de administrar a vacina contra a chikungunya.",aguardar 28 dias (vacina viva atenuada) para administrar a chikungunya,N/A (Geral),"#Cuidados, #Vacinação",Nota Técnica nº 642025-CGFAMDPNISVSAMS.md,110,2,100.0
chikungunya_qa_0894,Cuidador,O que devo fazer se a vacina administrada for vencida?,A conduta recomendada é a revacinação com intervalo de 28 dias.,"Vacina vencida
**Conduta:** Revacinação com intervalo de **28 dias**",N/A (Geral),"#Vacinação, #Conduta",Nota Técnica nº 642025-CGFAMDPNISVSAMS.md,111,1,100.0
chikungunya_qa_0895,Cuidador,Qual é a conduta se a dose da vacina administrada for subterapêutica?,A conduta é realizar a revacinação com intervalo de 28 dias.,"Dose subterapêutica (≤ 0,25 mL)
**Conduta:** Revacinação com intervalo de **28 dias**",N/A (Geral),"#Vacinação, #Conduta",Nota Técnica nº 642025-CGFAMDPNISVSAMS.md,111,1,100.0
chikungunya_qa_0896,Cuidador,O que fazer se o intervalo entre vacinas atenuadas for inferior a 28 dias?,A conduta é realizar a revacinação com intervalo de 28 dias.,"Intervalo muito curto para vacina atenuada (< 28 dias)
**Conduta:** Revacinação com intervalo de **28 dias**",N/A (Geral),"#Vacinação, #Conduta",Nota Técnica nº 642025-CGFAMDPNISVSAMS.md,111,1,100.0
chikungunya_qa_0897,Médica,Qual é a conduta recomendada em caso de formulação inadequada da vacina?,A conduta é a revacinação com intervalo de 28 dias.,"Formulação inadequada (outro diluente)
**Conduta:** Revacinação com intervalo de **28 dias**",N/A (Geral),"#Vacinação, #Conduta",Nota Técnica nº 642025-CGFAMDPNISVSAMS.md,111,1,100.0
chikungunya_qa_0898,Médica,Qual é a conduta recomendada em caso de dose subterapêutica?,A conduta recomendada em caso de dose subterapêutica é a revacinação com um intervalo de 28 dias.,"Dose subterapêutica (≤ 0,25 mL)
**Conduta:** Revacinação com intervalo de **28 dias**",N/A (Geral),"#Conduta, #Vacinação",Nota Técnica nº 642025-CGFAMDPNISVSAMS.md,111,2,100.0
chikungunya_qa_0899,Médica,Qual é a estratégia de vacinação contra a chikungunya?,"A estratégia piloto de vacinação contra a chikungunya incluirá aproximadamente 250 mil doses destinadas a adultos de 18 a 59 anos, em municípios selecionados com base em critérios epidemiológicos, logísticos e operacionais.","uma estratégia piloto de vacinação contra a chikungunya, com aproximadamente 250 mil doses, destinadas a adultos de 18 a 59 anos, em municípios selecionados com base em critérios epidemiológicos, logísticos e operacionais.",N/A (Geral),"#Vacinação, #Epidemiologia",Nota Técnica nº 92026-CGFAMDPNISVSAMS.md,114,1,95.0
chikungunya_qa_0900,Médica,Quais são as limitações dos estudos sobre a vacina contra a chikungunya?,"Os estudos foram conduzidos majoritariamente em países não endêmicos e em populações saudáveis, o que limita a detecção de eventos adversos raros e a avaliação da eficácia/efetividade em cenários de transmissão ativa.","os estudos foram conduzidos majoritariamente em países não endêmicos e em populações saudáveis, o que limita a detecção de eventos adversos raros e a avaliação da eficácia/efetividade em cenários de transmissão ativa.",N/A (Geral),"#Evidência, #Limitações",Nota Técnica nº 92026-CGFAMDPNISVSAMS.md,114,1,100.0
chikungunya_qa_0901,Médica,Quais são os critérios para a implementação da vacinação contra chikungunya?,"A vacinação será implementada em municípios selecionados com base em critérios epidemiológicos, logísticos e operacionais, com aproximadamente 250 mil doses destinadas a adultos de 18 a 59 anos.","destinadas a adultos de 18 a 59 anos, em municípios selecionados com base em critérios epidemiológicos, logísticos e operacionais.",N/A (Geral),"#Vacinação, #Critérios",Nota Técnica nº 92026-CGFAMDPNISVSAMS.md,114,2,95.0
chikungunya_qa_0902,Médica,Qual é o perfil de segurança da vacina contra chikungunya?,"A vacina aprovada demonstrou forte imunogenicidade e perfil de segurança favorável nos ensaios clínicos, embora os estudos tenham sido majoritariamente em países não endêmicos.",que demonstrou forte imunogenicidade e perfil de segurança favorável nos ensaios clínicos.,N/A (Geral),"#Vacinação, #Segurança",Nota Técnica nº 92026-CGFAMDPNISVSAMS.md,114,2,95.0
chikungunya_qa_0903,Paciente,O que é a febre chikungunya?,"A febre chikungunya é uma doença causada por um vírus transmitido por mosquitos do tipo Aedes, que causa febre e dor nas articulações, podendo ser bastante incômoda.","A febre chikungunya é uma arbovirose urbana, transmitida por mosquitos do gênero *Aedes*.",Fase Aguda,"#Sintomas, #Epidemiologia",Nota Técnica nº 92026-CGFAMDPNISVSAMS.md,114,3,95.0
chikungunya_qa_0904,Paciente,Quais são os problemas que a chikungunya pode causar?,"A chikungunya pode causar uma dor nas articulações que pode se tornar crônica e incapacitante, afetando a qualidade de vida.","devido à elevada carga de morbidade associada, especialmente pela cronificação da artralgia incapacitante.",Fase Crônica/Subaguda,"#Sintomas, #Impacto",Nota Técnica nº 92026-CGFAMDPNISVSAMS.md,114,3,95.0
chikungunya_qa_0905,Paciente,Quais problemas a chikungunya pode causar?,"A chikungunya pode causar uma dor nas articulações que pode se tornar incapacitante, o que é um problema sério para a saúde.",especialmente pela cronificação da artralgia incapacitante,Fase Aguda,"#Sintomas, #Tratamento",Nota Técnica nº 92026-CGFAMDPNISVSAMS.md,114,4,90.0
chikungunya_qa_0906,Paciente,Quais são os cuidados que devo ter antes de tomar a vacina?,"Você deve ter atenção se estiver com febre ou doença aguda moderada ou grave no dia da vacinação, pois é recomendado adiar a vacinação até que você melhore.",Febre ou doença aguda moderada/grave no dia da vacinação | Adiar vacinação até melhora clínica,N/A (Geral),"#Cuidados, #Vacinação",Nota Técnica nº 92026-CGFAMDPNISVSAMS.md,117,1,100.0
chikungunya_qa_0907,Paciente,Quem não pode tomar a vacina contra a chikungunya?,"Não podem tomar a vacina as gestantes, as lactantes, quem tem alergia a algum componente da vacina, quem está usando remédios que diminuem a defesa do corpo, quem tem problemas de defesa do corpo desde o nascimento, quem está fazendo tratamento de câncer, quem fez transplante, pessoas com HIV/aids que têm a defesa do corpo muito baixa, quem tem doenças autoimunes e está em tratamento, quem tem duas ou mais doenças crônicas, ou quem tem uma doença que não está controlada.","Gestantes; lactantes; alergia a componentes; uso atual de imunossupressores; imunodeficiência congênita; quimioterapia/radioterapia; transplante; HIV/aids com imunossupressão (CD4 <200); doenças autoimunes em tratamento imunossupressor; duas ou mais condições crônicas (hipertensão, diabetes, doença cardiovascular, pulmonar, renal, hepática, obesidade IMC≥30, câncer) ou uma condição mal controlada | Consultar médico em caso de dúvida",N/A (Geral),"#Contraindicações, #Vacinação",Nota Técnica nº 92026-CGFAMDPNISVSAMS.md,117,1,100
chikungunya_qa_0908,Médica,Qual é a faixa etária para a administração da vacina contra a chikungunya?,A vacina é indicada para pessoas com idade mínima de 18 anos e máxima de 59 anos. Não é indicada para menores de 18 anos e nem para maiores de 59 anos até o momento.,Idade mínima | 18 anos | Não indicada para menores de 18 anos até o momento; Idade máxima | 59 anos | Não indicada para maiores de 59 anos até o momento,N/A (Geral),"#Idade, #Vacinação",Nota Técnica nº 92026-CGFAMDPNISVSAMS.md,117,1,100.0
chikungunya_qa_0909,Paciente,"E se eu tiver menos de 18 anos, posso tomar a vacina?","Não, a vacina não é indicada para pessoas menores de 18 anos.",Idade mínima | 18 anos | Não indicada para menores de 18 anos até o momento,N/A (Geral),"#Vacinação, #Idade",Nota Técnica nº 92026-CGFAMDPNISVSAMS.md,117,2,100.0
chikungunya_qa_0910,Paciente,Qual é a idade mínima para eu tomar a vacina contra a chikungunya?,A idade mínima para tomar a vacina é de 18 anos. Não é indicada para pessoas menores de 18 anos.,Idade mínima | 18 anos | Não indicada para menores de 18 anos até o momento,N/A (Geral),"#Idade, #Vacinação",Nota Técnica nº 92026-CGFAMDPNISVSAMS.md,117,3,100.0
chikungunya_qa_0911,Paciente,"E se eu tiver mais de 59 anos, posso tomar a vacina?","Não, a vacina não é indicada para pessoas maiores de 59 anos até o momento.",Idade máxima | 59 anos | Não indicada para maiores de 59 anos até o momento,N/A (Geral),"#Idade, #Vacinação",Nota Técnica nº 92026-CGFAMDPNISVSAMS.md,117,3,100.0
chikungunya_qa_0912,Paciente,Quais são as condições que me impedem de tomar a vacina contra a chikungunya?,"Você não pode tomar a vacina se estiver grávida, amamentando, tiver alergia a componentes da vacina, estiver usando imunossupressores, tiver imunodeficiência congênita, estiver em tratamento de quimioterapia ou radioterapia, tiver feito transplante, tiver HIV/aids com imunossupressão (CD4 <200), tiver doenças autoimunes em tratamento imunossupressor, ou se tiver duas ou mais condições crônicas como hipertensão, diabetes, doenças cardíacas, pulmonares, renais, hepáticas, obesidade (IMC≥30) ou câncer, ou uma condição mal controlada.","Contraindicação | Gestantes; lactantes; alergia a componentes; uso atual de imunossupressores; imunodeficiência congênita; quimioterapia/radioterapia; transplante; HIV/aids com imunossupressão (CD4 <200); doenças autoimunes em tratamento imunossupressor; duas ou mais condições crônicas (hipertensão, diabetes, doença cardiovascular, pulmonar, renal, hepática, obesidade IMC≥30, câncer) ou uma condição mal controlada | Consultar médico em caso de dúvida",N/A (Geral),"#Contraindicação, #Vacinação",Nota Técnica nº 92026-CGFAMDPNISVSAMS.md,117,4,100.0
chikungunya_qa_0913,Paciente,O que devo fazer se eu tiver febre no dia da vacinação?,"Se você tiver febre ou uma doença aguda moderada ou grave no dia da vacinação, deve adiar a vacinação até que sua condição melhore.",Precauções | Febre ou doença aguda moderada/grave no dia da vacinação | Adiar vacinação até melhora clínica,N/A (Geral),"#Precauções, #Vacinação",Nota Técnica nº 92026-CGFAMDPNISVSAMS.md,117,4,100.0
chikungunya_qa_0914,Cuidador,Quando devo buscar ajuda médica antes da vacinação?,"Você deve consultar um médico se o paciente tiver alguma dúvida sobre a vacinação, especialmente se ele se enquadrar nas contraindicações listadas.",Contraindicação | Consultar médico em caso de dúvida,N/A (Geral),"#Contraindicação, #Orientação",Nota Técnica nº 92026-CGFAMDPNISVSAMS.md,117,4,95.0
chikungunya_qa_0915,Cuidador,Qual é o intervalo que devo respeitar entre vacinas?,"Se o paciente recebeu uma vacina inativada, deve esperar 14 dias antes de receber outra vacina. Se a vacina for atenuada, o intervalo deve ser de 28 dias. Isso é importante para evitar confusão na investigação de eventos adversos à vacinação.",Intervalo com outras vacinas | Inativada: 14 dias / Atenuada: 28 dias | Recomenda-se não coadministrar para evitar confundimento na investigação de ESAVI,N/A (Geral),"#IntervaloVacinas, #Vacinação",Nota Técnica nº 92026-CGFAMDPNISVSAMS.md,117,4,100.0
chikungunya_qa_0916,Médica,Quais são as idades mínimas e máximas para a vacinação?,"A vacinação é indicada apenas para indivíduos com idade mínima de 18 anos e máxima de 59 anos, não sendo recomendada para menores de 18 anos ou maiores de 59 anos até o momento.",Idade mínima | 18 anos | Não indicada para menores de 18 anos até o momento; Idade máxima | 59 anos | Não indicada para maiores de 59 anos até o momento,N/A (Geral),"#Idade, #Vacinação",Nota Técnica nº 92026-CGFAMDPNISVSAMS.md,117,4,100.0
chikungunya_qa_0917,Paciente,Qual é a dose da vacina contra a chikungunya?,"A dose da vacina é de 0,5 mL e deve ser aplicada por via intramuscular.","Dose única de 0,5 mL por via intramuscular",N/A (Geral),"#Tratamento, #Vacinação",Nota Técnica nº 92026-CGFAMDPNISVSAMS.md,117,5,95.0
chikungunya_qa_0918,Médica,Quais são as contraindicações para a vacinação contra a chikungunya?,"As contraindicações incluem gestantes, lactantes, alergia a componentes, uso atual de imunossupressores, imunodeficiência congênita, tratamento de quimioterapia/radioterapia, transplante, HIV/aids com imunossupressão (CD4 <200), doenças autoimunes em tratamento imunossupressor, duas ou mais condições crônicas ou uma condição mal controlada.","Gestantes; lactantes; alergia a componentes; uso atual de imunossupressores; imunodeficiência congênita; quimioterapia/radioterapia; transplante; HIV/aids com imunossupressão (CD4 <200); doenças autoimunes em tratamento imunossupressor; duas ou mais condições crônicas (hipertensão, diabetes, doença cardiovascular, pulmonar, renal, hepática, obesidade IMC≥30, câncer) ou uma condição mal controlada.",N/A (Geral),"#Contraindicação, #Vacinação",Nota Técnica nº 92026-CGFAMDPNISVSAMS.md,117,6,100.0
chikungunya_qa_0919,Cuidador,Qual é o procedimento correto para administrar a vacina?,"Após reconstituir a vacina, retire todo o conteúdo (0,5 mL) inclinando levemente o frasco, sem inverter. Troque a agulha para administração intramuscular e administre dentro de 2 horas após a reconstituição.","Retirar todo o conteúdo (0,5 mL) inclinando levemente o frasco – **não inverter**. Trocar a agulha para administração intramuscular. Administrar dentro de **2 horas após reconstituição**.",N/A (Geral),"#Administração, #Vacina",Nota Técnica nº 92026-CGFAMDPNISVSAMS.md,118,1,95.0
chikungunya_qa_0920,Cuidador,O que devo fazer se notar alguma alteração na vacina?,"Se notar alteração na coloração ou a presença de partículas estranhas na vacina, não a utilize e notifique o desvio de qualidade à Anvisa pelo Notivisa.",Não utilizar se houver alteração na coloração ou partículas estranhas. Desvio de qualidade deve ser notificado à Anvisa pelo **Notivisa**.,N/A (Geral),"#Segurança, #Vacina",Nota Técnica nº 92026-CGFAMDPNISVSAMS.md,118,1,100.0
chikungunya_qa_0921,Médica,Qual o prazo máximo para administração da vacina após a reconstituição?,A vacina deve ser administrada dentro de 2 horas após a reconstituição para garantir sua eficácia.,Administrar dentro de **2 horas após reconstituição**.,N/A (Geral),"#Administração, #Vacina",Nota Técnica nº 92026-CGFAMDPNISVSAMS.md,118,1,100.0
chikungunya_qa_0922,Médica,Qual o método correto de homogeneização da vacina?,"A vacina deve ser homogeneizada com movimentos circulares suaves, sendo proibido agitar ou inverter o frasco durante o processo.",Homogeneizar com movimentos circulares suaves – **não agitar e não inverter o frasco**.,N/A (Geral),"#Preparação, #Vacina",Nota Técnica nº 92026-CGFAMDPNISVSAMS.md,118,1,100.0
chikungunya_qa_0923,Médica,Qual é o procedimento correto para a reconstituição da vacina?,"A reconstituição deve ser feita com agulha calibre 21-25G, comprimento mínimo 40 mm. Homogeneizar com movimentos circulares suaves, não agitar e não inverter o frasco. Aguardar pelo menos 1 minuto após homogeneização e retirar todo o conteúdo (0,5 mL) inclinando levemente o frasco.","Reconstituição com agulha calibre 21-25G, comprimento mínimo 40 mm. Homogeneizar com movimentos circulares suaves – não agitar e não inverter o frasco. Aguardar pelo menos 1 minuto após homogeneização. Retirar todo o conteúdo (0,5 mL) inclinando levemente o frasco – não inverter.",N/A (Geral),"#Reconstituição, #Vacinação",Nota Técnica nº 92026-CGFAMDPNISVSAMS.md,118,2,95.0
chikungunya_qa_0924,Médica,Quais são as orientações para a manipulação da vacina após a reconstituição?,"As orientações para a manipulação da vacina após a reconstituição são as seguintes: a vacina é apresentada em um frasco-ampola com pó liofilizado e uma seringa pré-preenchida com diluente (água para injetáveis). Para a reconstituição, utilize uma agulha de calibre 21-25G e comprimento mínimo de 40 mm. É importante homogeneizar a solução com movimentos circulares suaves, evitando agitar ou inverter o frasco. Após a homogeneização, aguarde pelo menos 1 minuto antes de retirar todo o conteúdo (0,5 mL), inclinando levemente o frasco, sem inverter. Após retirar o conteúdo, troque a agulha para a administração intramuscular. A vacina reconstituída deve ser administrada dentro de 2 horas após a reconstituição. Atenção: a vacina reconstituída deve ser límpida, incolor a ligeiramente amarelada. Não utilize se houver alteração na coloração ou presença de partículas estranhas. Qualquer desvio de qualidade deve ser notificado à Anvisa pelo Notivisa.",Homogeneizar com movimentos circulares suaves – não agitar e não inverter o frasco. Aguardar pelo menos 1 minuto após homogeneização. Administrar dentro de 2 horas após reconstituição.,N/A (Geral),"#Manipulação, #Vacinação",Nota Técnica nº 92026-CGFAMDPNISVSAMS.md,118,2,100
chikungunya_qa_0925,Cuidador,Qual é o procedimento correto para preparar a vacina antes da administração?,"Para preparar a vacina, você deve reconstituí-la com agulha calibre 21-25G, homogeneizar com movimentos circulares suaves, aguardar pelo menos 1 minuto, retirar todo o conteúdo inclinando levemente o frasco e trocar a agulha para administração intramuscular.","Reconstituição com agulha calibre 21-25G, comprimento mínimo 40 mm; Homogeneizar com movimentos circulares suaves – não agitar e não inverter o frasco; Aguardar pelo menos 1 minuto após homogeneização; Retirar todo o conteúdo (0,5 mL) inclinando levemente o frasco – não inverter; Trocar a agulha para administração intramuscular.",N/A (Geral),"#Cuidados, #Vacinação",Nota Técnica nº 92026-CGFAMDPNISVSAMS.md,118,3,95.0
chikungunya_qa_0926,Cuidador,Dentro de quanto tempo eu preciso administrar a vacina após a reconstituição?,A vacina deve ser administrada dentro de 2 horas após a reconstituição.,Administrar dentro de 2 horas após reconstituição.,N/A (Geral),"#Cuidados, #Vacinação",Nota Técnica nº 92026-CGFAMDPNISVSAMS.md,118,3,100.0
chikungunya_qa_0927,Médica,Qual é o tipo de apresentação da vacina contra a chikungunya?,A apresentação da vacina é em frasco-ampola com pó liofilizado e seringa pré-preenchida com diluente (água para injetáveis).,Apresentação: frasco-ampola com pó liofilizado + seringa pré-preenchida com diluente (água para injetáveis),N/A (Geral),"#Tratamento, #Vacinação",Nota Técnica nº 92026-CGFAMDPNISVSAMS.md,118,3,100.0
chikungunya_qa_0928,Médica,Quais as instruções específicas para a homogeneização da vacina?,"A vacina deve ser homogeneizada com movimentos circulares suaves, não deve ser agitada e não deve ser invertido o frasco.",Homogeneizar com movimentos circulares suaves – não agitar e não inverter o frasco.,N/A (Geral),"#Tratamento, #Vacinação",Nota Técnica nº 92026-CGFAMDPNISVSAMS.md,118,3,95.0
chikungunya_qa_0929,Cuidador,Como devo preparar a vacina antes de aplicá-la?,"Primeiro, você deve reconstituir a vacina com uma agulha de calibre 21-25G, homogeneizar com movimentos circulares suaves, e aguardar pelo menos 1 minuto. Depois, retire todo o conteúdo inclinando levemente o frasco e troque a agulha para a administração intramuscular.","Reconstituição com agulha calibre 21-25G, comprimento mínimo 40 mm... Trocar a agulha para administração intramuscular.",N/A (Geral),"#Vacinação, #Preparação",Nota Técnica nº 92026-CGFAMDPNISVSAMS.md,118,4,95.0
chikungunya_qa_0930,Cuidador,Qual é o prazo para administrar a vacina após a reconstituição?,A vacina deve ser administrada dentro de 2 horas após a reconstituição.,Administrar dentro de 2 horas após reconstituição,N/A (Geral),"#Vacinação, #Administração",Nota Técnica nº 92026-CGFAMDPNISVSAMS.md,118,4,100.0
chikungunya_qa_0931,Paciente,Após quanto tempo de vacinação posso esperar que os anticorpos estejam presentes?,"Você pode esperar que 98,9% das pessoas desenvolvam anticorpos neutralizantes 28 dias após a vacinação.","98,9% desenvolveram anticorpos neutralizantes 28 dias após vacinação",N/A (Geral),"#Imunização, #Vacinação",Nota Técnica nº 92026-CGFAMDPNISVSAMS.md,119,1,100.0
chikungunya_qa_0932,Médica,Qual é a porcentagem de participantes que desenvolveu anticorpos após a vacinação?,"A porcentagem de participantes que desenvolveu anticorpos neutralizantes 28 dias após a vacinação foi de 98,9%.","98,9% desenvolveram anticorpos neutralizantes 28 dias após vacinação",N/A (Geral),"#Imunização, #DadosClínicos",Nota Técnica nº 92026-CGFAMDPNISVSAMS.md,119,1,100.0
chikungunya_qa_0933,Médica,Qual a duração da resposta imunológica após a vacinação?,A resposta imunológica robusta é mantida por até 6 meses após a vacinação.,Resposta imunológica robusta mantida por até 6 meses,N/A (Geral),"#Imunização, #DadosClínicos",Nota Técnica nº 92026-CGFAMDPNISVSAMS.md,119,1,100.0
chikungunya_qa_0934,Paciente,O que acontece com meu corpo após a vacinação?,"Após a vacinação, 98,9% das pessoas desenvolvem anticorpos neutralizantes em 28 dias, e essa resposta imunológica robusta pode ser mantida por até 6 meses.","98,9% desenvolveram anticorpos neutralizantes 28 dias após vacinação. Resposta imunológica robusta mantida por até 6 meses",N/A (Geral),"#RespostaImunológica, #Vacinação",Nota Técnica nº 92026-CGFAMDPNISVSAMS.md,119,2,100.0
chikungunya_qa_0935,Médica,Qual a porcentagem de participantes que desenvolveram anticorpos após a vacinação?,"A porcentagem de participantes que desenvolveram anticorpos neutralizantes após a vacinação foi de 98,9%.","98,9% desenvolveram anticorpos neutralizantes 28 dias após vacinação",N/A (Geral),"#DadosClínicos, #Vacinação",Nota Técnica nº 92026-CGFAMDPNISVSAMS.md,119,2,95.0
chikungunya_qa_0936,Médica,Qual é a incidência de eventos adversos graves relacionados à vacina?,"A incidência de eventos adversos graves relacionados à vacina foi de 0,06%, com apenas 2 casos relatados: um de mialgia intensa em paciente com fibromialgia e outro de síndrome de secreção inapropriada do hormônio antidiurético (SIADH).","Eventos adversos graves relacionados à vacina foram raros (n=2; 0,06%): um caso de mialgia intensa (paciente com fibromialgia) e um caso de síndrome de secreção inapropriada do hormônio antidiurético (SIADH)",N/A (Geral),"#EventosAdversos, #Vacinação",Nota Técnica nº 92026-CGFAMDPNISVSAMS.md,119,2,100.0
chikungunya_qa_0937,Paciente,Por quanto tempo a resposta imunológica se mantém após a vacinação?,A resposta imunológica robusta se mantém por até 6 meses após a vacinação.,Resposta imunológica robusta mantida por até 6 meses,N/A (Geral),"#Imunização, #Vacinação",Nota Técnica nº 92026-CGFAMDPNISVSAMS.md,119,3,100.0
chikungunya_qa_0938,Paciente,Qual é a porcentagem de pessoas que desenvolvem anticorpos após a vacinação?,"A porcentagem de pessoas que desenvolveram anticorpos após a vacinação é de 98,9%.","98,9% desenvolveram anticorpos neutralizantes 28 dias após vacinação",N/A (Geral),"#Eficácia, #Vacinação",Nota Técnica nº 92026-CGFAMDPNISVSAMS.md,119,4,100.0
chikungunya_qa_0939,Médica,Quais eventos adversos mais comuns foram observados?,"Os eventos adversos mais comuns incluem dor no local da injeção, febre leve, mialgia e fadiga, todos com intensidade leve a moderada e duração de até 5 dias.","Eventos adversos mais comuns: dor no local da injeção, febre leve, mialgia e fadiga (intensidade leve a moderada, duração até 5 dias)",Fase Aguda,"#EventosAdversos, #Vacinação",Nota Técnica nº 92026-CGFAMDPNISVSAMS.md,119,4,100.0
chikungunya_qa_0940,Paciente,É normal sentir dor no local da injeção após a vacina?,"Sim, é normal sentir dor no local da injeção após a vacinação, juntamente com outros sintomas como febre leve, dores no corpo e cansaço.","Eventos adversos mais comuns: dor no local da injeção, febre leve, mialgia e fadiga (intensidade leve a moderada, duração até 5 dias)",N/A (Geral),"#EfeitosColaterais, #Vacinação",Nota Técnica nº 92026-CGFAMDPNISVSAMS.md,119,5,100.0
chikungunya_qa_0941,Médica,Qual a porcentagem de participantes que manteve a resposta imunológica após 6 meses?,"O texto não fornece a porcentagem específica de participantes que manteve a resposta imunológica após 6 meses, apenas menciona que a resposta imunológica robusta foi mantida por até esse período.",Resposta imunológica robusta mantida por até 6 meses,Fase Crônica/Subaguda,"#RespostaImunológica, #DadosClínicos",Nota Técnica nº 92026-CGFAMDPNISVSAMS.md,119,6,100.0
chikungunya_qa_0942,Paciente,Quem está mais em risco de ter complicações pela chikungunya?,"As pessoas mais em risco de complicações pela chikungunya são os idosos, imunocomprometidos e aqueles que têm doenças de base.","Após o registro e utilização em países como Estados Unidos, União Europeia, Reino Unido e Canadá, foi identificado um padrão clínico compatível com manifestações da própria infecção por chikungunya, incluindo: - Piora do estado geral - Descompensação de comorbidades - Eventos cardíacos e neurológicos - Em alguns casos, óbito – com maior concentração entre **idosos, imunocomprometidos e pessoas com doenças de base**",Fase Aguda,"#Risco, #Complicações",Nota Técnica nº 92026-CGFAMDPNISVSAMS.md,120,1,100.0
chikungunya_qa_0943,Médica,Quais são as manifestações clínicas da infecção por chikungunya reconhecidas em estudos?,"As manifestações clínicas reconhecidas incluem piora do estado geral, descompensação de comorbidades, eventos cardíacos e neurológicos, e em alguns casos, óbito, com maior concentração entre idosos, imunocomprometidos e pessoas com doenças de base.","Após o registro e utilização em países como Estados Unidos, União Europeia, Reino Unido e Canadá, foi identificado um padrão clínico compatível com manifestações da própria infecção por chikungunya, incluindo: - Piora do estado geral - Descompensação de comorbidades - Eventos cardíacos e neurológicos - Em alguns casos, óbito – com maior concentração entre **idosos, imunocomprometidos e pessoas com doenças de base**",Fase Aguda,"#Sintomas, #Epidemiologia",Nota Técnica nº 92026-CGFAMDPNISVSAMS.md,120,1,100.0
chikungunya_qa_0944,Médica,Quais grupos populacionais estão mais vulneráveis aos desfechos graves da chikungunya?,"Os grupos populacionais mais vulneráveis aos desfechos graves da chikungunya são os idosos, os imunocomprometidos e aqueles com doenças de base.","Após o registro e utilização em países como Estados Unidos, União Europeia, Reino Unido e Canadá, foi identificado um padrão clínico compatível com manifestações da própria infecção por chikungunya, incluindo: - Piora do estado geral - Descompensação de comorbidades - Eventos cardíacos e neurológicos - Em alguns casos, óbito – com maior concentração entre **idosos, imunocomprometidos e pessoas com doenças de base**",Fase Aguda,"#Epidemiologia, #Risco",Nota Técnica nº 92026-CGFAMDPNISVSAMS.md,120,1,100.0
chikungunya_qa_0945,Médica,Quais são as manifestações clínicas da infecção por chikungunya mencionadas no texto?,"As manifestações clínicas incluem piora do estado geral, descompensação de comorbidades, eventos cardíacos e neurológicos, além de óbito em alguns casos, com maior concentração entre idosos, imunocomprometidos e pessoas com doenças de base.","Após o registro e utilização em países como Estados Unidos, União Europeia, Reino Unido e Canadá, foi identificado um padrão clínico compatível com manifestações da própria infecção por chikungunya, incluindo: - Piora do estado geral - Descompensação de comorbidades - Eventos cardíacos e neurológicos - Em alguns casos, óbito – com maior concentração entre **idosos, imunocomprometidos e pessoas com doenças de base**",Fase Aguda,"#Sintomas, #Epidemiologia",Nota Técnica nº 92026-CGFAMDPNISVSAMS.md,120,2,100.0
chikungunya_qa_0946,Paciente,Quem está mais em risco se pegar chikungunya?,"As pessoas que estão em maior risco são os idosos, aqueles que têm um sistema imunológico mais fraco e pessoas que já têm doenças de base.","com maior concentração entre **idosos, imunocomprometidos e pessoas com doenças de base**",Fase Aguda,#Epidemiologia,Nota Técnica nº 92026-CGFAMDPNISVSAMS.md,120,3,100.0
chikungunya_qa_0947,Médica,Quais são as manifestações clínicas associadas à infecção por chikungunya?,"As manifestações clínicas incluem piora do estado geral, descompensação de comorbidades, eventos cardíacos e neurológicos, e em alguns casos, óbito.","incluindo: - Piora do estado geral - Descompensação de comorbidades - Eventos cardíacos e neurológicos - Em alguns casos, óbito",Fase Aguda,"#Sintomas, #Diagnóstico",Nota Técnica nº 92026-CGFAMDPNISVSAMS.md,120,3,100.0
chikungunya_qa_0948,Médica,Quais grupos têm maior risco de desfechos graves na infecção por chikungunya?,"Os grupos com maior risco de desfechos graves incluem idosos, imunocomprometidos e pessoas com doenças de base.","com maior concentração entre **idosos, imunocomprometidos e pessoas com doenças de base**",Fase Aguda,"#Epidemiologia, #Risco",Nota Técnica nº 92026-CGFAMDPNISVSAMS.md,120,3,100.0
chikungunya_qa_0949,Paciente,Quais são os principais problemas que posso enfrentar se pegar chikungunya?,"Os principais problemas incluem piora do estado geral, descompensação de comorbidades, eventos cardíacos e neurológicos, e em alguns casos, até óbito, especialmente entre idosos, imunocomprometidos e pessoas com doenças de base.","Após o registro e utilização em países como Estados Unidos, União Europeia, Reino Unido e Canadá, foi identificado um padrão clínico compatível com manifestações da própria infecção por chikungunya, incluindo: - Piora do estado geral - Descompensação de comorbidades - Eventos cardíacos e neurológicos - Em alguns casos, óbito – com maior concentração entre **idosos, imunocomprometidos e pessoas com doenças de base**",Fase Aguda,"#Sintomas, #Epidemiologia",Nota Técnica nº 92026-CGFAMDPNISVSAMS.md,120,4,100.0
chikungunya_qa_0950,Médica,Quais grupos populacionais estão mais vulneráveis a desfechos graves na infecção por chikungunya?,"Os grupos mais vulneráveis incluem idosos, pessoas imunocomprometidas e indivíduos com doenças de base, que podem ter maior risco de óbito e complicações graves.","Após o registro e utilização em países como Estados Unidos, União Europeia, Reino Unido e Canadá, foi identificado um padrão clínico compatível com manifestações da própria infecção por chikungunya, incluindo: - Piora do estado geral - Descompensação de comorbidades - Eventos cardíacos e neurológicos - Em alguns casos, óbito – com maior concentração entre **idosos, imunocomprometidos e pessoas com doenças de base**",Fase Aguda,"#Epidemiologia, #Risco",Nota Técnica nº 92026-CGFAMDPNISVSAMS.md,120,5,100.0
chikungunya_qa_0951,Paciente,Quais problemas posso ter se pegar chikungunya?,"Se você pegar chikungunya, pode ter piora do estado geral, descompensação de doenças que já tem, eventos cardíacos e neurológicos, e em alguns casos, pode ocorrer óbito, especialmente se você for idoso, imunocomprometido ou tiver doenças de base.","Após o registro e utilização em países como Estados Unidos, União Europeia, Reino Unido e Canadá, foi identificado um padrão clínico compatível com manifestações da própria infecção por chikungunya, incluindo: - Piora do estado geral - Descompensação de comorbidades - Eventos cardíacos e neurológicos - Em alguns casos, óbito – com maior concentração entre idosos, imunocomprometidos e pessoas com doenças de base",Fase Aguda,"#Sintomas, #Complicações",Nota Técnica nº 92026-CGFAMDPNISVSAMS.md,120,6,100.0
chikungunya_qa_0952,Paciente,Quem está mais em risco de ter problemas graves com chikungunya?,"As pessoas que estão mais em risco de ter problemas graves com chikungunya são os idosos, aqueles que têm o sistema imunológico comprometido e as pessoas que já têm doenças de base.","Em alguns casos, óbito – com maior concentração entre idosos, imunocomprometidos e pessoas com doenças de base",Fase Aguda,"#Risco, #Complicações",Nota Técnica nº 92026-CGFAMDPNISVSAMS.md,120,6,100.0
chikungunya_qa_0953,Médica,Quais grupos populacionais têm maior risco de óbito pela chikungunya?,"Os grupos populacionais com maior risco de óbito pela chikungunya incluem idosos, imunocomprometidos e pessoas com doenças de base.","Em alguns casos, óbito – com maior concentração entre idosos, imunocomprometidos e pessoas com doenças de base",Fase Aguda,"#Risco, #Óbito",Nota Técnica nº 92026-CGFAMDPNISVSAMS.md,120,6,100.0
chikungunya_qa_0954,Paciente,Quais são os sintomas de uma reação adversa semelhante à chikungunya após a vacinação?,"Os sintomas incluem febre acima de 38,0°C, dor nas articulações, fadiga, dor de cabeça, dor no corpo, manchas na pele e eventos cardíacos ou neurológicos.","Reação adversa semelhante à chikungunya (febre ≥38,0°C + artralgia/artrite/fadiga/cefaleia/mialgia/erupção cutânea/eventos cardíacos ou neurológicos, etc.) - início até 30 dias após vacinação",N/A (Geral),"#Sintomas, #Vacinação",Nota Técnica nº 92026-CGFAMDPNISVSAMS.md,121,1,100.0
chikungunya_qa_0955,Paciente,Até quando eu devo ficar atento a reações adversas após a vacinação?,Você deve ficar atento a reações semelhantes à chikungunya até 30 dias após a vacinação e a outros eventos adversos até 60 dias.,Prazos para notificação: - Reação semelhante à chikungunya: até **30 dias** após vacinação - Demais EAIE: até **60 dias** após vacinação,N/A (Geral),"#Cuidados, #Vacinação",Nota Técnica nº 92026-CGFAMDPNISVSAMS.md,121,1,100.0
chikungunya_qa_0956,Médica,Quais são os códigos CID-10 associados a reações adversas relacionadas à chikungunya?,"Os códigos CID-10 incluem B33.0, R50.9, M25.5, A92.0 para a reação adversa semelhante à chikungunya, M25.5 para artralgia/artrite, I40.0, I40.9, I50 para miocardite, G61.0 para síndrome de Guillain-Barré, G37.3 para encefalomielite, D69.6 para trombocitopenia, I77.6 para vasculite, T78.2, T78.0 para anafilaxia, G51.0 para paralisia de Bell, I30.0, I30.9 para pericardite e H81.2 para neurite vestibular.","| Evento Adverso de Interesse Especial (EAIE) | Código CID-10 |
|---------------------------------------------|---------------|
| Reação adversa semelhante à chikungunya (febre ≥38,0°C + artralgia/artrite/fadiga/cefaleia/mialgia/erupção cutânea/eventos cardíacos ou neurológicos, etc.) - início até 30 dias após vacinação | B33.0, R50.9, M25.5, A92.0 |
| Artralgia/Artrite | M25.5 |
| Miocardite | I40.0, I40.9, I50 |
| Síndrome de Guillain-Barré | G61.0 |
| Encefalomielite | G37.3 |
| Trombocitopenia | D69.6 |
| Vasculite | I77.6 |
| Anafilaxia | T78.2, T78.0 |
| Paralisia de Bell | G51.0 |
| Pericardite | I30.0, I30.9 |
| Neurite vestibular | H81.2 |",Fase Aguda,"#Diagnóstico, #EventosAdversos",Nota Técnica nº 92026-CGFAMDPNISVSAMS.md,121,1,100.0
chikungunya_qa_0957,Médica,Qual o prazo para notificação de eventos adversos após a vacinação?,"O prazo para notificação de reações semelhantes à chikungunya é de até 30 dias após a vacinação, enquanto os demais eventos adversos devem ser notificados até 60 dias após a vacinação.",Prazos para notificação: - Reação semelhante à chikungunya: até **30 dias** após vacinação - Demais EAIE: até **60 dias** após vacinação,N/A (Geral),"#Epidemiologia, #Notificação",Nota Técnica nº 92026-CGFAMDPNISVSAMS.md,121,1,100.0
chikungunya_qa_0958,Paciente,Quais sintomas eu posso ter se tiver uma reação adversa semelhante à chikungunya após a vacina?,"Você pode ter febre acima de 38°C, dor nas articulações, fadiga, dor de cabeça, dor muscular, manchas na pele e até problemas cardíacos ou neurológicos.","Reação adversa semelhante à chikungunya (febre ≥38,0°C + artralgia/artrite/fadiga/cefaleia/mialgia/erupção cutânea/eventos cardíacos ou neurológicos, etc.) - início até 30 dias após vacinação",N/A (Geral),"#Sintomas, #ReaçãoAdversa",Nota Técnica nº 92026-CGFAMDPNISVSAMS.md,121,2,100.0
chikungunya_qa_0959,Paciente,Quanto tempo após a vacinação eu posso esperar ter esses sintomas?,Os sintomas podem começar até 30 dias após a vacinação.,início até 30 dias após vacinação,N/A (Geral),"#Sintomas, #Tempo",Nota Técnica nº 92026-CGFAMDPNISVSAMS.md,121,2,100.0
chikungunya_qa_0960,Médica,Quais são os códigos CID-10 associados às reações adversas semelhantes à chikungunya?,"Os códigos CID-10 são B33.0, R50.9, M25.5 e A92.0.","Reação adversa semelhante à chikungunya (febre ≥38,0°C + artralgia/artrite/fadiga/cefaleia/mialgia/erupção cutânea/eventos cardíacos ou neurológicos, etc.) - início até 30 dias após vacinação | B33.0, R50.9, M25.5, A92.0",Fase Aguda,"#CID10, #ReaçãoAdversa",Nota Técnica nº 92026-CGFAMDPNISVSAMS.md,121,2,100.0
chikungunya_qa_0961,Paciente,Quais são os problemas que posso ter após a vacina?,"Você pode ter problemas como dor nas articulações, miocardite, síndrome de Guillain-Barré, encefalomielite, trombocitopenia, vasculite, anafilaxia, paralisia de Bell, pericardite e neurite vestibular.",Artralgia/Artrite | Miocardite | Síndrome de Guillain-Barré | Encefalomielite | Trombocitopenia | Vasculite | Anafilaxia | Paralisia de Bell | Pericardite | Neurite vestibular,N/A (Geral),"#Sintomas, #ReaçãoAdversa",Nota Técnica nº 92026-CGFAMDPNISVSAMS.md,121,2,100.0
chikungunya_qa_0962,Paciente,Quais são os sintomas que posso ter após a vacina de chikungunya?,"Você pode ter febre acompanhada de dor nas articulações, que são os sintomas que podem aparecer até 30 dias após a vacinação.","Paciente com febre acompanhada de artralgia ou artrite, residente em um dos municípios selecionados para a estratégia piloto.",N/A (Geral),"#Sintomas, #Vacinação",Nota Técnica nº 92026-CGFAMDPNISVSAMS.md,127,1,95.0
chikungunya_qa_0963,Paciente,Quanto tempo depois da vacina posso ter os sintomas de chikungunya?,Os sintomas podem aparecer em até 30 dias após a administração da vacina de chikungunya.,Indivíduo que apresente quadro clínico semelhante ao de chikungunya em até **30 dias** após administração da vacina chikungunya.,N/A (Geral),"#Sintomas, #Vacinação",Nota Técnica nº 92026-CGFAMDPNISVSAMS.md,127,1,100.0
chikungunya_qa_0964,Médica,Qual o prazo para a manifestação de sintomas de chikungunya após a vacinação?,Os sintomas podem se manifestar em até 30 dias após a administração da vacina de chikungunya.,Indivíduo que apresente quadro clínico semelhante ao de chikungunya em até **30 dias** após administração da vacina chikungunya.,N/A (Geral),"#Sintomas, #Vacinação",Nota Técnica nº 92026-CGFAMDPNISVSAMS.md,127,1,100.0
chikungunya_qa_0965,Paciente,Quanto tempo após a vacina posso esperar ter sintomas de chikungunya?,"Os sintomas de chikungunya podem aparecer em até 30 dias após a administração da vacina chikungunya. Para que um caso seja considerado suspeito de chikungunya, é necessário que o paciente apresente febre acompanhada de artralgia ou artrite. Além disso, é importante que o paciente resida em um dos municípios selecionados para a estratégia piloto de monitoramento da doença.",quadro clínico semelhante ao de chikungunya em até 30 dias após administração da vacina chikungunya,N/A (Geral),"#Sintomas, #Vacinação",Nota Técnica nº 92026-CGFAMDPNISVSAMS.md,127,2,90
chikungunya_qa_0966,Paciente,Quanto tempo depois da vacina devo ficar atento aos sintomas?,Você deve ficar atento a sintomas semelhantes aos de chikungunya até 30 dias após a administração da vacina.,Indivíduo que apresente quadro clínico semelhante ao de chikungunya em até 30 dias após administração da vacina chikungunya.,N/A (Geral),"#Sintomas, #Vacinação",Nota Técnica nº 92026-CGFAMDPNISVSAMS.md,127,3,100.0
chikungunya_qa_0967,Paciente,Quanto tempo após a vacina devo ficar atento aos sintomas de chikungunya?,Você deve ficar atento aos sintomas de chikungunya até 30 dias após a administração da vacina.,Indivíduo que apresente quadro clínico semelhante ao de chikungunya em até 30 dias após administração da vacina chikungunya.,N/A (Geral),"#Sintomas, #Chikungunya",Nota Técnica nº 92026-CGFAMDPNISVSAMS.md,127,4,100.0
chikungunya_qa_0968,Paciente,Qual é o tempo que eu preciso observar os sintomas após a vacinação?,"Você deve observar os sintomas por até 30 dias após a administração da vacina chikungunya. Um caso suspeito de chikungunya é definido como um paciente que apresenta febre acompanhada de artralgia ou artrite e que reside em um dos municípios selecionados para a estratégia piloto. Portanto, é fundamental ficar atento a esses sintomas durante esse período de 30 dias.",até **30 dias** após administração da vacina chikungunya.,N/A (Geral),"#Sintomas, #Vacinação",Nota Técnica nº 92026-CGFAMDPNISVSAMS.md,127,5,100
chikungunya_qa_0969,Médica,Qual é o tempo máximo após a vacinação em que um paciente pode apresentar sintomas semelhantes ao de chikungunya?,Os sintomas semelhantes ao de chikungunya podem aparecer até 30 dias após a administração da vacina.,Indivíduo que apresente quadro clínico semelhante ao de chikungunya em até **30 dias** após administração da vacina chikungunya.,N/A (Geral),"#Sintomas, #Chikungunya",Nota Técnica nº 92026-CGFAMDPNISVSAMS.md,127,6,100.0
chikungunya_qa_0970,Paciente,Por que a farmacovigilância da vacina chikungunya é importante?,"A farmacovigilância da vacina chikungunya é importante porque ajuda a gerar evidências sobre a efetividade e a segurança da vacina em condições de vida real, o que é essencial para a decisão sobre sua incorporação no Sistema Único de Saúde.",A implementação da farmacovigilância pós-comercialização da vacina chikungunya no contexto da estratégia piloto em municípios prioritários representa uma etapa fundamental para a geração de evidências em condições de vida real.,N/A (Geral),"#Vacinação, #Farmacovigilância",Nota Técnica nº 92026-CGFAMDPNISVSAMS.md,131,1,100.0
chikungunya_qa_0971,Paciente,O que acontece se os profissionais não seguirem as orientações sobre a vacina?,"Se os profissionais não seguirem as orientações, os resultados do piloto podem ser prejudicados, o que afetaria a formulação de uma política pública de vacinação contra a chikungunya no Brasil.",A adesão integral às orientações desta Nota Técnica por parte dos profissionais e gestores envolvidos é imprescindível.,N/A (Geral),"#Vacinação, #Orientações",Nota Técnica nº 92026-CGFAMDPNISVSAMS.md,131,1,90.0
chikungunya_qa_0972,Médica,Qual é o papel da farmacovigilância na implementação da vacina chikungunya?,"O papel da farmacovigilância é monitorar sistematicamente a efetividade e a segurança da vacina, gerando evidências que subsidiarão decisões sobre sua incorporação definitiva no Sistema Único de Saúde.","A efetividade e a segurança da vacina, monitoradas de forma sistemática e qualificada, são elementos essenciais para subsidiar futuras decisões quanto à sua incorporação definitiva no Sistema Único de Saúde (SUS).",N/A (Geral),"#Farmacovigilância, #Vacinação",Nota Técnica nº 92026-CGFAMDPNISVSAMS.md,131,1,100.0
chikungunya_qa_0973,Médica,Qual é a importância da adesão dos profissionais às orientações da Nota Técnica?,"A adesão dos profissionais é crucial, pois garante que os resultados do piloto sejam válidos e possam contribuir para a formulação de políticas públicas eficazes de vacinação contra a chikungunya.",A adesão integral às orientações desta Nota Técnica por parte dos profissionais e gestores envolvidos é imprescindível.,N/A (Geral),"#Orientações, #Política Pública",Nota Técnica nº 92026-CGFAMDPNISVSAMS.md,131,1,100.0
chikungunya_qa_0974,Médica,Quais são as implicações da adesão às orientações da Nota Técnica para os profissionais de saúde?,"A adesão às orientações é imprescindível, pois os resultados do piloto influenciarão a formulação de uma política pública de vacinação contra a chikungunya no Brasil.","A adesão integral às orientações desta Nota Técnica por parte dos profissionais e gestores envolvidos é imprescindível, pois os resultados obtidos neste piloto contribuirão diretamente para a formulação de uma política pública de vacinação contra a chikungunya no Brasil.",N/A (Geral),"#Orientações, #PolíticaPública",Nota Técnica nº 92026-CGFAMDPNISVSAMS.md,131,2,95.0
chikungunya_qa_0975,Paciente,A vacina IXCHIQ é segura para mim?,"A vacina IXCHIQ é indicada para prevenir a chikungunya em pessoas com 18 anos ou mais que estão em risco de pegar o vírus. O texto não fala especificamente sobre a segurança da vacina. Para saber se ela é segura para você, é melhor conversar com um profissional de saúde que pode te dar informações mais detalhadas.",| **Indicação** | IXCHIQ é uma vacina indicada para a prevenção da doença causada pelo vírus da chikungunya em indivíduos com 18 anos ou mais que estejam em risco aumentado de exposição ao vírus chikungunya |,N/A (Geral),"#Vacina, #Indicação",IXCHIQ (vacina chikungunya) novo registro.md,1,3,90
chikungunya_qa_0976,Médica,Qual é a composição do produto IXCHIQ?,"A vacina IXCHIQ é composta por vírus vivo recombinante e atenuado, formulada como um pó liofilizado. Este produto é disponibilizado em uma apresentação que inclui um frasco contendo o pó liofilizado e uma seringa preenchida com 0,5 mL de água para injetáveis, destinada à reconstituição da vacina. A administração da IXCHIQ deve ser realizada em dose única de 0,5 mL. É importante ressaltar que a utilização desta vacina deve ser baseada em evidências clínicas, considerando os resultados de ensaios clínicos que demonstram sua eficácia e segurança na prevenção da infecção por Chikungunya.",IXCHIQ é uma vacina contra Chikungunya de vírus vivo recombinante e atenuado.,N/A (Geral),"#Vacina, #Composição",IXCHIQ (vacina chikungunya) novo registro.md,2,1,92.5
chikungunya_qa_0977,Paciente,Quais sintomas posso sentir após receber a vacina?,"Após receber a vacina, você pode sentir febre e dor nas articulações, além de outros efeitos como dor nas costas, erupção cutânea, inchaço nas pernas e aumento dos gânglios linfáticos. A maioria dos sintomas é leve ou moderada e costuma passar sozinha em 2 a 4 dias. No entanto, em alguns casos, os sintomas podem durar pelo menos 30 dias.","As reações foram uma combinação de **febre e artralgia** (e/ou com outros efeitos adversos, como dor nas costas, erupção cutânea, edema periférico, linfadenopatia).",N/A (Geral),"#Sintomas, #Vacinação",IXCHIQ (vacina chikungunya) novo registro.md,12,6,90.0
chikungunya_qa_0978,Médica,Como os eventos adversos se manifestam em idosos após a vacinação?,"Os eventos adversos graves e os eventos adversos com necessidade de atendimento médico associados à vacina foram mais frequentes em participantes ≥ 65 anos. Por outro lado, os eventos adversos locais e sistêmicos solicitados foram menos frequentes em participantes ≥ 65 anos em comparação com participantes de 18 a 64 anos.",Eventos adversos graves e eventos adversos com necessidade de atendimento médico associados à vacina foram **mais frequentes** em participantes ≥ 65 anos,N/A (Geral),"#EventosAdversos, #Vacinação",IXCHIQ (vacina chikungunya) novo registro.md,13,3,100.0
chikungunya_qa_0979,Paciente,As reações da vacina são diferentes para pessoas mais velhas?,"Sim, as reações da vacina podem ser diferentes para pessoas mais velhas. Para aqueles com 65 anos ou mais, inchaços e outros efeitos colaterais foram menos comuns. No entanto, eventos mais sérios e que exigem atendimento médico aconteceram com mais frequência nessa faixa etária.",Eventos adversos graves e eventos adversos com necessidade de atendimento médico associados à vacina foram **mais frequentes** em participantes ≥ 65 anos,N/A (Geral),"#ReaçõesAdversas, #Vacinação",IXCHIQ (vacina chikungunya) novo registro.md,13,4,98.75
chikungunya_qa_0980,Médica,Quais dados podem ser utilizados para avaliar a segurança da vacina em idosos?,"Os dados que podem ser utilizados para avaliar a segurança da vacina em idosos incluem a frequência de eventos adversos locais e sistêmicos, que foram menos frequentes em participantes com 65 anos ou mais em comparação com aqueles de 18 a 64 anos. No entanto, eventos adversos graves e eventos adversos que necessitaram de atendimento médico foram mais frequentes em participantes com 65 anos ou mais.",Eventos adversos locais e sistêmicos solicitados foram **menos frequentes** em participantes ≥ 65 anos em comparação com participantes de 18 a 64 anos; Eventos adversos graves e eventos adversos com necessidade de atendimento médico associados à vacina foram **mais frequentes** em participantes ≥ 65 anos,N/A (Geral),"#SegurançaVacina, #Idosos",IXCHIQ (vacina chikungunya) novo registro.md,13,6,100.0
chikungunya_qa_0981,Médica,Quais são as reações adversas raras que podem ocorrer em populações endêmicas e pediátricas?,"O texto menciona que existem reações adversas incomuns e raras em populações endêmicas e pediátricas, mas não detalha quais são essas reações. Portanto, não há informações específicas disponíveis sobre as reações adversas raras que podem ocorrer nessas populações.","Reações adversas incomuns e raras, incluindo em **populações endêmicas e pediátricas**",N/A (Geral),"#ReaçõesAdversas, #PopulaçõesEndêmicas",IXCHIQ (vacina chikungunya) novo registro.md,14,4,95.0
chikungunya_qa_0982,Médica,Quais complicações graves estão associadas à chikungunya?,"As complicações graves associadas à chikungunya incluem comprometimento cardiovascular (miocardite, pericardite, arritmia, instabilidade hemodinâmica), comprometimento respiratório (pneumonite, insuficiência respiratória, edema pulmonar, hemorragia intra-alveolar), comprometimento neurológico (encefalite, mielite, meningoencefalite, acidente vascular cerebral, síndrome de Guillain-Barré) e comprometimento renal (insuficiência renal aguda, nefrite intersticial aguda, necrose tubular aguda). Além disso, há descompensação de comorbidades como diabetes mellitus, doenças cardiovasculares preexistentes, doença renal crônica e doenças respiratórias crônicas, além de tromboembolismo pulmonar em pacientes com imobilidade articular.","Outras complicações associadas à chikungunya incluem descompensação de comorbidades como diabetes mellitus, doenças cardiovasculares preexistentes (hipertensão arterial, insuficiência cardíaca), doença renal crônica e doenças respiratórias crônicas (DPOC, asma).",Fase Crônica/Subaguda,"#ComplicaçõesGraves, #Chikungunya",Manejo_Chikungunya_2ed.md,29,5,95.0
chikungunya_qa_0983,Médica,Quais são os critérios de Jones para febre reumática?,"O texto menciona os critérios de Jones para febre reumática, mas não descreve seu conteúdo detalhado.","Considerar os critérios de Jones para a febre reumática e evidência de infecção prévia pelo estreptococos (cultura positiva de orofaringe, positividade em testes rápidos para detecção de antígenos estreptocócicos ou títulos elevados de anticorpos antiestreptocócicos).",Fase Aguda,"#Diagnóstico, #Critérios",Manejo_Chikungunya_2ed.md,33,1,100.0
chikungunya_qa_0984,Paciente,Quais são os sinais que indicam que eu estou em maior risco com a doença?,"Você está em maior risco se for idoso, especialmente se tiver mais de 65 anos, se tiver outras doenças, se for um bebê recém-nascido ou se tiver sinais graves, como sangramentos ou sintomas que possam colocar sua vida em risco.","Pacientes com maior risco incluem idosos (especialmente acima de 65 anos), indivíduos com comorbidades, neonatos e aqueles com sinais de gravidade, como manifestações hemorrágicas ou sintomas que coloquem a vida em risco.",Fase Crônica/Subaguda,"#Risco, #Sintomas",Manejo_Chikungunya_2ed.md,36,5,96.25
chikungunya_qa_0985,Médica,Qual é a dose recomendada de ibuprofeno para o manejo da dor na fase pós-aguda?,"Na fase pós-aguda, pode-se introduzir anti-inflamatórios não hormonais, como ibuprofeno, por até quatro semanas, desde que não haja contraindicações. O texto não fornece a dose específica recomendada de ibuprofeno.","Nessa fase, pode-se introduzir anti-inflamatórios não hormonais, como ibuprofeno, por até quatro semanas, desde que não haja contraindicações.",Fase Crônica/Subaguda,"#Tratamento, #FasePós-Aguda",Manejo_Chikungunya_2ed.md,44,4,100.0
chikungunya_qa_0986,Médica,Qual é a dose recomendada de hidroxicloroquina para artrite ou tenossinovite persistente?,"O texto não fornece uma dose específica de hidroxicloroquina para artrite ou tenossinovite persistente, mas menciona que deve ser mantida por pelo menos 90 dias, com reavaliações periódicas. Se não houver melhora, considera-se o uso de metotrexato.","Nos casos de artrite ou tenossinovite persistente, especialmente na fase pós-aguda, pode-se introduzir hidroxicloroquina, mantida por pelo menos 90 dias, com reavaliações periódicas. Se não houver melhora, considera-se o uso de metotrexato.",Fase Crônica/Subaguda,"#Tratamento, #Artrite",Manejo_Chikungunya_2ed.md,44,5,100.0
chikungunya_qa_0987,Paciente,O que posso sentir entre 15 e 90 dias após a infecção?,"Entre 15 e 90 dias após a infecção, você pode sentir dor nos músculos e articulações, que pode ser localizada ou espalhada pelo corpo. Também é possível ter inchaço nas articulações, que é chamado de artrite ou tenossinovite, e dor nos nervos. É muito importante que você converse com um médico para acompanhar esses sintomas e receber a avaliação adequada.",A fase pós-aguda corresponde àquela em que existe uma persistência dos sintomas no período entre 15 e 90 dias.,Fase Aguda,"#Sintomas, #Evolução",Manejo_Chikungunya_2ed.md,47,3,91.25
chikungunya_qa_0988,Médica,Quais são as limitações do uso de Metrotexato no tratamento da chikungunya?,"O texto não menciona limitações ou contraindicações específicas do uso de Metrotexato (MTX) no tratamento da chikungunya. Portanto, não é possível fornecer informações sobre esse tema com base no contexto apresentado.","O MTX foi considerado para o tratamento da chikungunya crônica em manual da Opas (2011) e recomendado nas diretrizes da França para o manejo de chikungunya (2015), assim como no consenso da Sociedade Brasileira de Reumatologia (2017).",Fase Aguda,"#Tratamento, #Limitações",Manejo_Chikungunya_2ed.md,50,2,100.0
chikungunya_qa_0989,Paciente,Quais são os sintomas que podem ocorrer se eu tiver chikungunya?,O texto não menciona os sintomas que podem ocorrer se você tiver chikungunya.,"Em regiões onde ocorrem epidemias por outros arbovírus, com sinais e sintomas semelhantes aos apresentados durante a infecção pelo vírus chikungunya...",Fase Aguda,"#Sintomas, #Chikungunya",Manejo_Chikungunya_2ed.md,62,4,100.0
chikungunya_qa_0990,Médica,Quais são os critérios para confirmar um caso de chikungunya em pacientes vulneráveis?,"Para confirmar um caso de chikungunya em pacientes vulneráveis, como gestantes, recém-nascidos, idosos e pacientes com comorbidades, deve-se priorizar a confirmação preferencialmente por critério laboratorial, especialmente em casos graves ou com manifestações atípicas. É importante ressaltar que, mesmo para pacientes com prognóstico desfavorável, deve-se priorizar a coleta de amostras, principalmente para métodos diretos, ainda em vida. Após a confirmação laboratorial dos primeiros casos em uma área, os demais casos podem ser confirmados por critério clínico-epidemiológico, exceto para os grupos vulneráveis mencionados, que necessitam de confirmação laboratorial.","exceto para recém-nascidos, gestantes, manifestações atípicas, casos graves e óbitos, que devem ocorrer preferencialmente por critério laboratorial.",Fase Aguda,"#Critérios, #Chikungunya",Manejo_Chikungunya_2ed.md,66,4,95.0
chikungunya_qa_0991,Médica,Quais são as principais alterações laboratoriais a serem monitoradas em um paciente com suspeita de infecção?,"As principais alterações laboratoriais a serem monitoradas em um paciente com suspeita de infecção, especialmente em casos de Chikungunya, incluem: plaquetopenia, baixa atividade de protrombina, elevação das transaminases e linfopenia. Além disso, é importante avaliar as alterações neurológicas em exames de imagem, como edema cerebral, hemorragia intraventricular e alterações de substância branca. Também devem ser consideradas as alterações no ecocardiograma (ECO) que são sugestivas de miocardite ou insuficiência cardíaca.","- Plaquetopenia
- Baixa atividade de protrombina
- Elevação das transaminases
- Linfopenia",Fase Aguda,"#Diagnóstico, #Tratamento",Nota Técnica nº 28SESSUBPAS-SRAS-DATE-CMI2023.md,80,4,95.0
chikungunya_qa_0992,Paciente,Meu bebê vai precisar ficar no hospital se houver suspeita de chikungunya?,"Sim, se houver suspeita de chikungunya e o parto não ocorreu em maternidade GAR, seu bebê precisará ficar internado por 7 dias no hospital para observação. Caso o recém-nascido apresente alguma sintomatologia durante esse período, ele deverá ser encaminhado à UTI Neonatal em uma unidade GAR de referência. Além disso, em caso de óbito em investigação por chikungunya, é importante informar a Coordenação Estadual de Vigilância das Arboviroses (CEVARB) pelo e-mail dengue@saude.mg.gov.br.",O RN deverá ficar internado por **7 dias** no estabelecimento de saúde em observação.,N/A (Geral),"#Sintomas, #Tratamento",Nota Técnica nº 28SESSUBPAS-SRAS-DATE-CMI2023.md,90,4,98.75
chikungunya_qa_0993,Médica,Qual é a frequência de notificação dos casos de chikungunya?,"Os casos de chikungunya devem ser notificados semanalmente. No entanto, há exceções importantes: casos de ocorrência em áreas sem transmissão ou se houver óbito devem ser comunicados em, no máximo, 24 horas.",Os casos são de **notificação compulsória SEMANAL**,N/A (Geral),#Epidemiologia,Nota Técnica nº 28SESSUBPAS-SRAS-DATE-CMI2023.md,91,1,100.0
chikungunya_qa_0994,Paciente,"E se eu tomar a vacina chikungunya, mas já tinha recebido outra vacina antes?","Se você tomou outra vacina antes da vacina chikungunya, é importante considerar o intervalo entre as vacinas. Se a vacina anterior for atenuada, deve haver um intervalo mínimo de 28 dias antes de receber a vacina chikungunya. Se a vacina anterior for de outra plataforma, o intervalo mínimo é de 14 dias. Caso tenha recebido a vacina chikungunya no lugar de outra vacina, a vacina chikungunya deve ser administrada novamente, respeitando os mesmos intervalos.","Outra vacina administrada no lugar da vacina chikungunya | Administrar a vacina chikungunya; intervalo mínimo de 28 dias se vacina prévia atenuada, ou 14 dias se outra plataforma",N/A (Geral),"#Tratamento, #Vacinação",Nota Técnica nº 642025-CGFAMDPNISVSAMS.md,100,4,95.0
chikungunya_qa_0995,Médica,Qual é a conduta recomendada para pacientes que apresentam superdosagem?,A conduta recomendada para pacientes que apresentam superdosagem é manter a dose e acompanhar conforme orientação específica.,- Superdosagem,Fase Aguda,"#Conduta, #Superdosagem",Nota Técnica nº 642025-CGFAMDPNISVSAMS.md,112,1,90.0
chikungunya_qa_0996,Paciente,Quantos anos eu preciso ter para tomar a vacina contra a chikungunya?,Você precisa ter pelo menos 18 anos e não pode ter mais de 59 anos para tomar a vacina contra a chikungunya.,Idade mínima | 18 anos | Não indicada para menores de 18 anos até o momento,N/A (Geral),"#Vacinação, #Idade",Nota Técnica nº 92026-CGFAMDPNISVSAMS.md,117,2,100.0
chikungunya_qa_0997,Cuidador,O que devo fazer se notar que a vacina não está adequada?,"Se você perceber que a vacina não está boa, como se a cor estiver diferente ou se tiver partículas estranhas, não a use. É importante avisar a Anvisa sobre isso pelo Notivisa.",Desvio de qualidade deve ser notificado à Anvisa pelo Notivisa.,N/A (Geral),"#Qualidade, #Notificação",Nota Técnica nº 92026-CGFAMDPNISVSAMS.md,118,5,100
chikungunya_qa_0998,Médica,Quais são as especificações para a reconstituição da vacina?,"A vacina deve ser reconstituída com agulha calibre 21-25G, comprimento mínimo de 40 mm. Durante a homogeneização, é importante homogeneizar com movimentos circulares suaves, **não agitar e não inverter o frasco**. Após a homogeneização, deve-se aguardar pelo menos 1 minuto. É necessário retirar todo o conteúdo (0,5 mL) inclinando levemente o frasco, **sem inverter**. A vacina reconstituída deve ser administrada dentro de **2 horas após a reconstituição**. **Atenção:** A vacina reconstituída é límpida, incolor a ligeiramente amarelada. Não utilizar se houver alteração na coloração ou partículas estranhas. Desvio de qualidade deve ser notificado à Anvisa pelo **Notivisa**.","Reconstituição com agulha calibre 21-25G, comprimento mínimo 40 mm. Homogeneizar com movimentos circulares suaves – não agitar e não inverter o frasco. Aguardar pelo menos 1 minuto após homogeneização.",N/A (Geral),"#Reconstituição, #Vacinação",Nota Técnica nº 92026-CGFAMDPNISVSAMS.md,118,5,95.0
chikungunya_qa_0999,Cuidador,O que devo fazer após reconstituir a vacina?,"Depois de reconstituir a vacina, espere pelo menos 1 minuto. Depois, incline levemente o frasco e retire todo o conteúdo (0,5 mL), **não inverta** o frasco. Troque a agulha para a aplicação intramuscular e faça a aplicação dentro de **2 horas após a reconstituição**. **Atenção:** A vacina deve ser clara, incolor ou levemente amarelada. Não use se notar alguma mudança na cor ou se houver partículas estranhas. Qualquer problema deve ser informado à Anvisa pelo **Notivisa**.","Aguardar pelo menos 1 minuto após homogeneização. Retirar todo o conteúdo (0,5 mL) inclinando levemente o frasco – não inverter. Trocar a agulha para administração intramuscular.",N/A (Geral),"#Vacina, #Cuidados",Nota Técnica nº 92026-CGFAMDPNISVSAMS.md,118,6,98.75
chikungunya_qa_1000,Médica,Quais são as instruções para a administração da vacina?,"A vacina deve ser administrada dentro de 2 horas após a reconstituição. A apresentação é em frasco-ampola com pó liofilizado e seringa pré-preenchida com diluente (água para injetáveis). Para a reconstituição, utilize uma agulha calibre 21-25G, com comprimento mínimo de 40 mm, e homogeneize com movimentos circulares suaves, sem agitar ou inverter o frasco. Após a homogeneização, aguarde pelo menos 1 minuto. Retire todo o conteúdo (0,5 mL) inclinando levemente o frasco, sem inverter. Troque a agulha antes da administração intramuscular. A vacina reconstituída deve ser límpida, incolor a ligeiramente amarelada; não utilize se houver alteração na coloração ou partículas estranhas. Qualquer desvio de qualidade deve ser notificado à Anvisa pelo Notivisa.",Administrar dentro de 2 horas após reconstituição. Apresentação: frasco-ampola com pó liofilizado + seringa pré-preenchida com diluente (água para injetáveis).,N/A (Geral),"#Vacina, #Administração",Nota Técnica nº 92026-CGFAMDPNISVSAMS.md,118,6,100.0
chikungunya_qa_1001,Médica,Qual é a técnica recomendada para a homogeneização da vacina?,"A homogeneização deve ser feita com movimentos circulares suaves, sem agitar e sem inverter o frasco. É importante aguardar pelo menos 1 minuto após a homogeneização antes de prosseguir com a retirada do conteúdo.",Homogeneizar com movimentos circulares suaves – não agitar e não inverter o frasco.,N/A (Geral),"#Vacina, #Homogeneização",Nota Técnica nº 92026-CGFAMDPNISVSAMS.md,118,6,100.0
chikungunya_qa_1002,Médica,Qual a resposta imunológica observada após 28 dias da vacinação?,"Após 28 dias da vacinação, **98,9%** dos participantes desenvolveram anticorpos neutralizantes. A resposta imunológica robusta é mantida por até 6 meses após a vacinação.",Resposta imunológica robusta mantida por até 6 meses,N/A (Geral),"#RespostaImunológica, #Vacinação",Nota Técnica nº 92026-CGFAMDPNISVSAMS.md,119,4,100.0
chikungunya_qa_1003,Paciente,O que significa descompensação de comorbidades?,"Descompensação de comorbidades refere-se à piora das condições de saúde que uma pessoa já possui, que pode ocorrer devido à infecção por chikungunya. Isso significa que doenças pré-existentes, como diabetes, hipertensão ou problemas cardíacos, podem se agravar, levando a um estado geral mais debilitado. Essa situação é especialmente preocupante em grupos vulneráveis, como idosos, imunocomprometidos e pessoas com doenças de base, que estão em maior risco de complicações sérias, incluindo eventos cardíacos e neurológicos, e até mesmo óbito.","Após o registro e utilização em países como Estados Unidos, União Europeia, Reino Unido e Canadá, foi identificado um padrão clínico compatível com manifestações da própria infecção por chikungunya, incluindo: - Piora do estado geral - Descompensação de comorbidades",Fase Aguda,"#Sintomas, #Comorbidades",Nota Técnica nº 92026-CGFAMDPNISVSAMS.md,120,2,93.75
chikungunya_qa_1004,Médica,Qual o limiar de títulos de anticorpos neutralizantes proposto para a vacina IXCHIQ?,"O limiar de títulos de anticorpos neutralizantes proposto para a vacina IXCHIQ é de ≥ 150 µPRNT50 no Dia 29 (28 dias após a vacinação), como um parâmetro imunológico substituto relacionado à eficácia. Este título foi baseado em estudos conduzidos para demonstrar proteção contra CHIKV em primatas não humanos e em um estudo soroepidemiológico prospectivo nas Filipinas. Tal estratégia para inferir a proteção da vacina contra a doença foi considerada aceitável.","Desta maneira, foi proposto pelo desenvolvedor a utilização de um limiar de títulos de anticorpos neutralizantes de ≥ 150 µPRNT50 no Dia 29 (28 dias após a vacinação), como um parâmetro imunológico substituto relacionado à eficácia.",N/A (Geral),"#Eficácia, #Imunologia",IXCHIQ (vacina chikungunya) novo registro.md,6,1,100.0
chikungunya_qa_1005,Médica,Quais estudos sustentaram a proposta do limiar de anticorpos para a vacina IXCHIQ?,"A proposta do limiar de anticorpos neutralizantes foi baseada em estudos conduzidos para demonstrar proteção contra CHIKV em primatas não humanos, após a transferência passiva de anticorpos utilizando soro humano de indivíduos vacinados, e em um estudo soroepidemiológico prospectivo conduzido nas Filipinas. Tal estratégia para inferir a proteção da vacina contra a doença foi considerada aceitável.","O título de anticorpos neutralizantes proposto foi baseado em: Estudos conduzidos para demonstrar proteção contra CHIKV em primatas não humanos, após a transferência passiva de anticorpos utilizando soro humano de indivíduos vacinados; Estudo soroepidemiológico prospectivo conduzido nas Filipinas.",N/A (Geral),"#Estudos, #Eficácia",IXCHIQ (vacina chikungunya) novo registro.md,6,1,100.0
chikungunya_qa_1006,Médica,Quais são as reações adversas graves relatadas após a vacinação?,"As reações adversas graves semelhantes a Chikungunya relatadas após a vacinação incluem febre e artralgia, além de outros efeitos adversos como dor nas costas, erupção cutânea, edema periférico e linfadenopatia. A maioria dos sintomas foi leve ou moderada em intensidade e autolimitada após 2 a 4 dias. No entanto, dois participantes apresentaram sintomas prolongados de pelo menos 30 dias de duração.","Embora incomuns, reações adversas graves semelhantes a Chikungunya foram verificadas em indivíduos que receberam a vacina. As reações foram uma combinação de **febre e artralgia** (e/ou com outros efeitos adversos, como dor nas costas, erupção cutânea, edema periférico, linfadenopatia).",N/A (Geral),"#ReaçõesAdversas, #Vacinação",IXCHIQ (vacina chikungunya) novo registro.md,12,6,100.0
chikungunya_qa_1007,Médica,Quais testes laboratoriais são utilizados para confirmar a infecção pelo vírus da chikungunya?,"Os testes laboratoriais utilizados para confirmar a infecção pelo vírus da chikungunya incluem PCR (reação em cadeia da polimerase) e sorologia em amostras de sangue, além de PCR em amostras de urina. O texto não detalha os demais casos.",O sangue é usado para realizar testes laboratoriais que podem detectar o vírus da chikungunya e confirmar a infecção. Isso é feito por meio de técnicas de PCR (reação em cadeia da polimerase) e sorologia.,Fase Aguda,"#Diagnóstico, #Chikungunya",Manejo_Chikungunya_2ed.md,70,2,100.0
chikungunya_qa_1008,Médica,Quais fluidos biológicos podem ser coletados além do sangue e urina?,"Além do sangue e urina, o texto menciona que outros fluidos biológicos, como líquido cefalorraquidiano (LCR) em casos de manifestações neurológicas, podem ser coletados para análise. Também é possível coletar tecidos, que podem ser processados para detectar a presença de antígenos ou material genético do vírus, por meio de testes de imuno-histoquímica e RT-PCR, ou avaliar as alterações patológicas associadas.","outros fluidos biológicos, como líquido cefalorraquidiano (LCR) em casos de manifestações neurológicas, podem ser coletados para análise.",Fase Aguda,"#Coleta, #Chikungunya",Manejo_Chikungunya_2ed.md,70,2,100.0
chikungunya_qa_1009,Cuidador,Quando devo levar meu bebê para a UTI Neonatal?,Leve seu bebê para a UTI Neonatal em uma unidade GAR de referência se ele apresentar algum sintoma relacionado à chikungunya. É importante que essa decisão seja feita por um profissional de saúde.,"Para os casos em que o RN apresentar alguma sintomatologia, ele deverá ser encaminhado à **UTI Neonatal**.",Fase Aguda,"#Sintomas, #Tratamento",Nota Técnica nº 28SESSUBPAS-SRAS-DATE-CMI2023.md,90,1,100.0
chikungunya_qa_1010,Cuidador,Como devo proceder caso identifique um erro de imunização?,"Caso identifique um erro de imunização, você deve notificar imediatamente o erro ao Sistema Nacional de Vigilância Epidemiológica (SNVE) e seguir as orientações estabelecidas para o manejo deste tipo de evento. É importante que você tenha em mente que o erro de imunização é um evento evitável e não intencional, e a notificação deve ser feita de acordo com os procedimentos do Sistema Nacional de Vigilância Epidemiológica dos Eventos Supostamente Atribuíveis à Vacinação ou Imunização (ESAVI).",Esta Nota Técnica estabelece orientações para a notificação e o manejo de erros de imunização.,N/A (Geral),"#Notificação, #Manejo",Nota Técnica nº 642025-CGFAMDPNISVSAMS.md,93,1,100.0
chikungunya_qa_1011,Cuidador,O que devo fazer se identificar um erro de imunização?,"Se você identificar um erro de imunização, deve seguir as orientações estabelecidas para a notificação e o manejo desse erro, especificamente para a vacina chikungunya (recombinante e atenuada). É importante notificar o erro no âmbito do Sistema Nacional de Vigilância Epidemiológica (SNVE) dos Eventos Supostamente Atribuíveis à Vacinação ou Imunização (ESAVI), especialmente durante a estratégia piloto de vacinação em municípios prioritários.",Esta Nota Técnica estabelece orientações para a notificação e o manejo de erros de imunização envolvendo a **vacina chikungunya (recombinante e atenuada)**.,N/A (Geral),"#ErroDeImunização, #Notificação",Nota Técnica nº 642025-CGFAMDPNISVSAMS.md,93,2,100.0
chikungunya_qa_1012,Cuidador,Qual é a importância de notificar erros de imunização?,"Notificar erros de imunização é importante para garantir a segurança e a eficácia das vacinas, além de permitir a análise de eventos que possam ocorrer durante a vacinação. Essa notificação é realizada no âmbito do Sistema Nacional de Vigilância Epidemiológica (SNVE) dos Eventos Supostamente Atribuíveis à Vacinação ou Imunização (ESAVI), especialmente durante a estratégia piloto de vacinação em municípios prioritários.",Esta Nota Técnica estabelece orientações para a notificação e o manejo de erros de imunização.,N/A (Geral),"#ErroDeImunização, #Notificação",Nota Técnica nº 642025-CGFAMDPNISVSAMS.md,93,2,100.0
chikungunya_qa_1013,Paciente,O que é a vacina contra a chikungunya?,"A vacina contra a chikungunya é composta por vírus vivo atenuado da cepa 181/clone25 do vírus chikungunya, desenvolvida pela empresa Valneva Áustria GmbH. Ela é administrada via intramuscular em dose única de 0,5 mL. Essa vacina estimula o sistema imunológico a produzir uma resposta de defesa contra o vírus, sem causar a doença, induzindo anticorpos neutralizantes e imunidade celular específica.",A vacina chikungunya utilizada na estratégia piloto é composta por **vírus vivo atenuado da cepa 181/clone25** do vírus chikungunya (CHIKV)...,N/A (Geral),"#Vacinação, #Chikungunya",Nota Técnica nº 92026-CGFAMDPNISVSAMS.md,116,1,100.0
chikungunya_qa_1014,Paciente,Como a vacina funciona?,"A vacina funciona estimulando o sistema imunológico a produzir uma resposta de defesa contra o vírus chikungunya, criando anticorpos neutralizantes e promovendo imunidade celular específica, tudo isso sem causar a doença.","**Mecanismo:** estimula o sistema imunológico a produzir uma resposta de defesa contra o vírus sem causar a doença, com indução de anticorpos neutralizantes e imunidade celular específica",N/A (Geral),"#Mecanismo, #Imunidade",Nota Técnica nº 92026-CGFAMDPNISVSAMS.md,116,1,100.0
chikungunya_qa_1015,Paciente,Quando o vírus vacinal é eliminado do corpo?,"O vírus vacinal é eliminado do corpo após a vacinação, sendo detectado no sangue e na urina. A viremia foi observada em 90% das pessoas três dias após a vacinação, caiu para 17% após sete dias e não foi detectada após 15 dias.","O vírus atenuado foi detectado no sangue e na urina das pessoas vacinadas. Em ensaio clínico, a viremia foi observada em **90% dos indivíduos três dias após a vacinação**, reduzindo para 17% após sete dias, e **não foi detectada após 15 dias**.",N/A (Geral),"#Eliminação, #Vírus",Nota Técnica nº 92026-CGFAMDPNISVSAMS.md,116,1,100.0
chikungunya_qa_1016,Médica,Qual é a taxa de viremia após a vacinação?,"A viremia foi observada em 90% dos indivíduos três dias após a vacinação, reduzindo para 17% após sete dias, e não foi detectada após 15 dias.","Em ensaio clínico, a viremia foi observada em **90% dos indivíduos três dias após a vacinação**, reduzindo para 17% após sete dias, e **não foi detectada após 15 dias**.",N/A (Geral),"#Viremia, #DadosClinicos",Nota Técnica nº 92026-CGFAMDPNISVSAMS.md,116,1,100.0
chikungunya_qa_1017,Médica,Quais são os critérios para confirmar um caso de chikungunya após a vacinação?,"Os critérios para confirmar um caso de chikungunya após a vacinação incluem um resultado positivo no RT-PCR e o sequenciamento genético do vírus vacinal. O texto menciona que casos sem confirmação por RT-PCR, ou sequenciamento de vírus selvagem, ou confirmados para outro agravo são descartados.","Confirmado: RT-PCR positivo + sequenciamento genético do vírus vacinal. Descartado: sem confirmação por RT-PCR, ou sequenciamento de vírus selvagem, ou confirmado para outro agravo",N/A (Geral),"#Diagnóstico, #Critérios",Nota Técnica nº 92026-CGFAMDPNISVSAMS.md,128,1,100.0
chikungunya_qa_1018,Paciente,Quando eu devo coletar a amostra se começar a ter sintomas?,"A amostra deve ser coletada até o 5º dia após o início dos sintomas. O exame a ser realizado é a biologia molecular (RT-PCR). Se o vírus for detectável, será feito um sequenciamento genético para diferenciar entre o vírus selvagem e o vacinal.",Coleta de amostra: até **5º dia** após início dos sintomas,N/A (Geral),"#Sintomas, #Diagnóstico",Nota Técnica nº 92026-CGFAMDPNISVSAMS.md,130,1,100.0
chikungunya_qa_1019,Paciente,Qual exame é feito para verificar chikungunya?,"O exame feito para verificar chikungunya é a biologia molecular, conhecido como RT-PCR. A coleta da amostra deve ser realizada até o 5º dia após o início dos sintomas. Se o vírus for detectável, é realizado o sequenciamento genético para diferenciar entre o vírus selvagem e o vacinal.",Exame: biologia molecular (RT-PCR),N/A (Geral),"#Diagnóstico, #Tratamento",Nota Técnica nº 92026-CGFAMDPNISVSAMS.md,130,1,100.0
chikungunya_qa_1020,Médica,Qual é o método diagnóstico recomendado para chikungunya?,"O método diagnóstico recomendado para chikungunya é a biologia molecular através de RT-PCR, que deve ser realizado até o 5º dia após o início dos sintomas. Se o vírus for detectável, é indicado o sequenciamento genético para diferenciação entre vírus selvagem e vacinal.",Exame: biologia molecular (RT-PCR),N/A (Geral),#Diagnóstico,Nota Técnica nº 92026-CGFAMDPNISVSAMS.md,130,1,100.0
chikungunya_qa_1021,Médica,Qual a conduta se o exame de RT-PCR for positivo?,"Se o exame de RT-PCR for positivo, deve-se proceder com o sequenciamento genético para diferenciação entre o vírus selvagem e o vacinal. A coleta da amostra deve ser realizada até o 5º dia após o início dos sintomas.",Se detectável: **sequenciamento genético** para diferenciação entre vírus selvagem e vacinal,N/A (Geral),"#Tratamento, #Diagnóstico",Nota Técnica nº 92026-CGFAMDPNISVSAMS.md,130,1,100.0
chikungunya_qa_1022,Paciente,Como posso melhorar minha movimentação nas articulações?,"Na fase aguda, você pode usar bandagens compressivas e fazer exercícios leves com cuidado. Além disso, órteses podem ajudar a manter suas articulações estáveis.",• Bandagens compressivas<br>• Exercícios ativos leves (cautela)<br>• Órteses,Fase Aguda,#Movimentação,SBR- Recomentações fisioterapeuticas.md,1,1,90.0
chikungunya_qa_1023,Médica,Qual é o tratamento indicado para dor persistente?,"A Estimulação Elétrica Nervosa Transcutânea (TENS) é indicada para alívio da dor, especialmente em casos de dor neuropática e persistente, mesmo com medicação.","A Estimulação Elétrica Nervosa Transcutânea (TENS) é útil para o alívio da dor, indicada principalmente para pacientes com dor persistente mesmo com medicação e para dor neuropática.",Fase Crônica/Subaguda,"#Tratamento, #Dor",SBR- Recomentações fisioterapeuticas.md,2,1,95.0
chikungunya_qa_1024,Médica,Quais são os tipos de exercícios que devem ser incorporados na cinesioterapia?,"Na cinesioterapia, devemos incluir exercícios passivos, ativos livres e ativos resistidos, começando com contrações isométricas, seguidas por isotônicas e isocinéticas.","Cinesioterapia (Exercícios): É a abordagem mais mencionada na literatura: Exercícios Progressivos: Passivos, ativos livres e ativos resistidos devem ser introduzidos progressivamente.",Fase Aguda,"#Cinesioterapia, #Exercícios",SBR- Recomentações fisioterapeuticas.md,3,1,95.0
chikungunya_qa_1025,Médica,Qual o papel da eletrotermofototerapia no tratamento de inflamações?,O uso de laser de baixa potência e ultrassom pode auxiliar no controle dos sintomas em processos inflamatórios articulares e tendíneos.,Eletrotermofototerapia: O uso de laser de baixa potência e ultrassom pode auxiliar no controle dos sintomas em processos inflamatórios articulares e tendíneos.,Fase Aguda,"#Terapia, #Tratamento",SBR- Recomentações fisioterapeuticas.md,3,2,90.0
chikungunya_qa_1026,Paciente,Posso usar compressa quente nas articulações para aliviar a dor da chikungunya?,"Na fase aguda, o uso de calor deve ser evitado. O calor pode aumentar a temperatura interna das articulações e piorar a resposta inflamatória, o que pode aumentar a dor e o inchaço. Prefira o uso de crioterapia (frio) sob orientação médica.",Contraindicação: O uso de calor deve ser evitado para prevenir o aumento da temperatura interna das articulações e não exacerbar a resposta inflamatória.,Fase Aguda,"#Contraindicação, #FaseAguda, #Calor",SBR- Recomentações fisioterapeuticas.md,0,1,100.0
chikungunya_qa_1027,Médica,Qual a principal contraindicação em relação à termoterapia na fase aguda da Chikungunya?,"O uso de calor é formalmente contraindicado na fase aguda. Ele deve ser evitado para prevenir o aumento da temperatura interna das articulações, o que poderia exacerbar a resposta inflamatória e agravar os sintomas articulares do paciente.",Contraindicação: O uso de calor deve ser evitado para prevenir o aumento da temperatura interna das articulações e não exacerbar a resposta inflamatória.,Fase Aguda,"#Contraindicação, #Termoterapia, #FaseAguda",SBR- Recomentações fisioterapeuticas.md,0,1,100.0
chikungunya_qa_1028,Paciente,O que posso fazer para aliviar a dor e o inchaço nas articulações?,"Você pode usar gelo para fazer crioterapia, além de tentar a terapia manual e TENS para ajudar a aliviar a dor e o inchaço.",• Crioterapia<br>• TENS<br>• Terapia manual,Fase Aguda,"#Dor, #Alívio",SBR- Recomentações fisioterapeuticas.md,1,1,95.0
chikungunya_qa_1029,Paciente,O que devo evitar se estiver com chikungunya?,"É importante evitar o uso de calor, pois isso pode piorar a inflamação nas articulações.",• Uso de calor (pode piorar a resposta inflamatória),Fase Aguda,"#Cuidados, #Inflamação",SBR- Recomentações fisioterapeuticas.md,1,1,95.0
chikungunya_qa_1030,Paciente,Quais cuidados devo ter com o meu corpo?,"É importante fazer exercícios leves para manter os movimentos das articulações, descansar quando necessário, usar órteses e evitar movimentos que causem dor.","Exercícios ativos devem ser orientados com intensidade leve para manter as funções articulares, com cautela para não exacerbar os sintomas inflamatórios. Deve-se indicar repouso relativo, uso de órteses e evitar movimentos que desencadeiem dor.",Fase Aguda,"#Cuidados, #Exercícios",SBR- Recomentações fisioterapeuticas.md,2,1,95.0
chikungunya_qa_1031,Cuidador,Como posso ajudar a melhorar a circulação do paciente?,"Você pode ajudar fazendo drenagem linfática manual e usando bandagens compressivas, o que pode melhorar a circulação linfática, especialmente em casos de inchaço.",Drenagem linfática manual pode ser associada a bandagens compressivas para indicar a melhoria da circulação linfática.,Fase Aguda,"#Circulação, #DrenagemLinfática",SBR- Recomentações fisioterapeuticas.md,2,1,95.0
chikungunya_qa_1032,Médica,Quais são as indicações para o uso de TENS?,"A TENS é indicada para alívio da dor, especialmente em pacientes com dor persistente, mesmo com medicação, e para dor neuropática.","A Estimulação Elétrica Nervosa Transcutânea (TENS) é útil para o alívio da dor, indicada principalmente para pacientes com dor persistente mesmo com medicação e para dor neuropática.",Fase Crônica/Subaguda,"#TENS, #Tratamento",SBR- Recomentações fisioterapeuticas.md,2,1,100.0
chikungunya_qa_1033,Médica,Quais cuidados devem ser tomados com o uso de calor em pacientes com inflamação?,O uso de calor deve ser evitado para prevenir o aumento da temperatura interna das articulações e não exacerbar a resposta inflamatória.,O uso de calor deve ser evitado para prevenir o aumento da temperatura interna das articulações e não exacerbar a resposta inflamatória.,Fase Aguda,"#Contraindicação, #Tratamento",SBR- Recomentações fisioterapeuticas.md,2,1,100.0
chikungunya_qa_1034,Médica,Quais são as dosagens recomendadas para os exercícios na cinesioterapia?,"Os exercícios devem ser introduzidos progressivamente, começando com contrações isométricas, seguidas por isotônicas e isocinéticas, conforme a tolerância do paciente, visando ganho de amplitude de movimento e força muscular.","Cinesioterapia (Exercícios): Exercícios Progressivos: Passivos, ativos livres e ativos resistidos devem ser introduzidos progressivamente (contrações isométricas, seguidas de isotônicas e isocinéticas) para ganho de amplitude de movimento (ADM) e força muscular.",Fase Aguda,"#Cinesioterapia, #Dosagem",SBR- Recomentações fisioterapeuticas.md,3,1,95.0
chikungunya_qa_1035,Médica,Quais são as indicações para a eletrotermofototerapia?,"A eletrotermofototerapia, que inclui o uso de laser de baixa potência e ultrassom, é indicada para controle dos sintomas em processos inflamatórios articulares e tendíneos.",Eletrotermofototerapia: O uso de laser de baixa potência e ultrassom pode auxiliar no controle dos sintomas em processos inflamatórios articulares e tendíneos.,Fase Aguda,"#Eletrotermofototerapia, #Indicações",SBR- Recomentações fisioterapeuticas.md,3,1,95.0
chikungunya_qa_1036,Médica,Quais técnicas de fisioterapia são indicadas para tendinites?,"Recomenda-se o uso de técnicas de mobilização de tecidos moles e mobilização articular, além de cinesioterapia focada na recuperação da amplitude de movimento e força.","Recursos Manuais Avançados: Técnicas de mobilização de tecidos moles e mobilização articular são indicadas para relaxamento, diminuição da tensão muscular e restauração da ADM indolor.",Fase Crônica/Subaguda,"#fisioterapia, #tendinites",SBR- Recomentações fisioterapeuticas.md,3,2,100.0
chikungunya_qa_1037,Paciente,Como posso melhorar a minha força muscular?,"É importante fazer exercícios progressivos, que incluem contrações isométricas, isotônicas e isocinéticas. Isso vai ajudar a aumentar sua força e a amplitude de movimento.","Exercícios Progressivos: Passivos, ativos livres e ativos resistidos devem ser introduzidos progressivamente (contrações isométricas, seguidas de isotônicas e isocinéticas) para ganho de amplitude de movimento (ADM) e força muscular.",Fase Aguda,"#força, #exercícios",SBR- Recomentações fisioterapeuticas.md,3,3,95.0
chikungunya_qa_1038,Médica,Quais são as indicações para a cinesioterapia em pacientes com dor inflamatória?,"A cinesioterapia deve incluir exercícios progressivos, alongamentos e treinamento proprioceptivo, com foco na reeducação do movimento e na recuperação de habilidades funcionais.","Cinesioterapia (Exercícios): É a abordagem mais mencionada na literatura: Exercícios Progressivos: Passivos, ativos livres e ativos resistidos devem ser introduzidos progressivamente.",Fase Crônica/Subaguda,"#cinesioterapia, #indicações",SBR- Recomentações fisioterapeuticas.md,3,3,95.0
chikungunya_qa_1039,Paciente,O que é a fisioterapia aquática e como pode me ajudar?,"A fisioterapia aquática é um tipo de tratamento que acontece na água. Ela ajuda a aliviar a dor, reduz o inchaço e melhora a mobilidade das articulações.","* **Fisioterapia Aquática:** Oferece alívio da dor, redução do edema, melhora da mobilidade articular e das habilidades funcionais.",Fase Crônica/Subaguda,"#fisioterapia, #água",SBR- Recomentações fisioterapeuticas.md,3,4,95.0
chikungunya_qa_1040,Paciente,Qual remédio posso tomar para aliviar a dor?,"Você pode tomar Paracetamol. A dose é de 60 mg por quilo do seu peso por dia, mas não pode passar de 4 gramas no total por dia. Outra opção é a Dipirona.","* **Tratamento Inicial:** Focado no controle da dor musculoesquelética localizada ou difusa com Paracetamol (60 mg/kg/dia, máx. 4g/dia) ou Dipirona.",Fase Aguda,"#Dores, #Remédios",SBR- Recomentações fisioterapeuticas.md,4,1,95.0
chikungunya_qa_1041,Paciente,O que fazer se a dor continuar muito forte?,"Se a dor for muito forte, você pode usar remédios como Tramadol ou uma combinação de Paracetamol com Codeína.",* **Persistência ou Dor Forte (EVA ≥ 7):** Considerar uso de opioides fracos (Tramadol ou Paracetamol/Codeína).,Fase Aguda,"#Dores, #Tratamento",SBR- Recomentações fisioterapeuticas.md,4,1,100.0
chikungunya_qa_1042,Médica,Qual a dose recomendada de Paracetamol para controle da dor?,"A dose recomendada de Paracetamol é de 60 mg/kg/dia, com um máximo de 4g/dia.","* **Tratamento Inicial:** Focado no controle da dor musculoesquelética localizada ou difusa com Paracetamol (60 mg/kg/dia, máx. 4g/dia) ou Dipirona.",Fase Aguda,"#Dosagem, #Tratamento",SBR- Recomentações fisioterapeuticas.md,4,1,100.0
chikungunya_qa_1043,Médica,Quais medicamentos são indicados para dor neuropática?,"Os medicamentos indicados para dor neuropática incluem Amitriptilina, Gabapentina, Pregabalina e Carbamazepina.","* **Dor Neuropática:** Uso de medicamentos como Amitriptilina, Gabapentina, Pregabalina ou Carbamazepina.",Fase Aguda,"#DorNeuropática, #Medicamentos",SBR- Recomentações fisioterapeuticas.md,4,1,100.0
chikungunya_qa_1044,Médica,Quando considerar o uso de opioides fracos?,"O uso de opioides fracos, como Tramadol ou Paracetamol/Codeína, deve ser considerado quando a dor persistir ou for classificada como forte, com EVA ≥ 7.",* **Persistência ou Dor Forte (EVA ≥ 7):** Considerar uso de opioides fracos (Tramadol ou Paracetamol/Codeína).,Fase Aguda,"#Opioides, #Tratamento",SBR- Recomentações fisioterapeuticas.md,4,1,100.0
chikungunya_qa_1045,Cuidador,Quais sinais de alerta devo ficar atento durante o tratamento com corticoides?,"Fique atento a sinais como aumento de peso, alterações de humor e dificuldades para dormir. Esses podem ser efeitos colaterais do corticoide.",Introdução de corticoide oral (10 a 20 mg/dia por no mínimo 6 semanas).,Fase Aguda,"#SinaisDeAlerta, #Corticoides",SBR- Recomentações fisioterapeuticas.md,5,1,95.0
chikungunya_qa_1046,Médica,Qual é a dosagem recomendada para o uso de corticoides em pacientes com artrite?,"A dosagem recomendada de corticoide oral é de 10 a 20 mg/dia, por no mínimo 6 semanas.",Introdução de corticoide oral (10 a 20 mg/dia por no mínimo 6 semanas).,Fase Aguda,"#Corticoides, #Dosagem",SBR- Recomentações fisioterapeuticas.md,5,1,100.0
chikungunya_qa_1047,Médica,Como devo ajustar os anticonvulsivantes para dor neuropática?,A continuidade ou ajuste de anticonvulsivantes e/ou antidepressivos deve ser feito com base na resposta clínica do paciente e na intensidade da dor neuropática.,Continuidade ou ajuste de anticonvulsivantes e/ou antidepressivos.,Fase Aguda,#DorNeuropática,SBR- Recomentações fisioterapeuticas.md,5,2,95.0
chikungunya_qa_1048,Paciente,Como funciona o tratamento para dor causada por nervos?,"Para a dor neuropática, você pode usar medicamentos como anticonvulsivantes ou antidepressivos que ajudam a controlar a dor.",**Dor Neuropática:** Continuidade ou ajuste de anticonvulsivantes e/ou antidepressivos.,Fase Aguda,"#DorNeuropática, #Tratamento",SBR- Recomentações fisioterapeuticas.md,5,3,95.0
chikungunya_qa_1049,Cuidador,Quais medicamentos posso administrar para a dor musculoesquelética do paciente?,"Você pode começar com analgésicos comuns e, se a dor persistir, considerar opioides fracos ou anti-inflamatórios não esteroidais. É importante monitorar a dor e a resposta do paciente.",**Dor Musculoesquelética Persistente:** Progressão de analgésicos comuns para opioides fracos e Anti-inflamatórios Não Esteroidais (AINEs).,Fase Aguda,"#Cuidado, #DorMusculoesquelética",SBR- Recomentações fisioterapeuticas.md,5,3,95.0
chikungunya_qa_1050,Paciente,Como posso tratar a dor que vem e vai?,"Para dores que aparecem de forma difusa ou neuropática, o tratamento pode incluir remédios como anticonvulsivantes ou antidepressivos.",* **Sintomas Difusos ou Neuropáticos:** Tratamento com anticonvulsivantes e/ou antidepressivos.,Fase Aguda,#DorDifusa,SBR- Recomentações fisioterapeuticas.md,6,1,95.0
chikungunya_qa_1051,Médica,Quando considerar o uso de agentes biológicos em pacientes com DAIC?,O uso de agentes biológicos deve ser considerado em casos refratários de Doença Articular Inflamatória Crônica (DAIC) pós-chikungunya.,"* **Casos Refratários:** Em situações de Doença Articular Inflamatória Crônica (DAIC) pós-chikungunya refratária, avalia-se o uso de agente Biológico (anti-TNF).",Fase Crônica/Subaguda,#AgentesBiológicos,SBR- Recomentações fisioterapeuticas.md,6,1,95.0
chikungunya_qa_1052,Médica,Quais são as opções de tratamento para casos refratários de DAIC?,"Em casos refratários, pode-se considerar o uso de agentes biológicos, como anti-TNF.","Casos Refratários: Em situações de Doença Articular Inflamatória Crônica (DAIC) pós-chikungunya refratária, avalia-se o uso de agente Biológico (anti-TNF).",Fase Aguda,"#TratamentoRefratário, #DAIC",SBR- Recomentações fisioterapeuticas.md,6,2,90.0
chikungunya_qa_1053,Médica,Qual é o esquema de tratamento para artrite crônica?,"O tratamento envolve o uso escalonado de corticoide oral, Hidroxicloroquina (HCQ) e imunossupressores como Metotrexato na dosagem de 10 a 25 mg/semana ou Sulfassalazina (SSZ).","* **Artrite / Tenossinovite Crônica:** Uso escalonado de corticoide oral, Hidroxicloroquina (HCQ) e Imunossupressores/MMCDs como Metotrexato (10 a 25 mg/semana) ou Sulfassalazina (SSZ).",Fase Crônica/Subaguda,"#tratamento, #artrite",SBR- Recomentações fisioterapeuticas.md,6,3,100.0
chikungunya_qa_1054,Médica,Qual a abordagem terapêutica para sintomas neuropáticos?,"Os sintomas neuropáticos devem ser tratados com anticonvulsivantes e/ou antidepressivos, conforme a necessidade do paciente.",* **Sintomas Difusos ou Neuropáticos:** Tratamento com anticonvulsivantes e/ou antidepressivos.,Fase Aguda,"#sintomasneuropáticos, #tratamento",SBR- Recomentações fisioterapeuticas.md,6,3,100.0
chikungunya_qa_1055,Médica,Quais são os medicamentos utilizados para o tratamento de Doença Articular Inflamatória Crônica refratária?,"Para casos refratários de DAIC, avalia-se o uso de agentes biológicos, como anti-TNF, além do tratamento com corticoides e imunossupressores.","* **Casos Refratários:** Em situações de Doença Articular Inflamatória Crônica (DAIC) pós-chikungunya refratária, avalia-se o uso de agente Biológico (anti-TNF).",Fase Crônica/Subaguda,"#Tratamento, #DAIC",SBR- Recomentações fisioterapeuticas.md,6,4,90.0
chikungunya_qa_1056,Médica,Qual a dosagem recomendada para a eletrotermofototerapia?,O contexto não fornece informações específicas sobre a dosagem recomendada para a eletrotermofototerapia. Recomendo consultar a literatura específica ou diretrizes clínicas para obter detalhes sobre a aplicação do laser de baixa potência e ultrassom.,Eletrotermofototerapia: O uso de laser de baixa potência e ultrassom pode auxiliar no controle dos sintomas em processos inflamatórios articulares e tendíneos.,Fase Aguda,"#eletrotermofototerapia, #dosagem",SBR- Recomentações fisioterapeuticas.md,3,3,100.0
chikungunya_qa_1057,Paciente,O que é artrite e como ela afeta meu corpo?,"Artrite é uma inflamação nas articulações que pode causar dor, rigidez e dificuldade de movimento. O tratamento pode incluir o uso de corticoides orais de forma escalonada, Hidroxicloroquina (HCQ) e imunossupressores como Metotrexato ou Sulfassalazina. Em casos mais graves ou refratários, como na Doença Articular Inflamatória Crônica pós-chikungunya, pode ser necessário o uso de agentes biológicos, como os anti-TNF.","Artrite / Tenossinovite Crônica: Uso escalonado de corticoide oral, Hidroxicloroquina (HCQ) e Imunossupressores/MMCDs como Metotrexato (10 a 25 mg/semana) ou Sulfassalazina (SSZ).",Fase Crônica/Subaguda,"#Artrite, #Saúde",SBR- Recomentações fisioterapeuticas.md,6,2,90.0
chikungunya_qa_1058,Paciente,Por quanto tempo a vacina IXCHIQ mantém a proteção?,"A vacina IXCHIQ mantém a proteção por 12 meses, com base no título de anticorpos considerado razoavelmente provável para prever essa proteção.",título de anticorpos considerado razoavelmente provável para prever proteção mantido após 12 meses,N/A (Geral),"#Vacina, #TempoDeProteção",IXCHIQ (vacina chikungunya) novo registro.md,8,1,93.75
chikungunya_qa_1059,Médica,Quais são as implicações da vacinação em pessoas com histórico de Chikungunya?,"A vacinação em pessoas com histórico de Chikungunya não induz aumentos significativos de títulos de anticorpos, o que pode indicar que a resposta imunológica à vacina é limitada em indivíduos que já tiveram a doença ou contato prévio com o vírus.",a vacina não induz aumentos significativos de títulos de anticorpos em indivíduos que já tiveram a doença ou tiveram contato prévio com o vírus antes da vacinação,N/A (Geral),"#Vacina, #Implicações",IXCHIQ (vacina chikungunya) novo registro.md,9,2,93.75
chikungunya_qa_1060,Paciente,O que é sensibilidade no local da injeção?,Sensibilidade no local da injeção é uma reação adversa que se refere à dor ou desconforto que pode ser sentida na área onde a injeção foi administrada. Essa condição é uma das reações adversas mais frequentemente observadas nos estudos clínicos conduzidos em adultos e adolescentes.,As reações adversas mais frequentemente observadas nos estudos clínicos conduzidos em adultos e adolescentes foram: - Sensibilidade no local da injeção,N/A (Geral),"#Sintomas, #Vacinação",IXCHIQ (vacina chikungunya) novo registro.md,11,1,98.75
chikungunya_qa_1061,Paciente,Os efeitos colaterais da vacina são mais frequentes em pessoas mais velhas?,"Sim, os efeitos adversos graves e que necessitaram de atendimento médico foram mais frequentes em pessoas com 65 anos ou mais.",Eventos adversos graves e eventos adversos com necessidade de atendimento médico associados à vacina foram **mais frequentes** em participantes ≥ 65 anos.,N/A (Geral),"#EventosAdversos, #Vacinação",IXCHIQ (vacina chikungunya) novo registro.md,13,1,98.75
chikungunya_qa_1062,Paciente,As reações adversas são diferentes entre jovens e idosos?,"Sim, as reações adversas são diferentes entre jovens e idosos. Os eventos adversos locais e sistêmicos foram menos frequentes em participantes com 65 anos ou mais em comparação com aqueles de 18 a 64 anos.",Eventos adversos locais e sistêmicos solicitados foram **menos frequentes** em participantes ≥ 65 anos em comparação com participantes de 18 a 64 anos.,N/A (Geral),"#EventosAdversos, #Vacinação",IXCHIQ (vacina chikungunya) novo registro.md,13,1,98.75
chikungunya_qa_1063,Paciente,Os efeitos colaterais da vacina são diferentes para pessoas mais velhas?,"Sim, os efeitos colaterais da vacina podem ser diferentes para pessoas mais velhas. As reações adversas locais e sistêmicas foram menos frequentes em participantes com 65 anos ou mais em comparação com participantes de 18 a 64 anos.",Eventos adversos locais e sistêmicos solicitados foram **menos frequentes** em participantes ≥ 65 anos em comparação com participantes de 18 a 64 anos,N/A (Geral),"#EfeitosColaterais, #Idosos",IXCHIQ (vacina chikungunya) novo registro.md,13,2,98.75
chikungunya_qa_1064,Médica,Qual é a comparação da frequência de eventos adversos entre diferentes faixas etárias após a vacinação?,Eventos adversos locais e sistêmicos foram menos frequentes em participantes ≥ 65 anos em comparação com participantes de 18 a 64 anos.,Eventos adversos locais e sistêmicos solicitados foram **menos frequentes** em participantes ≥ 65 anos em comparação com participantes de 18 a 64 anos,N/A (Geral),"#EventosAdversos, #Vacinação",IXCHIQ (vacina chikungunya) novo registro.md,13,3,100
chikungunya_qa_1065,Paciente,Quais são os efeitos colaterais que posso esperar se eu tiver 65 anos ou mais?,"Se você tiver 65 anos ou mais, pode esperar que os eventos adversos graves e aqueles que necessitam de atendimento médico sejam mais frequentes.",Eventos adversos graves e eventos adversos com necessidade de atendimento médico associados à vacina foram **mais frequentes** em participantes ≥ 65 anos,N/A (Geral),"#EfeitosColaterais, #Idosos",IXCHIQ (vacina chikungunya) novo registro.md,13,6,91.25
chikungunya_qa_1066,Médica,Qual é o perfil de segurança a longo prazo da vacina em indivíduos debilitados?,"O perfil de segurança a longo prazo da vacina em indivíduos debilitados com condições clínicas agudas ou progressivas, instáveis ou descontroladas deve ser cuidadosamente monitorado. É fundamental observar reações adversas específicas que possam surgir devido à fragilidade desses pacientes, uma vez que a resposta imunológica pode ser alterada. O acompanhamento deve incluir avaliações regulares para identificar qualquer efeito colateral e garantir que a vacinação não agrave a condição clínica do indivíduo.","Perfil de segurança em **indivíduos debilitados** com condições clínicas agudas ou progressivas, instáveis ou descontroladas",N/A (Geral),"#Segurança, #Epidemiologia",IXCHIQ (vacina chikungunya) novo registro.md,14,2,90
chikungunya_qa_1067,Médica,Quais são as considerações sobre a segurança da vacina em pacientes com doenças autoimunes?,"O perfil de segurança em pacientes com doenças autoimunes ou inflamatórias deve ser cuidadosamente avaliado, pois essas condições podem influenciar tanto a resposta imunológica à vacina quanto a ocorrência de eventos adversos. É importante considerar que pacientes com doenças autoimunes podem ter um risco aumentado de reações adversas, além de possíveis interações com a medicação imunossupressora que estão utilizando. Portanto, a avaliação deve incluir a análise do histórico clínico do paciente, a gravidade da doença autoimune, e a natureza da vacina em questão, para garantir que os benefícios superem os riscos.",Perfil de segurança em pacientes com **doenças autoimunes ou inflamatórias**,N/A (Geral),"#Segurança, #Epidemiologia",IXCHIQ (vacina chikungunya) novo registro.md,14,2,93.75
chikungunya_qa_1068,Médica,Como os efeitos adversos da vacina se manifestam?,"Os efeitos adversos da vacina se manifestam principalmente de forma leve ou moderada, com a maioria sendo de curta duração. Em geral, a avaliação de segurança indica que esses efeitos são considerados aceitáveis.","a maioria dos efeitos adversos relatados sendo leves ou moderados e, em geral, de curta duração.",N/A (Geral),"#EfeitosAdversos, #Vacinação",IXCHIQ (vacina chikungunya) novo registro.md,15,1,91.25
chikungunya_qa_1069,Médica,Qual é a duração dos efeitos adversos da vacina?,"Os efeitos adversos da vacina são, em geral, de curta duração e, na maioria das vezes, leves ou moderados.","e, em geral, de curta duração.",N/A (Geral),"#EfeitosAdversos, #Vacinação",IXCHIQ (vacina chikungunya) novo registro.md,15,2,97.5
chikungunya_qa_1070,Paciente,Como é o perfil de segurança da vacina?,"O perfil de segurança da vacina foi considerado aceitável, pois os efeitos adversos são majoritariamente leves ou moderados e de curta duração.",o perfil de segurança da vacina foi considerado **aceitável**,N/A (Geral),"#Segurança, #Vacinação",IXCHIQ (vacina chikungunya) novo registro.md,15,3,91.25
chikungunya_qa_1071,Paciente,O que posso esperar em relação à segurança da vacina?,"O perfil de segurança da vacina foi considerado aceitável, e a maioria dos efeitos adversos são leves ou moderados e de curta duração.",o perfil de segurança da vacina foi considerado aceitável,N/A (Geral),"#Segurança, #Vacinação",IXCHIQ (vacina chikungunya) novo registro.md,15,5,95
chikungunya_qa_1072,Paciente,O que significa ser endêmico para a Chikungunya?,"Ser endêmico para a Chikungunya significa que a doença é comum no Brasil, ou seja, muitas pessoas estão expostas a ela de forma contínua. Isso indica que a Chikungunya está presente na população de maneira regular e que há uma expectativa de que novos casos ocorram ao longo do tempo, devido à presença constante do vírus e do mosquito transmissor.",Que o Brasil é um país endêmico para a Chikungunya,N/A (Geral),"#Epidemiologia, #Chikungunya",IXCHIQ (vacina chikungunya) novo registro.md,17,1,98.75
chikungunya_qa_1073,Paciente,O que acontece com o meu corpo após ser picado por um mosquito infectado com chikungunya?,"Após a picada de um mosquito infectado com chikungunya, o vírus começa a se multiplicar no seu corpo. O período de incubação, que é o tempo entre a picada e o surgimento dos primeiros sintomas, é em média de três a sete dias, podendo variar de um a 12 dias. Durante esse período, o vírus pode estar presente na corrente sanguínea, um processo conhecido como viremia, antes que os sintomas apareçam.","O período de incubação intrínseco, que ocorre no ser humano, é em média de três a sete dias (podendo variar de um a 12 dias).",Fase Aguda,"#Sintomas, #Incubação",Manejo_Chikungunya_2ed.md,19,3,97.5
chikungunya_qa_1074,Paciente,O que significa a chikungunya para a saúde pública?,"A introdução da chikungunya nas Américas em 2013 representou um grande desafio para a saúde pública, pois sua rápida disseminação afetou muitos países, incluindo o Brasil, e levou ao aumento de complicações graves. Além disso, houve um crescimento das evidências científicas sobre a doença.","A introdução do chikungunya nas Américas em 2013, seguida de rápida disseminação para grande parte dos países, incluindo o Brasil, representou um grande desafio para a saúde pública.",Fase Aguda,"#Epidemiologia, #Saúde Pública",Manejo_Chikungunya_2ed.md,21,4,90
chikungunya_qa_1075,Médica,Qual foi o excedente de óbitos relacionados à chikungunya em Pernambuco em 2016?,"Em 2016, houve um excedente de 4.235 óbitos em Pernambuco em relação à média dos quatro anos anteriores, mas não está especificado quantos desses óbitos estão relacionados à chikungunya.",Houve um excedente de 4.235 óbitos no ano de 2016 em relação à média dos quatro anos anteriores.,N/A (Geral),"#Epidemiologia, #Mortes",Manejo_Chikungunya_2ed.md,21,4,98.75
chikungunya_qa_1076,Paciente,O que significa ter uma forma atípica de chikungunya?,"Uma forma atípica de chikungunya significa que você pode ter manifestações extra-articulares, ou seja, sintomas diferentes dos comuns, que não se limitam apenas às dores nas articulações. Essas manifestações são importantes e, devido à sua frequência e relevância, deveriam receber uma denominação própria.","nomeando como atípicas as manifestações extra-articulares, que, pela frequência e importância, deveriam receber outra denominação.",Fase Aguda,"#Sintomas, #Chikungunya",Manejo_Chikungunya_2ed.md,23,1,93.75
chikungunya_qa_1077,Paciente,Quais são as formas de chikungunya que podem ser graves?,"As formas de chikungunya que podem ser graves incluem o comprometimento de órgãos sistêmicos, que são classificadas como formas atípicas. Essas formas atípicas podem evoluir para situações graves e se tornar a principal causa de morte relacionada à infecção pelo chikungunya.",o comprometimento de órgãos sistêmicos (classificados como formas atípicas) pode evoluir para formas graves e se tornar a principal causa de morte relacionada à infecção pelo chikungunya.,Fase Aguda,"#Sintomas, #Gravidade",Manejo_Chikungunya_2ed.md,24,1,98.75
chikungunya_qa_1078,Paciente,Quais são os sinais de que a chikungunya pode se tornar grave?,"Se você notar manifestações sistêmicas, isso pode ser um sinal de que a chikungunya está se tornando grave. Essas manifestações podem ocorrer em qualquer fase da doença e é importante ficar atento a elas, pois podem indicar um potencial sinal de gravidade e uma evolução para formas mais sérias da doença.","em qualquer fase da chikungunya as manifestações sistêmicas, quando presentes, podem representar um potencial sinal de gravidade",Fase Aguda,"#Sintomas, #Gravidade",Manejo_Chikungunya_2ed.md,24,3,93.75
chikungunya_qa_1079,Paciente,Por que é importante saber sobre a chikungunya?,É importante saber sobre a chikungunya porque uma boa compreensão da doença pode ajudar na detecção precoce de casos graves e no manejo adequado. Isso é fundamental para que os profissionais de saúde possam agir rapidamente e de forma eficaz.,tornou-se fundamental uma revisão da classificação clínica dos casos de chikungunya no sentido de alertar profissionais de saúde para a detecção precoce e o manejo adequado e oportuno de casos graves,Fase Aguda,"#Importância, #Tratamento",Manejo_Chikungunya_2ed.md,24,3,91.25
chikungunya_qa_1080,Médica,Qual é a importância de uma classificação abrangente para a chikungunya?,"Uma classificação abrangente para a chikungunya é essencial para sensibilizar os profissionais de saúde sobre a gravidade e as complicações da doença. Além disso, ela contribui para a notificação qualificada dos casos, análise de indicadores epidemiológicos, comparações entre diferentes cenários epidemiológicos e padronização da assistência, o que aprimora o sistema de vigilância epidemiológica como um todo.",Um sistema de classificação abrangendo todos os aspectos da chikungunya pode contribuir para uma maior sensibilização dos profissionais de saúde sobre a gravidade e as complicações associadas à doença,N/A (Geral),"#Classificação, #Epidemiologia",Manejo_Chikungunya_2ed.md,24,5,91.25
chikungunya_qa_1081,Paciente,Quais são as dores que posso sentir durante a chikungunya?,"Durante a chikungunya, a dor musculoesquelética é a manifestação clínica mais comum da doença, ocorrendo predominantemente na fase aguda. Você pode sentir dor nas articulações e dor muscular, que pode variar em intensidade e persistir mesmo após a fase aguda da infecção.","A apresentação clínica clássica de chikungunya é caracterizada pelo comprometimento musculoesquelético, a manifestação clínica mais comum da doença, com um componente inflamatório predominantemente na fase aguda.",Fase Aguda,"#Sintomas, #Tratamento",Manejo_Chikungunya_2ed.md,25,2,98.75
chikungunya_qa_1082,Médica,Quais são as fases da chikungunya e suas características?,"A chikungunya apresenta três fases clínicas principais: a fase aguda, que dura até o 14º dia e é caracterizada por sintomas intensos, incluindo febre alta, dor articular e comprometimento musculoesquelético; a fase pós-aguda, que pode se prolongar por até três meses e é marcada por dor persistente e padrões inflamatórios; e a fase crônica, definida por quadros que duram mais de três meses, onde os sintomas podem incluir dor articular crônica e padrões não-inflamatórios.",A chikungunya apresenta três formas clínicas principais: 1. Chikungunya (forma típica) — evolui sequencialmente por três fases: fase aguda → fase pós-aguda → fase crônica.,Fase Crônica/Subaguda,"#Classificação, #Fases",Manejo_Chikungunya_2ed.md,25,4,93.75
chikungunya_qa_1083,Paciente,O que acontece com as dores nas articulações depois que os sintomas começam?,"Após o início dos sintomas, alguns pacientes podem evoluir com persistência das dores articulares, caracterizando o início da fase pós-aguda.","Alguns pacientes podem evoluir com persistência das dores articulares após a fase aguda, caracterizando-se o início da fase pós-aguda.",Fase Crônica/Subaguda,"#Sintomas, #Evolução",Manejo_Chikungunya_2ed.md,25,5,97.5
chikungunya_qa_1084,Paciente,A chikungunya pode causar problemas graves?,"Sim, a chikungunya pode causar problemas graves, especialmente devido às complicações extra-articulares, que são, em grande parte, as mais graves e potencialmente fatais.","as manifestações extra-articulares são, em grande parte, as complicações mais graves e potencialmente fatais.",Fase Aguda,"#Complicações, #Chikungunya",Manejo_Chikungunya_2ed.md,29,3,98.75
chikungunya_qa_1085,Médica,Quais complicações podem ocorrer em pacientes com chikungunya?,"As complicações podem incluir miocardite, pericardite, insuficiência cardíaca, arritmias, pneumonite, insuficiência respiratória, edema pulmonar, derrame pleural, encefalite, convulsões, síndrome de Guillain-Barré, insuficiência renal aguda, manifestações oftalmológicas e descompensação de comorbidades como diabetes, hipertensão e doenças cardíacas ou pulmonares.","As complicações podem atingir diversos sistemas: no sistema cardiovascular, podem ocorrer miocardite, pericardite, insuficiência cardíaca, arritmias e instabilidade hemodinâmica; no sistema respiratório, pneumonite, insuficiência respiratória, edema pulmonar e derrame pleural; no sistema nervoso, encefalite, convulsões, síndrome de Guillain-Barré e outras alterações neurológicas; no sistema renal, insuficiência renal aguda; além de manifestações oftalmológicas e descompensação de comorbidades como diabetes, hipertensão e doenças cardíacas ou pulmonares.",Fase Aguda,"#Complicações, #Chikungunya",Manejo_Chikungunya_2ed.md,35,1,100
chikungunya_qa_1086,Paciente,O que significa ter manifestações extra-articulares?,"Manifestações extra-articulares são sintomas que ocorrem fora das articulações e podem ser graves, mesmo que não atendam à definição de casos de chikungunya. Pacientes que apresentam essas manifestações, mas sem sinais de gravidade, podem ser acompanhados ambulatorialmente.","alguns casos podem apresentar manifestações extra-articulares. Podem haver casos que não atendam à definição de casos de chikungunya e apresentem manifestações extra-articulares, inclusive graves.",Fase Aguda,"#Sintomas, #Chikungunya",Manejo_Chikungunya_2ed.md,36,6,90
chikungunya_qa_1087,Médica,Quais são os principais sintomas a serem investigados em um paciente com chikungunya?,"Os principais sintomas a serem investigados em um paciente com chikungunya incluem febre, queixas articulares, sintomas respiratórios, manifestações cutâneas, queixas oculares, queixas digestivas, sintomas neurológicos e aspectos relacionados ao aparelho cardiovascular.","realizar um interrogatório sistemático ou sintomatológico para investigar outros sintomas e detalhes relacionados à chikungunya: febre, queixas articulares, sintomas respiratórios, aparelho cardiovascular, sintomas neurológicos, manifestações cutâneas, queixas oculares, queixas digestivas.",Fase Aguda,"#Sintomas, #Chikungunya",Manejo_Chikungunya_2ed.md,37,4,100
chikungunya_qa_1088,Paciente,O que devo fazer se eu tiver febre e dor nas articulações?,"Se você tiver febre e dor nas articulações, é importante informar ao seu médico sobre a intensidade e a duração da febre, incluindo quantos dias você está com febre. Além disso, mencione outros sintomas associados que você possa estar sentindo, como calafrios e sudorese excessiva.","caracterizar a febre, incluindo intensidade, duração (em dias) e sintomas associados, como calafrios, sudorese excessiva etc.;",Fase Aguda,#Sintomas,Manejo_Chikungunya_2ed.md,37,5,90
chikungunya_qa_1089,Paciente,O que eu preciso contar sobre a minha história de viagens?,"É importante que você informe ao médico sobre qualquer viagem que tenha feito para áreas onde o vírus chikungunya é comum. Além disso, mencione se você esteve em áreas com transmissão de malária, Mayaro ou outras doenças transmitidas por mosquito.","história de viagem: obter informações a respeito da procedência do paciente e do histórico de viagens para áreas endêmicas/epidêmicas de chikungunya. Verificar a exposição a áreas de transmissão de malária, Mayaro ou outras doenças transmitidas por mosquito.",Fase Aguda,"#HistóriaDeViagem, #Chikungunya",Manejo_Chikungunya_2ed.md,38,5,100
chikungunya_qa_1090,Paciente,Quais hábitos de vida podem afetar minha saúde se eu tiver chikungunya?,"Se você tem chikungunya, deve considerar seus hábitos de vida, como tabagismo, consumo abusivo de álcool e uso de drogas psicoativas de abuso, pois esses fatores podem influenciar sua recuperação.","Explorar os hábitos de vida do paciente como tabagismo, consumo abusivo de álcool, drogas psicoativas de abuso.",Fase Aguda,"#HábitosDeVida, #Chikungunya",Manejo_Chikungunya_2ed.md,38,6,91.25
chikungunya_qa_1091,Paciente,Quais são os riscos de complicações que eu posso ter se tiver chikungunya?,"Se você tiver chikungunya, o principal risco de complicações é a ocorrência de complicações hemorrágicas devido à trombocitopenia.","a trombocitopenia pode ocorrer na chikungunya, levando a risco de complicações hemorrágicas.",Fase Aguda,"#Sintomas, #Complicações",Manejo_Chikungunya_2ed.md,41,1,90
chikungunya_qa_1092,Médica,Quais cuidados devem ser tomados na classificação de risco de pacientes com chikungunya?,"Na classificação de risco de pacientes com chikungunya, é fundamental considerar a dor articular incapacitante, as manifestações extra-articulares, os sinais de gravidade e realizar o diagnóstico diferencial. Além disso, sistemas de acolhimento com classificação de risco devem ser utilizados nos diferentes níveis de atenção para facilitar o fluxo adequado e assegurar o atendimento dos pacientes suspeitos durante um surto ou epidemia.",Sistemas de acolhimento com classificação de risco devem ser utilizados nos diferentes níveis de atenção para facilitar o fluxo adequado e assegurar o atendimento dos pacientes suspeitos de chikungunya durante um surto/epidemia.,N/A (Geral),"#ClassificaçãoDeRisco, #Chikungunya",Manejo_Chikungunya_2ed.md,42,2,93.75
chikungunya_qa_1093,Paciente,O que acontece se a dor não melhorar durante o tratamento?,"Se a dor não melhorar durante o tratamento, considera-se o uso de metotrexato, que deve ser monitorado laboratorialmente de forma regular. A dose do metotrexato será ajustada conforme a resposta e a tolerância do paciente.","Se não houver melhora, considera-se o uso de metotrexato, com monitoramento laboratorial regular e ajuste de dose conforme resposta e tolerância.",Fase Aguda,"#Tratamento, #Evolução",Manejo_Chikungunya_2ed.md,44,1,98.75
chikungunya_qa_1094,Paciente,Como posso tomar a codeína?,"A dose recomendada de codeína para adultos é de 30 a 60 mg, de 3 a 4 vezes ao dia, totalizando até 360 mg por dia.","30 a 60 mg, 3 a 4 vezes ao dia.",Fase Aguda,"#Tratamento, #Dosagem",Manejo_Chikungunya_2ed.md,46,2,91.25
chikungunya_qa_1095,Médica,Quais são as contraindicações ao uso de corticoides?,"As contraindicações ao uso de corticoides devem ser respeitadas, conforme mencionado no contexto. No entanto, o texto não fornece detalhes específicos sobre quais são essas contraindicações.",As contraindicações ao uso do corticoide devem ser respeitadas.,Fase Aguda,"#Tratamento, #Contraindicações",Manejo_Chikungunya_2ed.md,47,1,97.5
chikungunya_qa_1096,Paciente,O que devo fazer se os analgésicos não funcionarem?,"Se os analgésicos habituais não funcionarem, é importante que você consulte seu médico para avaliar a situação. Será necessário associar outra classe terapêutica ao tratamento após confirmação clínica do quadro.","Caso não haja resposta aos analgésicos habituais, será necessário associar outra classe terapêutica ao tratamento após confirmação clínica do quadro.",Fase Aguda,"#Tratamento, #Sintomas",Manejo_Chikungunya_2ed.md,47,4,98.75
chikungunya_qa_1097,Paciente,Qual é a dose recomendada de amitriptilina para adultos?,A dose recomendada de amitriptilina para adultos é de 25 a 100 mg por dia.,**Adultos:**<br>* 25 a 100 mg/dia,Fase Aguda,"#Tratamento, #Amitriptilina",Manejo_Chikungunya_2ed.md,49,1,100
chikungunya_qa_1098,Paciente,O que acontece se a dor nas articulações persistir por mais de 90 dias?,"Se a dor nas articulações persistir por mais de 90 dias, isso indica que você pode estar enfrentando uma fase em que as queixas musculoesqueléticas continuam. É fundamental consultar um médico para avaliar a situação e discutir as possíveis causas e opções de tratamento.",Corresponde à fase em que as queixas musculoesqueléticas persistem nos pacientes com por um período superior a 90 dias.,Fase Aguda,"#Sintomas, #Tratamento",Manejo_Chikungunya_2ed.md,50,2,91.25
chikungunya_qa_1099,Paciente,O que posso esperar se a dor nas articulações continuar por mais tempo?,"Se a dor nas articulações continuar por mais tempo, é importante saber que, na maioria dos casos, os sintomas tendem a regredir. No entanto, se a dor persistir por mais de 90 dias, pode ser necessário buscar uma avaliação médica, pois um percentual pequeno de pacientes pode precisar de investigação adicional para outras condições.","Com as terapias sugeridas, os sintomas tendem a regredir na maioria dos pacientes, ficando um percentual pequeno para avaliação médica.",Fase Aguda,"#Sintomas, #Evolução",Manejo_Chikungunya_2ed.md,50,3,92.5
chikungunya_qa_1100,Paciente,Qual é o tratamento inicial que eu deveria considerar para a dor nas articulações?,"Para a dor nas articulações, a droga de escolha que você deve considerar é a hidroxicloroquina (HCQ). É importante que os pacientes sejam avaliados após oito semanas para monitorar a eficácia do tratamento.",A droga de escolha nesta fase é preferencialmente a hidroxicloroquina (HCQ). Os pacientes devem ser avaliados após oito semanas.,Fase Aguda,"#Tratamento, #Medicamentos",Manejo_Chikungunya_2ed.md,50,3,90
chikungunya_qa_1101,Paciente,O que eu faço se meus sintomas não melhorarem?,"Se seus sintomas não melhorarem e você tiver um quadro articular inflamatório crônico, pode ser necessário considerar o uso de medicamentos imunobiológicos, que seguem recomendações específicas para artrite reumatoide e espondiloartrite.","Alguns pacientes com quadro articular inflamatório crônico, com falha terapêutica, podem até necessitar de imunobiológicos...",Fase Aguda,"#Tratamento, #Evolução",Manejo_Chikungunya_2ed.md,51,1,91.25
chikungunya_qa_1102,Médica,Quais são as doses recomendadas de Metotrexato no tratamento da artrite reumatoide?,"A dose recomendada de Metotrexato no tratamento da artrite reumatoide é de 7,5 a 25 mg, 1 vez na semana via oral, com dose máxima de 25 mg/semana.","Metotrexato | * Comprimido de 2,5 mg | 7,5 a 25 mg<br>1 vez na semana via oral<br> Dose máxima: 25 mg/semana",Fase Aguda,"#Tratamento, #Dosagem",Manejo_Chikungunya_2ed.md,51,4,100
chikungunya_qa_1103,Paciente,Quais são os cuidados que eu devo ter ao usar Metotrexato?,"Ao usar Metotrexato, é fundamental ter cuidado se você tiver hipersensibilidade conhecida ao medicamento, à classe ou aos componentes. Além disso, não deve ser utilizado se você tiver tuberculose sem tratamento, infecções bacterianas que exijam antibióticos, infecções fúngicas que representem risco à vida, infecção ativa por herpes zóster, hepatites B ou C agudas, ou se estiver grávida, amamentando ou planejando a concepção.","Hipersensibilidade conhecida ao medicamento, à classe ou aos componentes<br>* Tuberculose sem tratamento<br>* Infecção bacteriana com indicação de uso de antibiótico<br>* Infecção fúngica que ameace à vida<br>* Infecção por herpes zóster ativa, hepatites B ou C agudas<br>* Gestação, amamentação e concepção (homens e mulheres)",Fase Aguda,"#Cuidados, #Medicamentos",Manejo_Chikungunya_2ed.md,52,2,98.75
chikungunya_qa_1104,Paciente,O que acontece se a chikungunya não for tratada?,"Se a chikungunya não for tratada, a infecção viral pode se manifestar de maneira complexa, envolvendo diversos órgãos e sistemas do corpo, o que pode levar a complicações sérias.","é fundamental compreender que esta infecção viral pode se manifestar de maneira muito mais complexa, com envolvimento de diversos órgãos e sistemas do corpo.",Fase Aguda,"#Sintomas, #Complicações",Manejo_Chikungunya_2ed.md,53,2,91.25
chikungunya_qa_1105,Cuidador,O que devo fazer se o paciente apresentar sinais de complicações hemorrágicas?,"Se o paciente apresentar sinais de complicações hemorrágicas, você deve imediatamente buscar ajuda médica. É importante informar os profissionais de saúde sobre os sintomas que o paciente está apresentando, pois o manejo da coagulação intravascular disseminada e outras complicações deve ser realizado por eles. Enquanto aguarda a ajuda, mantenha a calma e observe o paciente.","o manejo da coagulação intravascular disseminada (CIVD) e de outras complicações hemorrágicas, podendo envolver a administração de concentrados de fatores de coagulação.",Fase Aguda,"#Complicações, #Cuidados",Manejo_Chikungunya_2ed.md,54,5,98.75
chikungunya_qa_1106,Médica,Quais são as principais considerações sobre o tratamento de gestantes com chikungunya?,"As gestantes apresentam um risco maior de agravamento dos sintomas devido à restrição de uso de medicamentos na gravidez. O manejo deve ser cauteloso, focando no controle dos sintomas.",A diferença é que há um risco maior de agravamento e o incômodo pode ser para controle dos sintomas devido a restrição de uso de medicações na gravidez.,Fase Aguda,"#Tratamento, #Gravidez",Manejo_Chikungunya_2ed.md,55,1,91.25
chikungunya_qa_1107,Médica,Quais são as considerações sobre o uso de medicações em gestantes com chikungunya?,"O manejo clínico de gestantes com chikungunya deve considerar que há um risco maior de agravamento da condição. Além disso, o incômodo pode ser para controle dos sintomas, uma vez que há restrição de uso de medicações durante a gravidez. É fundamental avaliar cuidadosamente as opções de tratamento, priorizando medidas não farmacológicas e, quando necessário, utilizar medicações com segurança comprovada para gestantes, sempre pesando os riscos e benefícios.",a diferença é que há um risco maior de agravamento e o incômodo pode ser para controle dos sintomas devido a restrição de uso de medicações na gravidez,Fase Aguda,"#Tratamento, #Gestantes",Manejo_Chikungunya_2ed.md,55,2,92.5
chikungunya_qa_1108,Paciente,A chikungunya pode causar problemas na minha gravidez?,A infecção pelo chikungunya não modifica substancialmente o curso da gravidez e não há evidências de que cause efeitos teratogênicos.,a infecção pelo CHIKV não modifica substancialmente o curso da gravidez. Não há evidências de que infecções durante a gestação tenham efeitos teratogênicos.,Fase Aguda,"#Gravidez, #Chikungunya",Manejo_Chikungunya_2ed.md,55,3,98.75
chikungunya_qa_1109,Cuidador,Como posso ajudar a gestante a lidar com a chikungunya?,"Ajude a gestante a manter o acompanhamento pré-natal regularmente, garantindo que ela tenha acesso a consultas médicas e exames necessários. Além disso, ofereça apoio emocional e prático, ajudando-a a lidar com os sintomas e a se manter informada sobre a chikungunya.",É importante o acompanhamento pré-natal das gestantes com suspeita de chikungunya.,Fase Aguda,"#Cuidados, #Chikungunya",Manejo_Chikungunya_2ed.md,55,3,91.25
chikungunya_qa_1110,Paciente,Como o chikungunya pode afetar meu bebê?,"O chikungunya pode afetar seu bebê de várias maneiras. Quando uma gestante é infectada no último trimestre da gestação, há um risco de 50% de transmissão vertical do vírus para o bebê. Isso significa que há uma chance significativa de que o vírus seja passado para o seu filho, o que pode levar a complicações. É importante que você converse com seu médico sobre os riscos e como monitorar a saúde do seu bebê durante a gestação.","O risco de transmissão vertical do CHIKV é de 50% quando a gestante é infectada no último trimestre da gestação, no período perinatal.",Fase Aguda,"#Transmissão, #Gestação",Manejo_Chikungunya_2ed.md,56,1,91.25
chikungunya_qa_1111,Paciente,Quais são os sintomas que posso ter se pegar chikungunya?,"Se você pegar chikungunya, pode ter febre, dor intensa nas articulações e manchas na pele. É importante saber que crianças menores podem não apresentar os sintomas típicos, e a febre pode ser acompanhada de dor intensa e manchas na pele. Além disso, o diagnóstico diferencial pode ser difícil nessa faixa etária, pois outras doenças febris exantemáticas comuns podem ter sintomas semelhantes.","Crianças menores podem não apresentar os sintomas típicos descritos nos adultos, podendo a febre ser acompanhada de hiperalgesia difusa ou de rash cutâneo, o que torna difícil o diagnóstico diferencial com outras doenças febris exantemáticas comuns nesta faixa etária.",Fase Aguda,"#Sintomas, #Chikungunya",Manejo_Chikungunya_2ed.md,57,1,91.25
chikungunya_qa_1112,Cuidador,Quando devo levar meu filho ao médico durante a chikungunya?,"Você deve levar seu filho ao médico se a dor persistir após a fase aguda ou se houver sinais de complicações, como febre alta, dificuldade para se mover ou qualquer outro sintoma preocupante. A reavaliação clínica deve ser feita entre dois e sete dias após o início do tratamento. Se houver melhora da dor, você pode manter apenas a analgesia conforme necessário. Caso a dor persista, novas reavaliações devem ser realizadas nesse mesmo intervalo.","A reavaliação clínica deve ser feita entre dois e sete dias. Se houver melhora da dor, mantém-se apenas analgesia conforme necessário. Caso a dor persista, novas reavaliações devem ser realizadas nesse mesmo intervalo.",Fase Aguda,"#SinaisDeAlerta, #Chikungunya",Manejo_Chikungunya_2ed.md,57,1,90
chikungunya_qa_1113,Médica,O que deve ser considerado ao iniciar o tratamento de chikungunya em crianças?,"Ao iniciar o tratamento de chikungunya em crianças, é fundamental considerar que, durante a fase aguda, não se recomenda o uso de anti-inflamatórios não hormonais, aspirina ou glicocorticoides, devido ao risco de complicações, incluindo a possibilidade de coinfecção com dengue. Em vez disso, o manejo deve focar em medidas de suporte, como a administração de analgésicos seguros, como paracetamol, para alívio da dor e febre.","Durante a fase aguda, não se recomenda o uso de anti-inflamatórios não hormonais (AINH), aspirina ou glicocorticoides, devido ao risco de complicações, inclusive possibilidade de coinfecção com dengue.",Fase Aguda,"#Tratamento, #Ressalvas",Manejo_Chikungunya_2ed.md,57,2,97.5
chikungunya_qa_1114,Cuidador,Quando devo levar meu filho ao médico se ele estiver com chikungunya?,"Leve seu filho ao médico para reavaliação clínica entre dois e sete dias. Se a dor persistir após a fase aguda, novas reavaliações devem ser realizadas nesse mesmo intervalo. Se houver melhora da dor, você pode manter apenas a analgesia conforme necessário.","A reavaliação clínica deve ser feita entre dois e sete dias. Se houver melhora da dor, mantém-se apenas analgesia conforme necessário. Caso a dor persista, novas reavaliações devem ser realizadas nesse mesmo intervalo.",Fase Aguda,"#SinaisDeAlerta, #Cuidados",Manejo_Chikungunya_2ed.md,57,4,91.25
chikungunya_qa_1115,Cuidador,Quando devo levar meu filho ao médico se a dor persistir?,"Se a dor persistir, você deve levar seu filho ao médico para uma reavaliação clínica entre dois e sete dias. Se houver melhora da dor, você pode continuar com a analgesia conforme necessário. Caso a dor ainda persista após esse período, novas reavaliações devem ser realizadas nesse mesmo intervalo.","A reavaliação clínica deve ser feita entre dois e sete dias. Se houver melhora da dor, mantém-se apenas analgesia conforme necessário. Caso a dor persista, novas reavaliações devem ser realizadas nesse mesmo intervalo.",Fase Aguda,"#Cuidados, #Chikungunya",Manejo_Chikungunya_2ed.md,57,5,98.75
chikungunya_qa_1116,Paciente,Quais são os principais sinais de dor que meu filho pode mostrar durante a chikungunya?,"Os principais sinais de dor que seu filho pode mostrar durante a chikungunya incluem dor nas articulações, conhecida como artralgia, e a presença de artrite.","O manejo das manifestações musculoesqueléticas da chikungunya em crianças, iniciando pela identificação de dor articular (artralgia) ou presença de artrite.",Fase Aguda,"#Sintomas, #Chikungunya",Manejo_Chikungunya_2ed.md,57,6,93.75
chikungunya_qa_1117,Paciente,Quais sinais podem indicar que estou sentindo dor?,"Você pode mostrar sinais de dor como expressão facial de sofrimento, choro, gemido, ou dificuldade de ser consolado.",Quadro 6 – Principais indicadores comportamentais de dor.,Fase Aguda,"#Sintomas, #Avaliação",Manejo_Chikungunya_2ed.md,58,2,91.25
chikungunya_qa_1118,Paciente,O que devo fazer se a dor continuar após alguns dias de tratamento?,"Se a dor continuar após alguns dias de tratamento, novas reavaliações devem ser realizadas entre dois e sete dias. Se houver melhora da dor, você pode continuar com a analgesia conforme necessário. Caso a dor persista, novas reavaliações devem ser feitas nesse mesmo intervalo.","A reavaliação clínica deve ser feita entre dois e sete dias. Se houver melhora da dor, mantém-se apenas analgesia conforme necessário. Caso a dor persista, novas reavaliações devem ser realizadas nesse mesmo intervalo.",Fase Aguda,"#Sintomas, #Tratamento",Manejo_Chikungunya_2ed.md,58,6,100
chikungunya_qa_1119,Paciente,Quais comportamentos uma criança em idade escolar pode ter quando sente dor?,"Uma criança em idade escolar pode verbalizar a dor, mostrar rigidez muscular, ter dificuldade para dormir, protelar atividades, exibir punhos cerrados, dentes cerrados, contração de membros, olhos fechados e testa enrugada, além de apresentar comportamentos semelhantes aos de crianças mais novas.","Verbalização da dor; a criança usa uma medida objetiva de dor, pode ser influenciada por crenças culturais e pesadelos como experiência relacionada à dor, exibe comportamentos protelando atividades, expressa rigidez muscular (punhos cerrados, dentes cerrados, contração de membros; rigidez, olhos fechados, testa enrugada), tem dificuldade para dormir, exterioriza comportamentos idênticos aos do pré-escolar.",Fase Aguda,"#Sintomas, #Dor",Manejo_Chikungunya_2ed.md,59,3,100
chikungunya_qa_1120,Médica,Quais são as características da dor em adolescentes?,"Adolescentes apresentam características específicas em relação à dor, incluindo a capacidade de localizar e verbalizar a dor, embora frequentemente neguem sua presença na companhia de pares. Além disso, podem exibir mudanças nos padrões de sono e apetite, e a tensão muscular também é observada. Esses adolescentes podem ser influenciados por crenças culturais.","Localização e verbalização da dor; o paciente nega dor na presença de seus pares, exibe mudanças nos padrões de sono e/ou de apetite, pode ser influenciado por crenças culturais, apresenta tensão muscular.",Fase Aguda,"#Sintomas, #Dor",Manejo_Chikungunya_2ed.md,59,3,100
chikungunya_qa_1121,Médica,Quais são as manifestações clínicas de dor em crianças que não verbalizam?,"As manifestações clínicas de dor em crianças que não verbalizam incluem sinais faciais típicos de dor e sofrimento físico, como sobrancelhas cerradas, protuberância entre as sobrancelhas, sulcos verticais na testa, olhos ligeiramente fechados, bochechas levantadas, nariz alargado e abaulado, aprofundamento da dobra nasolabial e boca aberta e quadrada. Além disso, podem apresentar sinais autonômicos vitais inespecíficos, que também podem refletir outros processos, como febre, hipoxemia e disfunção cardíaca ou renal.","Apresentação de sinais típicos faciais de dor e sofrimento físico: sobrancelhas cerradas, protuberância entre as sobrancelhas e os sulcos verticais na testa, olhos ligeiramente fechados, bochechas levantadas, nariz alargado e abaulado, aprofundamento da dobra nasolabial, boca aberta e quadrada. Sinais autonômicos vitais inespecíficos, que também podem refletir outros processos, como febre, hipoxemia e disfunção cardíaca ou renal.",Fase Aguda,"#Sintomas, #Diagnóstico",Manejo_Chikungunya_2ed.md,59,4,100
chikungunya_qa_1122,Médica,Quais são os critérios de definição de caso suspeito para idosos com chikungunya?,"O contexto não fornece informações específicas sobre os critérios de definição de caso suspeito para idosos com chikungunya. Portanto, não é possível afirmar quais são esses critérios. A avaliação clínica cuidadosa deve adotar medidas específicas para diminuir o risco de morte e garantir o bem-estar desses pacientes.","Portanto, a avaliação clínica cuidadosa deve adotar medidas específicas para diminuir o risco de morte e garantir o bem-estar desses pacientes.",Fase Aguda,"#Diagnóstico, #Chikungunya",Manejo_Chikungunya_2ed.md,60,1,95
chikungunya_qa_1123,Paciente,Por que é importante coletar amostras mesmo se o prognóstico for desfavorável?,"É importante coletar amostras mesmo em casos com prognóstico desfavorável porque isso deve ser priorizado, principalmente para métodos diretos, ainda em vida. A coleta de amostras é fundamental para garantir que informações valiosas sejam obtidas, mesmo em situações difíceis.","É importante salientar que mesmo para pacientes com prognóstico desfavorável/ fechado deve-se priorizar a coleta de amostras, principalmente para métodos diretos, ainda em vida.",Fase Aguda,"#Diagnóstico, #Tratamento",Manejo_Chikungunya_2ed.md,66,1,91.25
chikungunya_qa_1124,Paciente,Por que é importante coletar amostras de pacientes mesmo com um prognóstico desfavorável?,"É importante coletar amostras de pacientes com prognóstico desfavorável porque essa coleta deve ser priorizada, especialmente para métodos diretos, ainda em vida. A análise dessas amostras pode fornecer informações valiosas sobre a doença.","É importante salientar que mesmo para pacientes com prognóstico desfavorável/ fechado deve-se priorizar a coleta de amostras, principalmente para métodos diretos, ainda em vida.",Fase Aguda,"#Diagnóstico, #Chikungunya",Manejo_Chikungunya_2ed.md,66,2,92.5
chikungunya_qa_1125,Médica,Quais são os critérios para a confirmação laboratorial de chikungunya em pacientes vulneráveis?,"A confirmação laboratorial de chikungunya em pacientes vulneráveis, como recém-nascidos e gestantes, deve ocorrer preferencialmente por critério laboratorial. Os métodos laboratoriais utilizados para essa confirmação incluem a detecção do vírus por RT-PCR e a identificação de anticorpos específicos através de sorologia.","os demais casos de chikungunya podem ser confirmados por critério clínico-epidemiológico, exceto para recém-nascidos, gestantes, manifestações atípicas, casos graves e óbitos, que devem ocorrer preferencialmente por critério laboratorial.",Fase Aguda,"#Critérios, #Chikungunya",Manejo_Chikungunya_2ed.md,66,3,90
chikungunya_qa_1126,Paciente,Por que é importante coletar amostras mesmo que meu médico ache que meu caso é grave?,"É importante coletar amostras, mesmo que o prognóstico seja desfavorável, porque isso deve ser priorizado, especialmente para métodos diretos, enquanto você ainda está vivo. A coleta de amostras pode ajudar a confirmar o diagnóstico e a direcionar o tratamento adequado, mesmo em casos graves.","É importante salientar que mesmo para pacientes com prognóstico desfavorável/ fechado deve-se priorizar a coleta de amostras, principalmente para métodos diretos, ainda em vida.",Fase Aguda,"#Tratamento, #Diagnóstico",Manejo_Chikungunya_2ed.md,66,5,91.25
chikungunya_qa_1127,Paciente,Por que é importante coletar amostras mesmo que eu esteja muito mal?,"É importante coletar amostras mesmo que você esteja muito mal, pois isso deve ser priorizado, especialmente para métodos diretos, enquanto você ainda está vivo. A coleta dessas amostras pode ajudar a confirmar o diagnóstico e garantir que você receba o tratamento correto, mesmo em casos com prognóstico desfavorável.","É importante salientar que mesmo para pacientes com prognóstico desfavorável/ fechado deve-se priorizar a coleta de amostras, principalmente para métodos diretos, ainda em vida.",Fase Aguda,"#Paciente, #Coleta, #Diagnóstico",Manejo_Chikungunya_2ed.md,66,6,92.5
chikungunya_qa_1128,Médica,O que caracteriza um caso de chikungunya com manifestações extra-articulares?,"Um caso de chikungunya com manifestações extra-articulares é caracterizado pela presença de sintomas adicionais que podem afetar diversos órgãos, incluindo manifestações neurológicas, cardiovasculares, dermatológicas, oftalmológicas, hepáticas, renais, respiratórias e hematológicas.","Caso de chikungunya acompanhado de outras manifestações extra-articulares: neurológicas, cardiovasculares, dermatológicas, oftalmológicas, hepáticas, renais, respiratórias, hematológicas etc.",Fase Aguda,"#Sintomas, #Chikungunya",Manejo_Chikungunya_2ed.md,67,2,98.75
chikungunya_qa_1129,Paciente,Quais sintomas posso ter durante a fase aguda da doença?,"Durante a fase aguda da doença, você pode ter sintomas articulares como dor, edema e rigidez, que duram até duas semanas.",Os sinais e/ou sintomas articulares duram até duas semanas.,Fase Aguda,"#Sintomas, #FaseAguda",Manejo_Chikungunya_2ed.md,68,2,95
chikungunya_qa_1130,Paciente,Quem participa da investigação dos óbitos relacionados à chikungunya?,"Profissionais de saúde, laboratórios, autoridades de saúde pública e Serviços de Verificação de Óbitos (SVOs) trabalham juntos para investigar os óbitos relacionados à chikungunya.","A cooperação entre profissionais de saúde, laboratórios, autoridades de saúde pública e SVOs é essencial para garantir que a investigação de óbitos seja conduzida de maneira abrangente e eficaz.",Fase Aguda,"#Colaboração, #Saúde",Manejo_Chikungunya_2ed.md,72,4,100
chikungunya_qa_1131,Paciente,O que pode acontecer se eu não receber acompanhamento para chikungunya?,"Se você não receber acompanhamento para chikungunya, pode haver o risco de a doença evoluir para a fase crônica, necessitando de acompanhamento no longo prazo.","Além disso, metade dos casos evolui para a fase crônica da doença, necessitando de acompanhamento no longo prazo.",Fase Crônica/Subaguda,"#Evolução, #Acompanhamento",Manejo_Chikungunya_2ed.md,73,3,96.25
chikungunya_qa_1132,Médica,Qual é a conduta recomendada para gestantes com sintomas de chikungunya?,"Para gestantes em trabalho de parto ou que necessitam de interrupção da gestação até 7 dias após o início dos sintomas de chikungunya, é recomendado o encaminhamento para maternidade de alto risco com Unidade de Terapia Intensiva (UTI) neonatal. A sorologia deve ser repetida 7 dias após o primeiro exame, caso o resultado anterior tenha sido negativo.","Para a gestante em trabalho de parto ou que necessitar de interrupção da gestação até 07 dias (D7) após o início dos sintomas, é recomendado o encaminhamento para maternidade de alto risco com Unidade de Terapia Intensiva (UTI) neonatal. A sorologia deve ser repetida 7 dias (D7) após o primeiro exame, quando o resultado anterior for negativo.",Fase Aguda,"#Tratamento, #Gestantes",Nota Técnica nº 28SESSUBPAS-SRAS-DATE-CMI2023.md,81,4,98.75
chikungunya_qa_1133,Médica,Quais são os exames recomendados para a coleta em gestantes com chikungunya?,"Os exames recomendados para a coleta em gestantes com chikungunya incluem: RT-PCR no recém-nascido e na mãe, sorologia (IgM e IgG), amostra de sangue de cordão umbilical (2 a 5 mL) e fragmentos de placenta (três fragmentos de 1cm³ cada).",**Coleta de exames:** - RT-PCR no RN e na mãe - Sorologia (IgM e IgG) - Amostra de sangue de cordão umbilical (2 a 5 mL) - Fragmento de placenta (três fragmentos de 1cm³ cada),Fase Aguda,"#Exames, #Diagnóstico",Nota Técnica nº 28SESSUBPAS-SRAS-DATE-CMI2023.md,81,5,100
chikungunya_qa_1134,Médica,Qual é o protocolo de coleta de sorologia para a gestante e o recém-nascido com suspeita de chikungunya?,"O protocolo de coleta de sorologia para a gestante e o recém-nascido com suspeita de chikungunya inclui a repetição da sorologia 7 dias após o primeiro exame, caso o resultado anterior seja negativo. Para recém-nascidos sintomáticos, recomenda-se a coleta de sorologia pareada (mãe e RN) a partir do dia 6 de vida.","A sorologia deve ser repetida **7 dias (D7) após o primeiro exame**, quando o resultado anterior for negativo. Nos casos em que o RN for sintomático, recomenda-se a coleta de sorologia pareada (mãe e RN) a partir do **dia 6 (D6) de vida**.",Fase Aguda,"#Tratamento, #Acompanhamento",Nota Técnica nº 28SESSUBPAS-SRAS-DATE-CMI2023.md,81,6,100
chikungunya_qa_1135,Médica,Quais são as restrições para o uso de AINEs em gestantes?,"Os anti-inflamatórios não esteroides só podem ser utilizados na gestação em casos excepcionais, entre 16 e 30 semanas, e por períodos não superiores a 3 dias.","AINEs só podem ser utilizados na gestação em casos excepcionais, apenas em idade gestacional entre 16 e 30 semanas, por períodos não superiores a 3 (três) dias.",Fase Aguda,"#Tratamento, #Gestação",Nota Técnica nº 28SESSUBPAS-SRAS-DATE-CMI2023.md,84,3,100
chikungunya_qa_1136,Paciente,Quais exames são necessários para saber se eu tenho chikungunya?,"Para saber se você tem chikungunya, os exames específicos necessários são o RT-PCR para CHIKV, que pode ser realizado em soro, sangue de cordão ou fragmento de placenta, e a sorologia IgM, que deve ser feita a partir do sexto dia do início dos sintomas, além da sorologia IgG, que deve ser realizada a partir do vigésimo primeiro dia.","- Hemograma, coagulograma (AP, PTTA, RNI), AST, ALT, PCR (proteína C reativa), gasometria arterial
- RT-PCR para CHIKV (soro, sangue de cordão, fragmento de placenta)
- Sorologia IgM e IgG para CHIKV (IgM a partir do D6 do início dos sintomas; IgG a partir do D21)",Fase Aguda,"#Exames, #Diagnóstico",Nota Técnica nº 28SESSUBPAS-SRAS-DATE-CMI2023.md,87,2,100
chikungunya_qa_1137,Paciente,Quais exames são feitos para diagnosticar chikungunya?,"Para diagnosticar chikungunya, são realizados exames específicos como o RT-PCR para CHIKV, que pode ser feito com soro, sangue de cordão ou fragmento de placenta. Além disso, a sorologia para CHIKV é importante, incluindo a detecção de IgM, que deve ser realizada a partir do sexto dia (D6) do início dos sintomas, e IgG, que deve ser feita a partir do vigésimo primeiro dia (D21).","- Hemograma, coagulograma (AP, PTTA, RNI), AST, ALT, PCR (proteína C reativa), gasometria arterial
- RT-PCR para CHIKV (soro, sangue de cordão, fragmento de placenta)
- Sorologia IgM e IgG para CHIKV (IgM a partir do D6 do início dos sintomas; IgG a partir do D21)",Fase Aguda,"#Diagnóstico, #Exames",Nota Técnica nº 28SESSUBPAS-SRAS-DATE-CMI2023.md,87,3,100
chikungunya_qa_1138,Paciente,Quanto tempo meu bebê precisa ficar no hospital se houver suspeita de chikungunya?,"Seu bebê deve ficar internado por 7 dias no hospital em observação, caso haja suspeita de chikungunya.",o RN deverá ficar internado por **7 dias** no estabelecimento de saúde em observação.,Fase Aguda,"#Tratamento, #Internação",Nota Técnica nº 28SESSUBPAS-SRAS-DATE-CMI2023.md,90,1,100
chikungunya_qa_1139,Paciente,O que acontece se meu bebê apresentar sintomas de chikungunya?,"Se seu bebê apresentar sintomas de chikungunya, ele deverá ser encaminhado para a UTI Neonatal em uma unidade GAR de referência.","Para os casos em que o RN apresentar alguma sintomatologia, ele deverá ser encaminhado à **UTI Neonatal**.",Fase Aguda,"#Sintomas, #Tratamento",Nota Técnica nº 28SESSUBPAS-SRAS-DATE-CMI2023.md,90,1,90
chikungunya_qa_1140,Paciente,O que acontece se eu tiver um erro na vacinação?,"Se houver um erro na vacinação, você deve ser acolhido e esclarecido sobre o erro.","Realizar o **acolhimento** da pessoa vacinada, com esclarecimento sobre o erro",N/A (Geral),"#ErroImunização, #Acolhimento",Nota Técnica nº 642025-CGFAMDPNISVSAMS.md,98,2,95
chikungunya_qa_1141,Cuidador,Quais cuidados devo ter se meu familiar apresentar sintomas após a vacina?,"Se seu familiar apresentar sintomas após a vacina, é importante que você comunique qualquer ocorrência médica indesejável nos próximos 30 dias. Dependendo da natureza dos sintomas, pode ser necessário revisar os procedimentos, monitorar o paciente, administrar doses adicionais ou até mesmo encaminhar para atendimento de urgência. Esteja atento e não hesite em buscar ajuda se necessário.","Orientar a comunicar qualquer ocorrência médica indesejável nos próximos **30 dias**. Dependendo da natureza do erro, podem ser necessárias: revisão dos procedimentos, monitoramento do paciente, administração de doses adicionais ou encaminhamento para atendimento de urgência.",N/A (Geral),"#Sintomas, #Orientação",Nota Técnica nº 642025-CGFAMDPNISVSAMS.md,98,2,97.5
chikungunya_qa_1142,Cuidador,Como devo verificar a vacina antes de administrá-la?,"Antes de administrar a vacina, é importante revisar o esquema vacinal e verificar se a via indicada é intramuscular (IM). Certifique-se de que todos os passos foram seguidos corretamente para garantir a segurança do paciente.",Revisar esquema vacinal antes da administração. Atentar para via indicada: **intramuscular (IM)**.,N/A (Geral),"#Cuidados, #Vacinação",Nota Técnica nº 642025-CGFAMDPNISVSAMS.md,105,1,95
chikungunya_qa_1143,Cuidador,O que é a dupla checagem e por que ela é importante na vacinação?,"A dupla checagem é o processo de verificar a idade e o estado gestacional da pessoa que receberá a vacina. Essa prática é crucial, pois assegura que a vacina é apropriada para a faixa etária e condição gestacional da paciente, evitando reações adversas e garantindo a eficácia da imunização. Além disso, a dupla checagem ajuda a identificar contraindicações específicas, como vacinas que não devem ser administradas a gestantes ou a crianças em determinadas idades, promovendo assim uma vacinação mais segura e eficaz.",Realizar **dupla checagem** da idade e estado gestacional,N/A (Geral),"#Vacinação, #Segurança",Nota Técnica nº 642025-CGFAMDPNISVSAMS.md,105,2,90
chikungunya_qa_1144,Cuidador,O que devo fazer antes de administrar a vacina?,"Antes de administrar a vacina, é fundamental revisar o esquema vacinal.",Revisar esquema vacinal antes da administração,N/A (Geral),"#Cuidados, #Vacinação",Nota Técnica nº 642025-CGFAMDPNISVSAMS.md,105,3,95
chikungunya_qa_1145,Cuidador,Como posso garantir que a vacina está sendo administrada corretamente?,"Para garantir que a vacina está sendo administrada corretamente, você deve atentar para a via indicada, que é intramuscular (IM). Além disso, é importante realizar uma dupla checagem da idade e do estado gestacional da pessoa que está recebendo a vacina. Não se esqueça de revisar o esquema vacinal e envolver o usuário na confirmação do procedimento.",Atentar para via indicada: **intramuscular (IM)**; Realizar **dupla checagem** da idade e estado gestacional,N/A (Geral),"#Cuidados, #Vacinação",Nota Técnica nº 642025-CGFAMDPNISVSAMS.md,105,3,93.75
chikungunya_qa_1146,Médica,Quais são os desvios de qualidade que podem ocorrer na administração da vacina?,"Os desvios de qualidade que podem ocorrer na administração da vacina incluem a formulação inadequada, o uso de outro diluente, a via incorreta para pacientes com menos de 18 anos, a dose subterapêutica de até 0,25 mL, o intervalo muito curto para vacina atenuada de menos de 28 dias e a vacina vencida. É fundamental monitorar todos esses aspectos para garantir a eficácia da vacinação.","Formulação inadequada (outro diluente)
- Via incorreta (< 18 anos)
- Dose subterapêutica (≤ 0,25 mL)
- Intervalo muito curto para vacina atenuada (< 28 dias)
- Vacina vencida
- Desvio de qualidade",N/A (Geral),"#Diagnóstico, #Tratamento",Nota Técnica nº 642025-CGFAMDPNISVSAMS.md,111,3,93.75
chikungunya_qa_1147,Paciente,Como a vacinação pode me ajudar em relação à chikungunya?,"A vacina contra a chikungunya, que foi aprovada pela Anvisa, é uma estratégia piloto que ajuda a proteger contra a infecção causada pelo vírus, que é transmitido pelos mosquitos Aedes. Ela demonstrou forte imunogenicidade e um perfil de segurança favorável nos ensaios clínicos. Isso significa que a vacina pode diminuir suas chances de contrair a doença e as dores nas articulações que ela causa.","Agência Nacional de Vigilância Sanitária (Anvisa) aprovou a vacina (recombinante e atenuada) contra a chikungunya, que demonstrou forte imunogenicidade e perfil de segurança favorável nos ensaios clínicos.",N/A (Geral),"#Tratamento, #Prevenção",Nota Técnica nº 92026-CGFAMDPNISVSAMS.md,114,1,93.75
chikungunya_qa_1148,Paciente,Quais são os efeitos colaterais mais comuns da vacina?,"Os efeitos colaterais mais comuns são dor no local da injeção, febre leve, mialgia e fadiga, com intensidade leve a moderada e duração de até 5 dias.","Eventos adversos mais comuns: dor no local da injeção, febre leve, mialgia e fadiga (intensidade leve a moderada, duração até 5 dias)",N/A (Geral),"#EfeitosColaterais, #Vacinação",Nota Técnica nº 92026-CGFAMDPNISVSAMS.md,119,1,100
chikungunya_qa_1149,Médica,Quais são os critérios para definir um caso suspeito de chikungunya após vacinação?,"Um caso suspeito de chikungunya é definido como um paciente com febre acompanhada de artralgia ou artrite, residente em um dos municípios selecionados para a estratégia piloto.","Definição de caso suspeito de chikungunya (estratégia piloto): Paciente com febre acompanhada de artralgia ou artrite, residente em um dos municípios selecionados para a estratégia piloto.",N/A (Geral),"#Diagnóstico, #Vacinação",Nota Técnica nº 92026-CGFAMDPNISVSAMS.md,127,1,95
chikungunya_qa_1150,Paciente,As reações adversas da vacina são mais comuns em pessoas mais velhas?,"Sim, as reações adversas da vacina são mais comuns em pessoas mais velhas. Embora reações no local da injeção e sintomas gerais, como febre e dor, sejam menos comuns em idosos, problemas mais sérios que precisam de atendimento médico acontecem com mais frequência nessa faixa etária.",Eventos adversos graves e eventos adversos com necessidade de atendimento médico associados à vacina foram **mais frequentes** em participantes ≥ 65 anos,N/A (Geral),"#EventosAdversos, #Vacinação",IXCHIQ (vacina chikungunya) novo registro.md,13,3,91.25
chikungunya_qa_1151,Paciente,"E se eu tiver 65 anos ou mais, como isso afeta os efeitos da vacina?","Se você tiver 65 anos ou mais, pode ter mais chances de ter eventos adversos graves e eventos adversos que necessitam de atendimento médico após a vacinação. Isso significa que, nessa faixa etária, esses eventos foram mais frequentes entre os participantes do estudo.",Eventos adversos graves e eventos adversos com necessidade de atendimento médico associados à vacina foram **mais frequentes** em participantes ≥ 65 anos,N/A (Geral),"#EventosAdversos, #Vacinação",IXCHIQ (vacina chikungunya) novo registro.md,13,3,98.75
chikungunya_qa_1152,Paciente,Eu vou sentir mais efeitos colaterais se tiver 65 anos ou mais?,"Não, você provavelmente sentirá menos efeitos colaterais comuns, como reações no local da vacina, se tiver 65 anos ou mais. Isso porque esses efeitos foram menos frequentes em participantes dessa faixa etária em comparação com aqueles de 18 a 64 anos.",Eventos adversos locais e sistêmicos solicitados foram **menos frequentes** em participantes ≥ 65 anos em comparação com participantes de 18 a 64 anos,N/A (Geral),"#EfeitosColaterais, #Vacinação",IXCHIQ (vacina chikungunya) novo registro.md,13,4,98.75
chikungunya_qa_1153,Médica,Qual é a conclusão sobre o benefício/risco da vacina IXCHIQ?,A conclusão sobre o benefício/risco da vacina IXCHIQ é que este é favorável para a sua utilização.,Conclui-se que o benefício/risco é favorável para o uso da vacina IXCHIQ (vacina Chikungunya recombinante e atenuada),N/A (Geral),"#BenefícioRisco, #Vacinação",IXCHIQ (vacina chikungunya) novo registro.md,17,3,100
chikungunya_qa_1154,Paciente,Quais problemas posso ter nos meus olhos se tiver chikungunya?,"Se você tiver chikungunya, pode ter problemas nos olhos, como neurite óptica, que causa dor e problemas de visão devido à inflamação do nervo óptico. Além disso, pode ocorrer iridociclite, que é a inflamação da íris e do corpo ciliar, episclerite, que é a inflamação da episclera, retinite, que afeta a retina, e uveíte, que é a inflamação da camada média do olho. É importante ficar atento a esses sintomas e procurar um médico se notar algo diferente na sua visão.","Neurite óptica, iridociclite, episclerite, retinite, uveíte.",Fase Aguda,"#Sintomas, #Oftalmológicas",Manejo_Chikungunya_2ed.md,30,3,93.75
chikungunya_qa_1155,Paciente,O que devo saber sobre a ciclobenzaprina?,"A ciclobenzaprina é um remédio que pode ser tomado em doses de 10 a 40 mg por dia, com um máximo de 60 mg por dia. É importante saber que ela é liberada para pessoas maiores de 15 anos e deve ser usada preferencialmente à noite, pois pode causar sonolência.",10 a 40mg ao dia<br>Dose máxima: 60 mg/dia<br>* Liberado para maiores de 15 anos.<br>* Uso preferencial a noite devido à sonolência.,Fase Crônica/Subaguda,"#Tratamento, #Uso",Manejo_Chikungunya_2ed.md,46,2,100
chikungunya_qa_1156,Paciente,Como posso proteger meu bebê se eu tiver chikungunya durante a gravidez?,"Se você estiver com chikungunya durante a gravidez, é muito importante fazer um acompanhamento pré-natal regular. Isso ajuda a cuidar da sua saúde e a do seu bebê. É bom saber que, mesmo que você precise fazer uma cesariana, isso não muda o risco de passar o vírus para o seu bebê. O aleitamento materno é seguro e não transmite o vírus. O risco de passar o vírus para o bebê é de 50% se você estiver infectada até uma semana antes do parto. Por isso, fique atenta a qualquer sinal de que algo não está bem, como febre ou mal-estar, pois isso pode exigir um cuidado mais próximo. E lembre-se, a infecção por chikungunya não causa má-formação no bebê, o que é uma boa notícia para você.","No entanto, mães infectadas por chikungunya no período perinatal podem transmitir o vírus aos recém-nascidos (RN) no momento do parto. O risco de transmissão vertical é de 50% quando a gestante é infectada até uma semana antes do parto.",Fase Aguda,"#Gravidez, #Transmissão",Manejo_Chikungunya_2ed.md,55,1,90
chikungunya_qa_1157,Paciente,Como um recém-nascido pode mostrar que está sentindo dor?,"Um recém-nascido pode mostrar que está sentindo dor através de sinais faciais característicos. Você pode notar que o rosto dele está contraído, com as sobrancelhas cerradas, uma protuberância entre as sobrancelhas e sulcos verticais na testa. Os olhos podem estar ligeiramente fechados, as bochechas levantadas e o nariz alargado. Além disso, a boca pode ficar aberta e com um formato quadrado. Esses sinais são importantes para identificar a dor no bebê.","Apresentação de sinais típicos faciais de dor e sofrimento físico: sobrancelhas cerradas, protuberância entre as sobrancelhas e os sulcos verticais na testa, olhos ligeiramente fechados, bochechas levantadas, nariz alargado e abaulado, aprofundamento da dobra nasolabial, boca aberta e quadrada. Sinais autonômicos vitais inespecíficos, que também podem refletir outros processos, como febre, hipoxemia e disfunção cardíaca ou renal.",Fase Aguda,"#Sintomas, #Dor",Manejo_Chikungunya_2ed.md,59,3,97.5
chikungunya_qa_1158,Paciente,O que devo fazer se a dor e a febre piorarem com chikungunya?,"Se a dor e a febre piorarem com chikungunya, é muito importante procurar ajuda médica imediatamente, pois isso pode indicar que sua condição está se agravando. Na suspeita de qualquer sinal de agravamento, a internação deve ser considerada. Não hesite em buscar orientação médica para garantir o melhor cuidado possível.","Na suspeita de qualquer sinal de agravamento, a internação deve ser considerada.",Fase Aguda,"#Sintomas, #BuscaPorAjuda",Manejo_Chikungunya_2ed.md,61,2,98.75
chikungunya_qa_1159,Paciente,O que pode acontecer se eu não tratar a chikungunya a tempo?,"O contexto que recebi não aborda diretamente o que pode acontecer se a chikungunya não for tratada a tempo. Ele menciona que os casos com manifestação neurológica associados à chikungunya têm uma persistência viral mais prolongada, mas não fala sobre complicações ou tratamento. Portanto, não posso fornecer informações específicas sobre as consequências de não tratar a doença a tempo.",Estudos recentes demostraram que os casos com manifestação neurológica associados à chikungunya possuem uma persistência viral mais prolongada...,Fase Crônica/Subaguda,"#Complicações, #Chikungunya",Manejo_Chikungunya_2ed.md,62,4,92.5
chikungunya_qa_1160,Paciente,Quando um caso suspeito de chikungunya deve ser descartado?,"Um caso suspeito de chikungunya deve ser descartado se houver resultado de duas sorologias não reagentes ou exame por PRNT. Isso é especialmente importante para gestantes, crianças na primeira infância, idosos, casos graves, pacientes com comorbidades descompensadas, imunossuprimidos e óbitos.","todo caso suspeito – principalmente gestantes, crianças (primeira infância), idosos, casos graves, pacientes com comorbidades descompensadas, imunossuprimidos e óbitos – deve ser descartado com base no resultado de duas sorologias não reagentes ou exame por PRNT.",Fase Aguda,"#Diagnóstico, #Chikungunya",Manejo_Chikungunya_2ed.md,66,4,100
chikungunya_qa_1161,Paciente,O que pode acontecer com o recém-nascido se a mãe tiver chikungunya perto do parto?,"Se você tiver chikungunya perto do parto, existe chance de passar para o bebê (cerca de metade dos casos). Quando isso acontece, a maioria dos bebês pode ter problemas mais sérios, principalmente no sistema nervoso. Por isso, é muito importante avisar sua equipe médica se você tiver febre ou dores perto da data do parto.","90% dos afetados podem desenvolver manifestações graves, em especial, complicações neurológicas",Fase Aguda,"#Sintomas, #Chikungunya",Nota Técnica nº 28SESSUBPAS-SRAS-DATE-CMI2023.md,75,2,90
chikungunya_qa_1162,Paciente,O que pode acontecer se eu tiver febre alta e dor nas articulações logo antes do parto?,"Se você tiver febre acima de 38,5°C e dor intensa nas articulações até 7 dias antes do parto, isso pode ser um sinal de caso suspeito de Chikungunya. É importante que você procure um médico para avaliação e orientação adequada, pois essa condição pode levar a complicações materno-fetais e até mesmo à transmissão vertical do vírus para o bebê. O acompanhamento médico é essencial para garantir a sua saúde e a do seu filho.","Gestantes que, em até 07 dias (D7) antes do parto, preencham a definição de caso suspeito de Chikungunya, apresentando febre acima de 38,5°C, artralgia ou artrite intensa não explicada por outras causas.",Fase Aguda,"#Sintomas, #Gestantes",Nota Técnica nº 28SESSUBPAS-SRAS-DATE-CMI2023.md,76,3,91.25
chikungunya_qa_1163,Médica,Quais são as implicações clínicas da linfopenia em pacientes?,"O contexto fornecido não apresenta dados sobre as implicações clínicas da linfopenia nesta população. Embora a linfopenia seja mencionada como achado laboratorial, o material não detalha sua correlação prognóstica ou significado fisiopatológico.",- Linfopenia,Fase Aguda,"#Diagnóstico, #Imunologia",Nota Técnica nº 28SESSUBPAS-SRAS-DATE-CMI2023.md,80,3,93.75
chikungunya_qa_1164,Paciente,O que eu e meu bebê precisamos fazer se eu tiver sintomas de chikungunya?,"Se você estiver grávida e apresentar sintomas de chikungunya, é muito importante que você e seu bebê sejam encaminhados para uma maternidade de alto risco com Unidade de Terapia Intensiva neonatal até 7 dias após o início dos sintomas.","Para a gestante em trabalho de parto ou que necessitar de interrupção da gestação até **07 dias (D7) após o início dos sintomas**, é recomendado o encaminhamento para **maternidade de alto risco com Unidade de Terapia Intensiva (UTI) neonatal**.",Fase Aguda,"#Sintomas, #Tratamento",Nota Técnica nº 28SESSUBPAS-SRAS-DATE-CMI2023.md,81,6,91.25
chikungunya_qa_1165,Paciente,O que acontece se meu bebê apresentar sintomas após o parto?,"Se seu bebê apresentar algum sintoma após o parto, ele deverá ser encaminhado à UTI Neonatal.","Para os casos em que o RN apresentar alguma sintomatologia, ele deverá ser encaminhado à **UTI Neonatal**.",Fase Aguda,"#Sintomas, #Tratamento",Nota Técnica nº 28SESSUBPAS-SRAS-DATE-CMI2023.md,90,4,98.75
chikungunya_qa_1166,Paciente,Como posso saber se a vacina que tomei teve algum problema?,"Se você tomou a vacina e está preocupado com algum problema, é importante que você saiba que estamos aqui para te acolher. Primeiro, queremos esclarecer que, caso tenha ocorrido algum erro na vacinação, nossa equipe está pronta para te ajudar. Fique atento a qualquer sintoma ou reação que possa aparecer nos próximos 30 dias. Se sentir algo estranho, por favor, avise a equipe de saúde imediatamente. Eles vão te explicar tudo sobre a situação e te dar o apoio necessário. Dependendo do que aconteceu, podemos querer te acompanhar mais de perto ou te orientar sobre os próximos passos. Não hesite em buscar ajuda se precisar, estamos aqui para você.","Realizar o **acolhimento** da pessoa vacinada, com esclarecimento sobre o erro",N/A (Geral),"#Sintomas, #Vacinação",Nota Técnica nº 642025-CGFAMDPNISVSAMS.md,98,1,91.25
chikungunya_qa_1167,Médica,Quais são as contraindicações na administração da vacina em pacientes menores de 18 anos?,"As contraindicações na administração da vacina em pacientes menores de 18 anos não estão claramente definidas no contexto fornecido. O que é mencionado refere-se a erros de administração vacinal, como via incorreta, que exigem revacinação, e não contraindicações absolutas para a vacinação. Portanto, não há contraindicações específicas listadas para a vacinação em menores de 18 anos no contexto apresentado.",Via incorreta (< 18 anos),N/A (Geral),"#Diagnóstico, #Tratamento",Nota Técnica nº 642025-CGFAMDPNISVSAMS.md,111,3,92.5
chikungunya_qa_1168,Paciente,O que devo fazer se eu tiver mais de 60 anos e precisar tomar a vacina?,"Se você tiver mais de 60 anos e precisar tomar a vacina, deve manter a dose e acompanhar conforme orientação específica. É importante saber que a idade ≥ 60 anos é considerada uma 'situação especial' que requer atenção, mas não é uma contraindicação absoluta. Isso significa que você deve ter um acompanhamento médico mais próximo para garantir sua saúde e segurança durante a vacinação.",- Idade ≥ 60 anos,N/A (Geral),"#Vacinação, #Idade",Nota Técnica nº 642025-CGFAMDPNISVSAMS.md,112,1,90
chikungunya_qa_1169,Cuidador,Quais cuidados devo ter ao preparar a vacina?,"Ao preparar a vacina, utilize uma agulha de calibre 21-25G e com comprimento mínimo de 40 mm. Misture suavemente o líquido com movimentos circulares, sem agitar ou inverter o frasco. Após a homogeneização, aguarde pelo menos 1 minuto antes de prosseguir.","Reconstituição com agulha calibre 21-25G, comprimento mínimo 40 mm. Homogeneizar com movimentos circulares suaves – não agitar e não inverter o frasco. Aguardar pelo menos 1 minuto após homogeneização.",N/A (Geral),"#Preparação, #Vacinação",Nota Técnica nº 92026-CGFAMDPNISVSAMS.md,118,5,100
chikungunya_qa_1170,Cuidador,Como posso ajudar na reabilitação do paciente?,"Você pode ajudar na reabilitação do paciente utilizando técnicas de mobilização de tecidos moles e mobilização articular, que são indicadas para relaxamento e diminuição da tensão muscular.","Técnicas de mobilização de tecidos moles e mobilização articular são indicadas para relaxamento, diminuição da tensão muscular.",Fase Crônica/Subaguda,"#Reabilitação, #Mobilização",SBR- Recomentações fisioterapeuticas.md,3,3,91.25
chikungunya_qa_1171,Paciente,O que são artrite e tenossinovite?,"Artrite é a inflamação das articulações, enquanto tenossinovite é a inflamação dos tendões. Ambas podem causar dor e inchaço. O tratamento pode incluir o uso escalonado de corticoides orais, Hidroxicloroquina (HCQ) e Imunossupressores/MMCDs, como Metotrexato (10 a 25 mg/semana) ou Sulfassalazina (SSZ).","* **Artrite / Tenossinovite Crônica:** Uso escalonado de corticoide oral, Hidroxicloroquina (HCQ) e Imunossupressores/MMCDs como Metotrexato (10 a 25 mg/semana) ou Sulfassalazina (SSZ).",Fase Aguda,"#Artrite, #Tenossinovite",SBR- Recomentações fisioterapeuticas.md,6,1,93.75
chikungunya_qa_1172,Cuidador,Como posso ajudar na reabilitação de alguém que teve chikungunya?,"Você pode ajudar na reabilitação de alguém que teve chikungunya utilizando bandagens compressivas e incentivando exercícios ativos leves com cautela. Além disso, o uso de órteses pode ser benéfico para suporte. É importante adaptar as atividades conforme a fase da doença, priorizando sempre o conforto e a segurança da pessoa.",• Bandagens compressivas<br>• Exercícios ativos leves (cautela)<br>• Órteses,Fase Crônica/Subaguda,"#Reabilitação, #Cuidados",SBR- Recomentações fisioterapeuticas.md,1,1,97.5
chikungunya_qa_1173,Cuidador,Quais sinais de alerta devo observar em um paciente com dor nas articulações?,"Os sinais de alerta que você deve observar em um paciente com dor nas articulações incluem aumento do inchaço, dor intensa que não melhora com tratamento e dificuldade para mover as articulações. É fundamental garantir que o paciente esteja em repouso relativo e utilizando órteses, se necessário, e evitar movimentos que desencadeiem dor. Se notar esses sintomas, procure um médico.","Deve-se indicar repouso relativo, uso de órteses e evitar movimentos que desencadeiem dor.",Fase Aguda,"#SinaisDeAlerta, #Cuidados",SBR- Recomentações fisioterapeuticas.md,2,1,90
chikungunya_qa_1174,Paciente,Como posso relaxar os músculos tensos?,"Você pode relaxar os músculos tensos utilizando técnicas de mobilização de tecidos moles e mobilização articular. Essas técnicas são indicadas para promover o relaxamento, diminuir a tensão muscular e restaurar a amplitude de movimento indolor. Além disso, o uso de calor pode ser útil para ajudar nesse processo.","Recursos Manuais Avançados: Técnicas de mobilização de tecidos moles e mobilização articular são indicadas para relaxamento, diminuição da tensão muscular e restauração da ADM indolor...",Fase Aguda,"#Relaxamento, #TensãoMuscular",SBR- Recomentações fisioterapeuticas.md,3,1,90
chikungunya_qa_1175,Paciente,Como posso me sentir melhor durante a recuperação?,"Para me sentir melhor durante a recuperação, posso fazer exercícios aquáticos, que ajudam a diminuir a dor e melhorar a movimentação. A fisioterapia aquática oferece alívio da dor, redução do edema, melhora da mobilidade articular e das habilidades funcionais, o que pode ser muito benéfico para a minha recuperação.","Fisioterapia Aquática: Oferece alívio da dor, redução do edema, melhora da mobilidade articular e das habilidades funcionais.",Fase Crônica/Subaguda,"#recuperação, #fisioterapia",SBR- Recomentações fisioterapeuticas.md,3,2,98.75
chikungunya_qa_1176,Paciente,Como posso saber se minha dor é por artrite?,"Se você sentir dor nas articulações e inchaço, isso pode ser um sinal de artrite. Outros sintomas a observar incluem rigidez nas articulações, especialmente pela manhã, e dor que persiste ao longo do tempo. É importante monitorar a intensidade da dor e como ela se comporta com o uso de analgésicos ou AINEs. Para um diagnóstico mais preciso, é recomendável consultar um médico.","* **Sintomas Musculoesqueléticos Localizados:** Tratados com analgésicos, opioides, AINEs, infiltração com corticoide e fisioterapia.",Fase Aguda,"#artrite, #sintomas",SBR- Recomentações fisioterapeuticas.md,6,3,92.5
chikungunya_qa_1177,Médica,Qual é o nome da vacina desenvolvida pelo Instituto Butantan?,O nome da vacina desenvolvida pelo Instituto Butantan é IXCHIQ.,Nome do produto | IXCHIQ (vacina chikungunya [recombinante e atenuada]),N/A (Geral),"#Produto, #InstitutoButantan",IXCHIQ (vacina chikungunya) novo registro.md,1,1,100
chikungunya_qa_1178,Paciente,O que significa imunogenicidade em relação à vacina IXCHIQ?,"Imunogenicidade é a capacidade da vacina IXCHIQ de estimular o seu corpo a produzir defesas contra a doença. Isso significa que, ao receber a vacina, seu sistema imunológico é ativado para reconhecer e combater o agente causador da doença, ajudando a protegê-lo no futuro.",Os dados clínicos apresentados para o registro da vacina incluíram avaliação de **imunogenicidade e segurança** em população adulta e adolescente.,N/A (Geral),"#Imunogenicidade, #Vacinação",IXCHIQ (vacina chikungunya) novo registro.md,5,1,93.75
chikungunya_qa_1179,Paciente,O que é imunogenicidade na vacina IXCHIQ?,"Imunogenicidade na vacina IXCHIQ é a capacidade da vacina de estimular as defesas do corpo, ou seja, o sistema imunológico, para que ele reconheça e combata o vírus que a vacina previne. Durante o registro da vacina, foram avaliados dados sobre essa capacidade, além da segurança da vacina em populações adultas e adolescentes.",Os dados clínicos apresentados para o registro da vacina incluíram avaliação de imunogenicidade e segurança em população adulta e adolescente.,N/A (Geral),"#Imunogenicidade, #Vacina",IXCHIQ (vacina chikungunya) novo registro.md,5,4,93.75
chikungunya_qa_1180,Paciente,Qual é a taxa de proteção da vacina IXCHIQ?,"A taxa de soroconversão da vacina IXCHIQ é de 98,9% dos indivíduos adultos avaliados para título de anticorpos ≥ 150 µPRNT50, o que é considerado razoavelmente provável para prever proteção.","taxa de soroconversão de 98,9% dos indivíduos adultos avaliados para título de anticorpos ≥ 150 µPRNT50 (considerado razoavelmente provável para prever proteção)",N/A (Geral),"#Vacina, #Proteção",IXCHIQ (vacina chikungunya) novo registro.md,8,1,97.5
chikungunya_qa_1181,Médica,Qual a importância de monitorar as reações adversas após a vacinação?,"O monitoramento das reações adversas após a vacinação é importante para identificar eventos adversos que podem ocorrer, como dor de cabeça, fadiga, dor muscular, dor nas articulações, febre, náusea e sensibilidade no local da injeção, que foram frequentemente observados em estudos clínicos com adultos e adolescentes.",As reações adversas mais frequentemente observadas nos estudos clínicos conduzidos em adultos e adolescentes foram: - Dor de cabeça - Fadiga - Dor muscular - Dor nas articulações - Febre - Náusea - Sensibilidade no local da injeção,N/A (Geral),"#Monitoramento, #Vacinação",IXCHIQ (vacina chikungunya) novo registro.md,11,1,90
chikungunya_qa_1182,Paciente,Vou sentir menos efeitos colaterais se tiver menos de 65 anos?,"O texto indica que eventos adversos locais e sistêmicos foram menos frequentes em participantes com 65 anos ou mais em comparação com aqueles de 18 a 64 anos. No entanto, não há informações específicas sobre a frequência de efeitos colaterais em pessoas com menos de 65 anos. Portanto, não é possível afirmar com certeza que você sentirá menos efeitos colaterais se tiver menos de 65 anos.",Eventos adversos locais e sistêmicos solicitados foram **menos frequentes** em participantes ≥ 65 anos em comparação com participantes de 18 a 64 anos,N/A (Geral),"#EfeitosColaterais, #Idosos",IXCHIQ (vacina chikungunya) novo registro.md,13,5,92.5
chikungunya_qa_1183,Paciente,Quais são os riscos se eu tiver doenças autoimunes ou inflamatórias ao me vacinar?,"Se você tem doenças autoimunes ou inflamatórias, é importante saber que muitos estudos indicam que várias vacinas são consideradas seguras para esses pacientes. No entanto, os riscos podem variar dependendo do controle da sua condição. É fundamental que você converse com seu médico para entender melhor os riscos específicos e as vacinas que podem ser adequadas para você.",Perfil de segurança em pacientes com **doenças autoimunes ou inflamatórias**,N/A (Geral),"#Tratamento, #Segurança",IXCHIQ (vacina chikungunya) novo registro.md,14,2,91.25
chikungunya_qa_1184,Paciente,O que acontece se eu estiver debilitado ou com alguma condição clínica grave?,"Se você estiver debilitado ou com uma condição clínica grave, como condições agudas, progressivas, instáveis ou descontroladas, o perfil de segurança da vacina pode ser diferente para você. É importante que você converse com seu médico sobre sua situação específica, pois ele pode fornecer orientações personalizadas. Seu bem-estar é a prioridade, e buscar a opinião de um profissional de saúde é sempre a melhor escolha.","Perfil de segurança em **indivíduos debilitados** com condições clínicas agudas ou progressivas, instáveis ou descontroladas",N/A (Geral),"#Tratamento, #Segurança",IXCHIQ (vacina chikungunya) novo registro.md,14,2,91.25
chikungunya_qa_1185,Paciente,Quais são as reações adversas que podem ocorrer em pessoas com doenças autoimunes ou inflamatórias após a vacinação?,"Após a vacinação, algumas pessoas com doenças autoimunes ou inflamatórias podem ter reações adversas, mas o documento não fornece detalhes específicos sobre quais são essas reações. É importante lembrar que cada pessoa pode reagir de maneira diferente, e se você tiver preocupações ou dúvidas, é sempre melhor conversar com seu médico para obter orientações personalizadas.",Perfil de segurança em pacientes com **doenças autoimunes ou inflamatórias**,N/A (Geral),"#ReaçõesAdversas, #DoençasAutoimunes",IXCHIQ (vacina chikungunya) novo registro.md,14,4,91.25
chikungunya_qa_1186,Paciente,"E se eu estiver debilitado, isso vai afetar a vacina?","Se você estiver debilitado, especialmente com condições clínicas agudas ou progressivas, instáveis ou descontroladas, é importante saber que isso pode afetar a segurança da vacina. Isso pode incluir a possibilidade de reações adversas, que podem ser diferentes em comparação a pessoas que não estão debilitadas. É fundamental conversar com seu médico sobre sua situação específica para entender como isso pode impactar a vacinação e quais cuidados adicionais podem ser necessários.","Perfil de segurança em **indivíduos debilitados** com condições clínicas agudas ou progressivas, instáveis ou descontroladas",N/A (Geral),"#Sintomas, #Segurança",IXCHIQ (vacina chikungunya) novo registro.md,14,5,93.75
chikungunya_qa_1187,Médica,Quais são os critérios para avaliar a segurança da vacina em pacientes com doenças autoimunes?,"Para avaliar a segurança da vacina em pacientes com doenças autoimunes, é fundamental estabelecer critérios objetivos e mensuráveis. Primeiramente, deve-se monitorar parâmetros clínicos, como a exacerbação da doença de base e a resposta inflamatória, utilizando marcadores inflamatórios específicos. Além disso, a avaliação laboratorial deve incluir testes de função imunológica e hematológica, que podem indicar reações adversas. A temporalidade de monitoramento é crucial, com seguimento ativo nos primeiros meses após a vacinação, observando reações adversas imediatas e tardias. A farmacovigilância ativa deve ser implementada para identificar reações adversas incomuns e raras. Por fim, é importante considerar o perfil de segurança em indivíduos debilitados com condições clínicas agudas ou progressivas, instáveis ou descontroladas.",Perfil de segurança em pacientes com **doenças autoimunes ou inflamatórias**,N/A (Geral),"#Segurança, #DoençasAutoimunes",IXCHIQ (vacina chikungunya) novo registro.md,14,5,92.5
chikungunya_qa_1188,Médica,Quais são os efeitos adversos mais comuns observados após a vacinação?,"O contexto não especifica quais são os efeitos adversos mais comuns observados após a vacinação. Ele apenas menciona que a maioria dos efeitos adversos relatados é classificada como leve ou moderada e, em geral, de curta duração. Portanto, não há informações detalhadas disponíveis sobre os efeitos adversos específicos.","a maioria dos efeitos adversos relatados sendo leves ou moderados e, em geral, de curta duração.",N/A (Geral),"#EfeitosAdversos, #Vacinação",IXCHIQ (vacina chikungunya) novo registro.md,15,6,98.75
chikungunya_qa_1189,Paciente,Por que não posso tomar a vacina se estou grávida?,"Você não pode tomar a vacina se está grávida porque ela contém vírus vivos atenuados. Esses vírus, mesmo que enfraquecidos, podem representar um risco para a saúde do seu bebê durante a gravidez. É importante garantir a segurança tanto para você quanto para a criança.",A vacina contém vírus vivos atenuados e é **contraindicada** para: - Mulheres grávidas,N/A (Geral),"#Contraindicações, #Vacinação",IXCHIQ (vacina chikungunya) novo registro.md,16,2,98.75
chikungunya_qa_1190,Paciente,O que significa que o Brasil é um país endêmico para a Chikungunya?,"Significa que o vírus da Chikungunya circula constantemente no Brasil. Isso quer dizer que as pessoas que vivem aqui têm uma chance maior de entrar em contato com a doença, já que ela está sempre presente na nossa realidade.",Que o Brasil é um país endêmico para a Chikungunya,N/A (Geral),"#Epidemiologia, #Chikungunya",IXCHIQ (vacina chikungunya) novo registro.md,17,3,95
chikungunya_qa_1191,Médica,O que caracteriza a Chikungunya como uma doença endêmica no Brasil?,"A Chikungunya é considerada uma doença endêmica no Brasil devido à sua persistência e à ocorrência frequente de casos, que estão associados a impactos conhecidos da doença, como a alta morbidade e a sobrecarga nos serviços de saúde. A endemicidade é caracterizada pela transmissão contínua do vírus em determinadas regiões, facilitada por fatores como a presença do vetor, o Aedes aegypti, e as condições climáticas que favorecem a proliferação desse mosquito. Portanto, a Chikungunya se estabelece como um problema de saúde pública no Brasil, exigindo vigilância epidemiológica constante.",Que o Brasil é um país endêmico para a Chikungunya,N/A (Geral),"#Epidemiologia, #Chikungunya",IXCHIQ (vacina chikungunya) novo registro.md,17,5,93.75
chikungunya_qa_1192,Médica,Qual é a taxa de incidência de chikungunya no Brasil?,"No Brasil, 45% dos 3,7 milhões de casos de chikungunya reportados nas Américas foram concentrados no país. No entanto, com as informações fornecidas, não é possível determinar uma taxa de incidência específica.","Uma década após o inicio da circulação do vírus nas Américas, 3,7 milhões de casos de chikungunya foram reportados em cinquenta países e territórios na região, com o Brasil concentrando 45% desses casos.",Fase Aguda,"#Epidemiologia, #Chikungunya",Manejo_Chikungunya_2ed.md,19,2,98.75
chikungunya_qa_1193,Paciente,Quais são os sintomas que posso esperar se eu tiver chikungunya?,"Se você tiver chikungunya, um dos sintomas que pode esperar é a dor nas articulações, conhecida como artralgia, que pode fazer com que você fique encurvado. Além disso, você pode apresentar febre, dor de cabeça e erupções cutâneas.","Significa “aqueles que se dobram”, descrevendo a aparência encurvada de pessoas que sofrem com a artralgia, característica desta doença.",Fase Aguda,"#Sintomas, #Artralgia",Manejo_Chikungunya_2ed.md,19,3,98.75
chikungunya_qa_1194,Paciente,Quais são os sintomas da chikungunya que eu posso sentir?,"Os sintomas da chikungunya que você pode sentir incluem dor nas articulações, que é uma característica marcante da doença. Além disso, a artralgia pode levar a uma aparência encurvada, pois as pessoas afetadas tendem a se dobrar devido à dor. Outros sintomas comuns incluem febre, dor de cabeça e erupções cutâneas. É importante estar ciente de que esses sintomas podem impactar sua postura e mobilidade.","Significa “aqueles que se dobram”, descrevendo a aparência encurvada de pessoas que sofrem com a artralgia, característica desta doença.",Fase Aguda,"#Sintomas, #Chikungunya",Manejo_Chikungunya_2ed.md,19,5,96.25
chikungunya_qa_1195,Paciente,O que é a chikungunya e como ela pode me afetar?,"A chikungunya é uma doença transmitida por mosquitos que causa principalmente acometimentos musculoesqueléticos, como dor intensa nas articulações e inchaço, conhecido como edema articular. Os sintomas incluem artralgia, que pode ser bastante intensa. É importante estar ciente desses sintomas e buscar orientação médica para um tratamento adequado.","Em geral, o acometimento musculoesquelético é a principal manifestação clínica associada à chikungunya, incluindo sintomas como edema articular e artralgia intensas.",Fase Aguda,"#Sintomas, #Impacto",Manejo_Chikungunya_2ed.md,20,4,91.25
chikungunya_qa_1196,Paciente,Como a chikungunya pode afetar minha saúde?,"A chikungunya pode afetar sua saúde de várias maneiras. Os sintomas mais comuns incluem febre alta, dores intensas nas articulações, dores musculares, dor de cabeça e erupções cutâneas. Esses sintomas podem durar semanas ou até meses, e em alguns casos, as dores nas articulações podem persistir por um longo tempo, causando desconforto significativo. Além disso, algumas pessoas podem experimentar complicações menos comuns, como problemas neurológicos ou cardíacos. Se você sentir esses sintomas, é fundamental procurar um médico para receber o tratamento adequado e aliviar seu sofrimento.","A introdução do chikungunya nas Américas em 2013, seguida de rápida disseminação para grande parte dos países, incluindo o Brasil, representou um grande desafio para a saúde pública.",Fase Crônica/Subaguda,"#Sintomas, #Epidemiologia",Manejo_Chikungunya_2ed.md,21,5,91.25
chikungunya_qa_1197,Paciente,Quais são os principais sintomas que posso ter se tiver chikungunya?,"Os principais sintomas da chikungunya incluem febre alta, dores intensas nas articulações, dores musculares, dor de cabeça, erupções cutâneas e fadiga. É importante estar atento a esses sinais, pois a doença pode levar a complicações que afetam a qualidade de vida. Se você suspeitar que está com chikungunya, procure um médico para avaliação e orientação adequadas.",suas manifestações clínicas e suas potenciais complicações,Fase Aguda,"#Sintomas, #Complicações",Manejo_Chikungunya_2ed.md,21,6,97.5
chikungunya_qa_1198,Paciente,Quais sintomas devem me deixar preocupado se eu tiver chikungunya?,"Se você tiver chikungunya, deve ficar atento a qualquer manifestação sistêmica que possa surgir, pois elas podem representar um sinal de gravidade em qualquer fase da doença. É importante procurar ajuda médica se notar qualquer alteração significativa no seu estado de saúde.","Portanto, em qualquer fase da chikungunya as manifestações sistêmicas, quando presentes, podem representar um potencial sinal de gravidade.",Fase Aguda,"#Sintomas, #Gravidade",Manejo_Chikungunya_2ed.md,24,2,91.25
chikungunya_qa_1199,Paciente,O que acontece se eu tiver chikungunya e não me tratar?,"Se você tiver chikungunya e não se tratar, é possível que as dores articulares persistam após a fase aguda, caracterizando a fase pós-aguda, que pode durar até três meses. Não existe um tratamento antiviral específico para chikungunya, apenas cuidados para aliviar os sintomas. É importante estar ciente de que a evolução da doença pode variar entre os pacientes.","Alguns pacientes podem evoluir com persistência das dores articulares após a fase aguda, caracterizando-se o início da fase pós-aguda, que pode prolongar-se por até três meses.",Fase Crônica/Subaguda,"#Tratamento, #Sintomas",Manejo_Chikungunya_2ed.md,25,3,91.25
chikungunya_qa_1200,Médica,Que alterações laboratoriais podem ser esperadas em pacientes com chikungunya que apresentam descompensação de comorbidades?,"As alterações laboratoriais esperadas em pacientes com chikungunya que apresentam descompensação de comorbidades incluem alterações no coagulograma, fenômenos hemorrágicos, eventos trombóticos, alterações nas enzimas hepáticas e icterícia. Essas alterações podem variar conforme a doença de base, mas são críticas para o manejo clínico do paciente.","Alterações no coagulograma, fenômenos hemorrágicos, eventos trombóticos.<br>Alterações nas enzimas hepáticas, icterícia, alterações no coagulograma.",Fase Aguda,"#AlteraçõesLaboratoriais, #Descompensação",Manejo_Chikungunya_2ed.md,31,1,90
chikungunya_qa_1201,Paciente,Quais são os sinais que indicam chikungunya grave?,"Os sinais que indicam chikungunya grave incluem a insuficiência de, pelo menos, um órgão ou sistema, além de risco de morte ou necessidade de internação hospitalar.","Todo paciente com suspeita de chikungunya que apresentar sinais clínicos e/ou alterações laboratoriais de insuficiência de, no mínimo, um órgão ou sistema, associado a risco de morte ou exigindo internação hospitalar deve ser considerado como caso de chikungunya grave.",Fase Aguda,"#Sintomas, #ChikungunyaGrave",Manejo_Chikungunya_2ed.md,32,6,97.5
chikungunya_qa_1202,Paciente,O que é chikungunya?,"Chikungunya é uma doença febril aguda que causa febre alta e dor intensa nas articulações, conhecida como artralgia. Além disso, pode afetar a coluna axial. É importante que os profissionais de saúde considerem chikungunya ao avaliar pacientes com esses sintomas, pois é uma condição que pode ser confundida com outras doenças febris.",O diagnóstico diferencial de chikungunya deve ser feito com outras doenças febris agudas associadas à artralgia.,Fase Aguda,"#Sintomas, #Diagnóstico",Manejo_Chikungunya_2ed.md,33,1,90
chikungunya_qa_1203,Cuidador,O que devo fazer se notar sinais de alerta para dengue grave?,"Se você notar sinais de alerta para dengue grave, como dor abdominal intensa, vômitos persistentes, acúmulo de líquidos, sangramento de mucosas, letargia ou irritabilidade, hepatomegalia maior que 2 cm, aumento do hematócrito, hipotensão postural ou sinais de choque, leve imediatamente a pessoa ao serviço de saúde. É fundamental buscar atendimento médico emergencial, pois esses sinais indicam que a situação pode ser séria.","A presença de sinais de alarme como dor abdominal intensa, vômitos persistentes, acúmulo de líquidos, sangramento de mucosas, letargia ou irritabilidade, hepatomegalia maior que 2 cm, aumento do hematócrito, hipotensão postural ou sinais de choque podem sugerir dengue grave;",Fase Crônica/Subaguda,"#Cuidados, #Dengue",Manejo_Chikungunya_2ed.md,33,2,98.75
chikungunya_qa_1204,Médica,Quais manifestações clínicas podem ser causadas pelo vírus Mayaro?,"As manifestações clínicas do vírus Mayaro incluem febre, artralgia, mialgia e exantema, que são características do gênero Alphavirus. Embora as manifestações sejam semelhantes às da chikungunya, os sintomas do Mayaro costumam ser menos intensos. Além disso, é importante destacar que quadros clínicos prolongados, com meses de duração, também podem ser causados pelo vírus Mayaro.","Mayaro: o vírus Mayaro também pertence ao gênero Alphavirus da família Togaviridae, assim como o vírus da chikungunya. As manifestações clínicas das duas enfermidades são semelhantes, mas aquelas produzidas pelo CHIKV costumam ser bem mais intensas. Quadros clínicos prolongados, com meses de duração, também podem ser causados pelo Mayaro.",Fase Crônica/Subaguda,"#ManifestaçõesClínicas, #Mayaro",Manejo_Chikungunya_2ed.md,34,2,93.75
chikungunya_qa_1205,Paciente,Quais sintomas podem indicar chikungunya?,"Os sintomas que podem indicar chikungunya incluem febre e artralgia ou artrite, que não são explicadas por outras condições. É importante que a pessoa tenha morado ou visitado áreas de transmissão até duas semanas antes do início dos sintomas ou tenha vínculo epidemiológico com caso confirmado.","Paciente com febre e artralgia ou artrite, não explicadas por outras condições, sendo residente ou tendo visitado áreas de transmissão até duas semanas antes do início dos sintomas ou que tenha vínculo epidemiológico com caso confirmado.",Fase Aguda,"#Sintomas, #Chikungunya",Manejo_Chikungunya_2ed.md,35,1,98.75
chikungunya_qa_1206,Paciente,O que devo fazer se sentir sintomas respiratórios?,"Se você sentir sintomas respiratórios, é importante procurar atendimento médico imediatamente. Esses sintomas podem estar relacionados a complicações da chikungunya, e um profissional de saúde poderá avaliar sua situação e oferecer o tratamento adequado.",investigar sintomas respiratórios que possam estar associados às complicações da chikungunya;,Fase Aguda,"#Sintomas, #Chikungunya",Manejo_Chikungunya_2ed.md,37,1,91.25
chikungunya_qa_1207,Paciente,O que eu preciso observar no meu corpo durante o exame físico se tiver chikungunya?,"Durante o exame físico, você deve observar sinais e sintomas que possam indicar complicações, como alterações na respiração e sinais que possam afetar o seu aparelho cardiovascular. É importante relatar ao médico qualquer mudança que você perceber, especialmente se notar algo diferente em sua respiração ou qualquer outro sintoma que possa indicar que a chikungunya está se agravando.","O exame físico é uma etapa fundamental para a avaliação clínica inicial e o monitoramento de casos suspeitos ou confirmados de chikungunya. Durante o exame, é importante observar sinais e sintomas que possam indicar complicações dos aparelhos respiratório e cardiovascular.",Fase Aguda,"#Sintomas, #ExameFísico",Manejo_Chikungunya_2ed.md,39,4,91.25
chikungunya_qa_1208,Paciente,Quais são as manifestações que podem ocorrer além da dor nas articulações?,"Além da dor nas articulações, a chikungunya pode apresentar manifestações extra-articulares, como febre, erupções cutâneas, fadiga, dor muscular e dor de cabeça. É importante estar ciente dessas manifestações, pois elas estão relacionadas ao manejo do paciente com suspeita da doença febril aguda. Se você tiver dúvidas sobre os sintomas, é recomendável consultar um médico.","O manejo do paciente com suspeita de chikungunya deve envolver os diferentes espectros clínicos da doença, com abordagem da doença febril aguda, suas manifestações extra-articulares.",Fase Aguda,"#Sintomas, #Manifestações",Manejo_Chikungunya_2ed.md,42,1,90
chikungunya_qa_1209,Paciente,Quais sintomas posso notar no meu corpo se tiver chikungunya?,"Se você tiver chikungunya, os sintomas que pode notar no seu corpo incluem dor nas articulações, que é a manifestação mais comum da doença musculoesquelética, além de febre, erupções cutâneas e fadiga.",A doença musculoesquelética representa a manifestação clínica mais frequente da doença.,Fase Aguda,"#Sintomas, #Chikungunya",Manejo_Chikungunya_2ed.md,42,2,92.5
chikungunya_qa_1210,Paciente,Quanto tempo posso esperar sentir os sintomas após a picada?,"Os sintomas da doença podem se manifestar durante a fase aguda, que ocorre até 14 dias após o início da infecção.",O espectro clínico da doença cronologicamente envolve três fases: aguda (até 14 dias).,Fase Aguda,"#Sintomas, #Chikungunya",Manejo_Chikungunya_2ed.md,42,3,90
chikungunya_qa_1211,Paciente,O que posso sentir de dor durante a chikungunya?,"Durante a chikungunya, você pode sentir febre acompanhada de intensa dor nas articulações, conhecida como poliartralgia ou artrite. Essa dor pode ser muito intensa e varia ao longo do tempo, especialmente na fase aguda da doença.",Esta fase é caracterizada por febre acompanhada de intensa poliartralgia e/ou artrite.,Fase Aguda,"#Sintomas, #Chikungunya",Manejo_Chikungunya_2ed.md,43,6,98.75
chikungunya_qa_1212,Cuidador,Como devo agir se o paciente estiver sentindo dor intensa?,"Se o paciente estiver sentindo dor intensa, que é classificada de 8 a 10 na escala de dor, é importante monitorar essa dor e garantir que o paciente compreenda a importância de relatar a dor de forma precisa. Isso ajuda a evitar que o paciente relate notas muito altas por medo de não receber analgésicos. Além disso, é fundamental que haja uma abordagem adequada para cada tipo de dor e numeração, incluindo o tratamento com opioides quando necessário.","Faz-se necessário que, durante a aferição da dor de um paciente, este seja esclarecido que a informação seja verdadeira e que existe uma abordagem para cada tipo de dor e numeração, a fim de evitar falhas metodológicas como os pacientes sempre relatando notas muito altas (9-10 na EVA) por medo de não receberem analgésicos para notas menores.",Fase Aguda,"#Cuidados, #Dor",Manejo_Chikungunya_2ed.md,45,1,90
chikungunya_qa_1213,Cuidador,Quando devo buscar ajuda médica para o paciente que está com dor intensa?,"Se o paciente estiver com dor intensa, especialmente se a dor for avaliada na escala EVA como 8 a 10, é importante buscar ajuda médica imediatamente. Além disso, se a dor não estiver controlada ou se houver piora do quadro, também é necessário procurar assistência. Fique atento a sinais de efeitos colaterais, como sonolência no idoso, náuseas e constipação intestinal, mas a prioridade deve ser garantir que a dor do paciente seja adequadamente tratada.","Os principais efeitos colaterais dos opioides são sonolência no idoso, náuseas e constipação intestinal.",Fase Aguda,"#SinaisDeAlerta, #Dor",Manejo_Chikungunya_2ed.md,45,3,91.25
chikungunya_qa_1214,Paciente,Quais são os efeitos colaterais que posso ter ao tomar ciclobenzaprina?,"Ao tomar ciclobenzaprina, um dos efeitos colaterais que você pode sentir é sonolência, por isso é recomendado usá-la à noite. Além da sonolência, outros efeitos colaterais comuns podem incluir boca seca, tontura e fadiga. É importante estar ciente de que a sonolência pode afetar suas atividades diárias, então, se você precisar estar alerta, é bom considerar isso.",* Uso preferencial a noite devido à sonolência.,Fase Aguda,"#EfeitosColaterais, #Medicamentos",Manejo_Chikungunya_2ed.md,46,5,91.25
chikungunya_qa_1215,Paciente,O que devo fazer se a dor nas articulações não melhorar?,"Se a dor nas articulações não melhorar, é importante que você procure um médico. Ele pode avaliar a situação e decidir se é necessário mudar o tratamento. Lembre-se de que a reavaliação do seu quadro deve ser feita após 10 dias de uso dos AINEs.","Na dor musculoesquelética localizada ou difusa não inflamatória, os pacientes necessitam ser medicados com AINEs, devendo o quadro ser reavaliado após 10 dias.",Fase Aguda,"#Sintomas, #Tratamento",Manejo_Chikungunya_2ed.md,47,2,93.75
chikungunya_qa_1216,Paciente,O que significa ter um quadro de dor com componente neuropático?,"Ter um quadro de dor com componente neuropático significa que a dor que você está sentindo pode ser causada por lesões nos nervos. Isso pode ocorrer quando os nervos estão danificados ou irritados, resultando em sensações de dor que podem ser diferentes das dores comuns.","Se quatro ou mais respostas forem positivas, provavelmente o paciente apresenta um quadro de dor com componente neuropático.",Fase Aguda,#Sintomas,Manejo_Chikungunya_2ed.md,48,1,91.25
chikungunya_qa_1217,Paciente,Quais remédios posso usar se a dor nas articulações não melhorar?,"Se a dor nas articulações não melhorar, você pode considerar o uso de antidepressivos tricíclicos, como amitriptilina ou nortriptilina, ou anticonvulsivantes, como gabapentina, pregabalina e carbamazepina. É importante conversar com seu médico sobre a melhor abordagem para o seu caso.","Nestes casos devem ser utilizados antidepressivos tricíclicos (amitriptilina, nortriptilina) ou anticonvulsivantes (gabapentina, pregabalina, carbamazepina).",Fase Aguda,"#Tratamento, #Dor",Manejo_Chikungunya_2ed.md,48,2,90
chikungunya_qa_1218,Paciente,Quais medicamentos são usados para tratar a dor nas articulações crônica?,"Para tratar a dor nas articulações crônica, os medicamentos que podem ser utilizados são a Hidroxicloroquina e o Metotrexato. A Hidroxicloroquina é apresentada em comprimidos de 400 mg, com uma dose recomendada de 6 mg/kg/dia, sendo a dose máxima de 400 mg/dia. É importante observar que a Hidroxicloroquina é contraindicada em casos de hipersensibilidade conhecida ao medicamento, à classe ou aos componentes, e em pacientes com retinopatia. O Metotrexato é apresentado em comprimidos de 2,5 mg, com doses que variam de 7,5 a 25 mg, administradas uma vez por semana via oral, e a dose máxima é de 25 mg/semana. As contraindicações do Metotrexato incluem hipersensibilidade conhecida ao medicamento, tuberculose sem tratamento, infecções bacterianas que necessitem de antibióticos, infecções fúngicas ameaçadoras à vida, infecção por herpes zóster ativa, hepatites B ou C agudas, gestação, amamentação e concepção, elevação de aminotransferases/transaminases acima do limite normal, e taxa de depuração de creatinina inferior a 30 ml/min/1,73m² na ausência de terapia dialítica crônica. É fundamental que o tratamento seja acompanhado por um profissional de saúde.","Quadro 5 – Tratamento medicamentoso da fase crônica no adulto
| Medicamento | Apresentação | Dose | Observações | Contraindicações |
| --- | --- | --- | --- | --- |
| Hidroxicloroquina | * Comprimido de 400 mg | 6 mg/kg/dia<br>Dose máxima: 400 mg/dia | PCDT de artrite reumatoide | * Hipersensibilidade conhecida ao medicamento, à classe ou aos componentes<br>* Retinopatia |
| Metotrexato | * Comprimido de 2,5 mg | 7,5 a 25 mg<br>1 vez na semana via oral<br>  Dose da criança: 0,5 mg/kg/semana via oral ou SC<br> Dose máxima: 25 mg/semana |PCDT de atrite reumatoide  |  * Hipersensibilidade conhecida ao medicamento, à classe ou aos componentes<br>* Tuberculose sem tratamento<br>* Infecção bacteriana com indicação de uso de antibiótico<br>* Infecção fúngica que ameace à vida<br>* Infecção por herpes zóster ativa, hepatites B ou C agudas<br>* Gestação, amamentação e concepção (homens e mulheres)<br>* Elevação de aminotransferases/transaminases (igual ou três vezes acima do limite superior da normalidade)<br>* Taxa de depuração de creatinina inferior a 30 ml/min/1,73m de superfície corporal na ausência de terapia dialítica crônica |",Fase Crônica/Subaguda,"#Tratamento, #Medicamentos",Manejo_Chikungunya_2ed.md,51,2,91.25
chikungunya_qa_1219,Paciente,Quais são os cuidados que eu devo ter durante o tratamento?,"Durante o tratamento, é importante que você siga a terapia de acordo com a fase correspondente da sua doença. Se você chegou ao atendimento médico na fase crônica, mesmo que tenha sintomas há mais de três meses, a terapia deve ser ajustada para essa fase. Portanto, converse com seu médico sobre a fase da sua doença e siga as orientações específicas para o tratamento adequado.","É importante lembrar que essa divisão cronológica da terapêutica em períodos é o ideal, porém alguns pacientes podem chegar ao atendimento médico na fase crônica (após três meses do início dos sintomas) sem ter recebido a terapêutica de fase subaguda. Neste caso, apesar do tempo dos sintomas, a terapia deve seguir de acordo com a fase correspondente.",Fase Crônica/Subaguda,"#Tratamento, #Fases",Manejo_Chikungunya_2ed.md,51,4,90
chikungunya_qa_1220,Cuidador,Quando devo buscar ajuda médica se notar efeitos adversos durante o tratamento?,"Se você notar efeitos adversos no paciente sob seus cuidados, é fundamental buscar ajuda médica imediatamente. É importante estar atento à necessidade de monitorização clínica e laboratorial específica antes e durante o uso dos medicamentos. Não hesite em entrar em contato com o médico se perceber qualquer sinal de que o tratamento não está sendo bem tolerado ou se houver necessidade de ajustes na medicação.",Os médicos devem estar atentos aos efeitos adversos próprios de cada classe terapêutica prescrita nesta fase do tratamento e à necessidade de monitorização clínica e laboratorial específica antes e durante o uso dos medicamentos.,Fase Aguda,"#EfeitosAdversos, #Monitorização",Manejo_Chikungunya_2ed.md,51,4,92.5
chikungunya_qa_1221,Paciente,O que posso sentir se a dor não passar após os primeiros dias de tratamento?,"Se a dor não passar após os primeiros dias de tratamento, isso pode indicar que você está entrando na fase pós-aguda, que ocorre entre 15 dias e três meses. É importante monitorar a dor e discutir com seu médico sobre o manejo adequado dessa fase.","Se a dor persistir após a fase aguda, inicia-se o manejo da fase pós-aguda (entre 15 dias e três meses).",Fase Crônica/Subaguda,"#Sintomas, #Tratamento",Manejo_Chikungunya_2ed.md,58,2,91.25
chikungunya_qa_1222,Paciente,O que pode acontecer se meu filho não dormir bem por causa da dor?,"Se seu filho não dormir bem por causa da dor, isso pode ser um sinal de que a dor está afetando seu bem-estar. A dificuldade para dormir é uma manifestação clínica que pode ser observada em crianças de todas as faixas etárias. É importante ficar atento a esses sinais e considerar buscar orientação médica para entender melhor a situação.",tem dificuldade para dormir.,Fase Aguda,"#Sintomas, #Impacto",Manejo_Chikungunya_2ed.md,59,1,90
chikungunya_qa_1223,Paciente,O que posso esperar em relação ao tempo entre a picada e os primeiros sintomas da chikungunya?,"O contexto fornecido não aborda o período de incubação da infecção pelo vírus chikungunya. Para informações sobre o diagnóstico laboratorial, é importante saber que ele pode ser realizado por métodos diretos, mas não há detalhes sobre o tempo entre a picada e os primeiros sintomas.",O diagnóstico laboratorial da infecção pelo vírus chikungunya (CHIKV) pode ser realizado por métodos diretos...,Fase Aguda,"#Sintomas, #Chikungunya",Manejo_Chikungunya_2ed.md,62,2,97.5
chikungunya_qa_1224,Paciente,Como sei se meu caso de chikungunya é grave?,"Para saber se seu caso de chikungunya é grave, é importante observar se você apresenta manifestações atípicas. Casos graves geralmente envolvem sintomas mais intensos ou complicações. Se você tiver preocupações sobre a gravidade do seu caso, é fundamental buscar orientação médica e considerar a coleta de amostras para confirmação laboratorial.","casos graves ou com manifestações atípicas, bem como para pacientes considerados mais vulneráveis à evolução para formas clínicas de maior gravidade.",Fase Aguda,"#Paciente, #Gravidade, #Sintomas",Manejo_Chikungunya_2ed.md,66,6,90
chikungunya_qa_1225,Médica,Como as alterações nas transaminases podem influenciar o manejo do paciente?,"A elevação das transaminases é um indicador importante que pode sugerir hepatotoxicidade ou lesão hepatocelular. No manejo do paciente, essa alteração requer uma avaliação cuidadosa, incluindo a investigação de possíveis causas, como hepatites virais, uso de medicamentos hepatotóxicos ou doenças metabólicas. É fundamental realizar a monitorização da função hepática, ajustando medicações que possam agravar a condição hepática e considerando a necessidade de intervenções adicionais, como biópsia hepática ou encaminhamento para um especialista em hepatologia, dependendo da gravidade e da persistência da elevação das transaminases.",- Elevação das transaminases,Fase Crônica/Subaguda,"#Diagnóstico, #Tratamento",Nota Técnica nº 28SESSUBPAS-SRAS-DATE-CMI2023.md,80,3,92.5
chikungunya_qa_1226,Médica,Quais alterações no ecocardiograma podem ser sugestivas de miocardite ou insuficiência cardíaca?,"As alterações no ecocardiograma (ECO) que podem ser sugestivas de miocardite ou insuficiência cardíaca incluem, mas não se limitam a, alterações na fração de ejeção, alterações de contratilidade segmentar e a presença de derrame pericárdico. O contexto menciona que essas alterações são indicativas, mas não fornece detalhes específicos sobre os parâmetros técnicos a serem avaliados.",- Alterações no ecocardiograma (ECO) sugestivas de miocardite/insuficiência cardíaca,Fase Aguda,"#Diagnóstico, #Tratamento",Nota Técnica nº 28SESSUBPAS-SRAS-DATE-CMI2023.md,80,4,90
chikungunya_qa_1227,Paciente,O que deve ser feito se eu estiver grávida e apresentar sintomas de chikungunya?,"Se você estiver grávida e apresentar sintomas de chikungunya, especialmente se estiver em trabalho de parto ou necessitar de interrupção da gestação, é recomendado que você seja encaminhada para uma maternidade de alto risco com Unidade de Terapia Intensiva neonatal até 7 dias após o início dos sintomas.","Para a gestante em trabalho de parto ou que necessitar de interrupção da gestação até **07 dias (D7) após o início dos sintomas**, é recomendado o encaminhamento para **maternidade de alto risco com Unidade de Terapia Intensiva (UTI) neonatal**.",Fase Aguda,"#Tratamento, #Gestação",Nota Técnica nº 28SESSUBPAS-SRAS-DATE-CMI2023.md,81,1,98.75
chikungunya_qa_1228,Paciente,O que devo fazer se estiver grávida e apresentar sintomas de chikungunya?,"Se você estiver grávida e apresentar sintomas de chikungunya, é muito importante procurar atendimento médico imediatamente. Você deve ser encaminhada para uma maternidade de alto risco que tenha Unidade de Terapia Intensiva neonatal, especialmente se estiver em trabalho de parto ou precisar interromper a gestação, e isso deve ser feito até 7 dias após o início dos sintomas.","Para a gestante em trabalho de parto ou que necessitar de interrupção da gestação até 07 dias (D7) após o início dos sintomas, é recomendado o encaminhamento para maternidade de alto risco com Unidade de Terapia Intensiva (UTI) neonatal.",Fase Aguda,"#Tratamento, #Gestantes",Nota Técnica nº 28SESSUBPAS-SRAS-DATE-CMI2023.md,81,4,98.75
chikungunya_qa_1229,Paciente,Quais são os sintomas que posso ter se eu tiver essa doença?,"Se você tiver essa doença, pode apresentar alguns sintomas como febre, uma erupção na pele que pode parecer manchas ou pequenas elevações, dificuldade para respirar (apneia) e convulsões. É importante saber que esses sintomas podem ser mais comuns em recém-nascidos. Se você notar qualquer um desses sinais, é fundamental procurar um médico imediatamente.","| Categoria | Manifestações |
|-----------|----------------|
| **Clínicas** | Febre |
| **Dermatológicas** | Erupção maculopapular |
| **Respiratórias** | Apneia |
| **Neurológicas** | Convulsões |",Fase Aguda,"#Sintomas, #Manifestações",Nota Técnica nº 28SESSUBPAS-SRAS-DATE-CMI2023.md,86,2,93.75
chikungunya_qa_1230,Cuidador,Quais cuidados devo ter ao administrar a vacina chikungunya?,"Ao administrar a vacina chikungunya, é fundamental ter cuidado para evitar erros de imunização, que são eventos evitáveis e não intencionais. Isso significa que é importante seguir as orientações adequadas para garantir a eficácia e segurança da vacina. Certifique-se de que a vacina está sendo administrada corretamente, pois qualquer uso inadequado pode comprometer sua eficácia e segurança. Além disso, verifique a validade da vacina e a condição do frasco antes da administração. Se houver dúvidas, consulte um profissional de saúde para garantir que todos os cuidados necessários sejam tomados.",O erro de imunização é um evento **evitável e não intencional** causado por uso inadequado de uma vacina e/ou imunobiológico que possa comprometer a sua eficácia e segurança.,N/A (Geral),"#Cuidados, #Vacinas",Nota Técnica nº 642025-CGFAMDPNISVSAMS.md,93,3,90
chikungunya_qa_1231,Médica,Quais são as orientações para o manejo de erros de imunização?,"As orientações para o manejo de erros de imunização envolvendo a vacina chikungunya (recombinante e atenuada) incluem a definição de erro de imunização como um evento evitável e não intencional causado por uso inadequado. É essencial que esses erros sejam notificados ao Sistema Nacional de Vigilância Epidemiológica (SNVE) dos Eventos Supostamente Atribuíveis à Vacinação ou Imunização (ESAVI). Além disso, recomenda-se a investigação imediata dos casos, a documentação detalhada do erro, a comunicação com os indivíduos afetados e a implementação de medidas corretivas para evitar recorrências. A capacitação dos profissionais de saúde e a sensibilização da população também são fundamentais para minimizar a ocorrência de erros durante a vacinação, especialmente durante a estratégia piloto em municípios prioritários.",Esta Nota Técnica estabelece orientações para a notificação e o manejo de erros de imunização envolvendo a **vacina chikungunya (recombinante e atenuada)**.,N/A (Geral),"#Manejo, #ErroDeImunização",Nota Técnica nº 642025-CGFAMDPNISVSAMS.md,93,4,90
chikungunya_qa_1232,Cuidador,O que devo fazer antes de levar alguém para tomar a vacina contra a chikungunya?,"Antes de levar alguém para tomar a vacina contra a chikungunya, é importante revisar o esquema vacinal da pessoa para garantir que todas as vacinas necessárias estão em dia. Como a vacina contra a chikungunya ainda não está disponível no mercado, é fundamental estar atento a essa informação e aguardar a liberação oficial. Além disso, verifique se há contraindicações ou precauções gerais que possam afetar a administração de vacinas, quando a vacina estiver disponível. Isso ajudará a equipe de saúde a fornecer o melhor cuidado possível.",Revisar esquema vacinal antes da administração,N/A (Geral),"#Cuidados, #Vacinação",Nota Técnica nº 642025-CGFAMDPNISVSAMS.md,105,4,92.5
chikungunya_qa_1233,Médica,Quais são as considerações sobre a administração de vacinas em pacientes menores de 18 anos?,"Em pacientes menores de 18 anos, a administração de vacinas deve ser realizada com atenção especial, pois a via incorreta é um erro específico que requer revacinação. É fundamental garantir que a via de administração esteja correta para evitar complicações. Além disso, outros erros que devem ser evitados incluem a formulação inadequada (uso de outro diluente), dose subterapêutica (≤ 0,25 mL), intervalo muito curto para vacina atenuada (< 28 dias), vacina vencida e desvio de qualidade. A revacinação deve ser feita com um intervalo de 28 dias em casos de erro na via de administração.",Via incorreta (< 18 anos),N/A (Geral),"#Vacinação, #Critérios",Nota Técnica nº 642025-CGFAMDPNISVSAMS.md,111,1,91.25
chikungunya_qa_1234,Médica,Como deve ser a qualidade da vacina administrada?,"A qualidade da vacina administrada deve atender a critérios específicos, incluindo formulação adequada, via correta de administração e uso de diluente correto. Desvios de qualidade não são aceitáveis.",Desvio de qualidade,N/A (Geral),"#Vacinação, #Qualidade",Nota Técnica nº 642025-CGFAMDPNISVSAMS.md,111,1,90
chikungunya_qa_1235,Médica,Quais são as contraindicações para a administração da vacina contra a chikungunya?,"O contexto fornecido não contém informações sobre contraindicações para a administração da vacina contra a chikungunya. Ele aborda apenas situações que requerem revacinação, que incluem formulação inadequada (outro diluente), via incorreta (< 18 anos), dose subterapêutica (≤ 0,25 mL), intervalo muito curto para vacina atenuada (< 28 dias), vacina vencida e desvio de qualidade. Portanto, não é possível responder à pergunta sobre contraindicações com base nas informações disponíveis.","- Formulação inadequada (outro diluente)
- Via incorreta (< 18 anos)
- Dose subterapêutica (≤ 0,25 mL)
- Intervalo muito curto para vacina atenuada (< 28 dias)
- Vacina vencida
- Desvio de qualidade",N/A (Geral),"#Contraindicações, #Vacinação",Nota Técnica nº 642025-CGFAMDPNISVSAMS.md,111,2,98.75
chikungunya_qa_1236,Paciente,Quais são as situações em que a vacina contra a chikungunya não deve ser administrada?,"A vacina contra a chikungunya não deve ser administrada durante a gravidez. Além disso, pessoas imunocomprometidas também devem evitar a vacina.","- Exposição durante gravidez
- Contraindicação (exceto imunocomprometidos)",N/A (Geral),"#Contraindicações, #Vacinação",Nota Técnica nº 642025-CGFAMDPNISVSAMS.md,112,1,90
chikungunya_qa_1237,Paciente,Quais são as situações em que não posso tomar a vacina contra a chikungunya?,"Você não deve tomar a vacina contra a chikungunya se estiver exposta durante a gravidez. Além disso, a vacina é contraindicada para pessoas imunocomprometidas. É importante discutir com seu médico quaisquer outras condições que possam afetar a sua elegibilidade para a vacinação.","- Exposição durante gravidez
- Contraindicação (exceto imunocomprometidos)",N/A (Geral),"#Contraindicações, #Vacinas",Nota Técnica nº 642025-CGFAMDPNISVSAMS.md,112,2,90
chikungunya_qa_1238,Paciente,O que significa ter artralgia incapacitant?,"Artralgia incapacitante significa que você está enfrentando dor nas articulações que é tão intensa que pode dificultar suas atividades diárias. Essa dor pode se tornar crônica, ou seja, persistir por um longo período, e isso pode afetar sua qualidade de vida. É importante buscar ajuda médica para entender melhor a condição e encontrar formas de alívio.","devido à elevada carga de morbidade associada, especialmente pela cronificação da artralgia incapacitante.",Fase Crônica/Subaguda,"#Sintomas, #Consequências",Nota Técnica nº 92026-CGFAMDPNISVSAMS.md,114,2,92.5
chikungunya_qa_1239,Paciente,Quais são os efeitos colaterais que posso esperar após a vacinação?,"Os efeitos colaterais mais comuns que você pode esperar após a vacinação incluem dor no local da injeção, febre leve, mialgia e fadiga. Esses efeitos têm intensidade leve a moderada e podem durar até 5 dias.","Eventos adversos mais comuns: dor no local da injeção, febre leve, mialgia e fadiga (intensidade leve a moderada, duração até 5 dias)",N/A (Geral),"#EfeitosColaterais, #Vacinação",Nota Técnica nº 92026-CGFAMDPNISVSAMS.md,119,4,100
chikungunya_qa_1240,Médica,Qual a dosagem recomendada para o uso de TENS em pacientes com dor persistente?,"A dosagem específica para a aplicação de TENS não está claramente definida no contexto fornecido. A TENS é indicada principalmente para pacientes com dor persistente, mesmo com medicação.","* **Crioterapia & TENS:** A Estimulação Elétrica Nervosa Transcutânea (TENS) é útil para o alívio da dor, indicada principalmente para pacientes com dor persistente mesmo com medicação.",Fase Crônica/Subaguda,"#TENS, #Dosagem",SBR- Recomentações fisioterapeuticas.md,2,2,93.75
chikungunya_qa_1241,Paciente,Como a chikungunya pode afetar meu tratamento?,"A chikungunya pode afetar seu tratamento de várias maneiras. A classificação correta dos casos é fundamental, pois ajuda os médicos a decidirem o melhor ambiente e tipo de tratamento que você precisa. Além disso, essa classificação orienta a utilização de exames complementares e o manejo adequado da doença. É importante que os profissionais de saúde estejam atentos às manifestações sistêmicas, pois elas podem indicar um potencial sinal de gravidade, o que pode impactar diretamente na sua assistência e no tipo de cuidado que você receberá.",uma classificação estruturada permite nortear a padronização da assistência a casos de acordo com a complexidade e a gravidade clínica.,Fase Aguda,"#Tratamento, #Assistência",Manejo_Chikungunya_2ed.md,24,6,92.5
chikungunya_qa_1242,Paciente,Quais complicações graves eu devo estar ciente se tiver chikungunya?,"Se você tiver chikungunya, é importante estar ciente de que a doença pode levar a complicações graves que afetam diferentes órgãos. No sistema cardiovascular, podem ocorrer miocardite, pericardite, arritmias e instabilidade hemodinâmica. No sistema respiratório, você pode enfrentar pneumonite, insuficiência respiratória, edema pulmonar e broncopneumonia. Além disso, o sistema nervoso pode ser afetado, resultando em encefalite, mielite, acidente vascular cerebral e síndrome de Guillain-Barré. Também é importante considerar o comprometimento renal, como insuficiência renal aguda, e a possibilidade de descompensação de comorbidades preexistentes, como diabetes e doenças cardiovasculares. Fique atento a sintomas como fadiga, dispneia, palpitações e dor no peito, pois eles podem indicar complicações sérias.",As formas extra-articulares da chikungunya são caracterizadas por manifestações sistêmicas resultantes do comprometimento de órgãos e sistemas que podem ou não se apresentar simultaneamente às manifestações musculoesqueléticas.,Fase Aguda,"#Complicações, #Chikungunya",Manejo_Chikungunya_2ed.md,29,4,93.75
chikungunya_qa_1243,Paciente,Como meus hábitos de vida podem influenciar a chikungunya?,"Seus hábitos de vida, como fumar, consumir álcool em excesso e usar drogas psicoativas, podem influenciar a forma como seu corpo reage à chikungunya. O tabagismo pode comprometer sua saúde respiratória, enquanto o consumo abusivo de álcool e drogas pode afetar seu sistema imunológico, tornando-o mais vulnerável a complicações. É importante discutir esses hábitos com seu médico para entender melhor como eles podem impactar sua condição.","Explorar os hábitos de vida do paciente como tabagismo, consumo abusivo de álcool, drogas psicoativas de abuso.",Fase Aguda,"#HábitosDeVida, #Chikungunya",Manejo_Chikungunya_2ed.md,38,3,90
chikungunya_qa_1244,Paciente,Quais são os sinais que devo observar durante o exame físico se tiver chikungunya?,"Durante o exame físico, é importante observar sinais e sintomas que possam indicar complicações nos aparelhos respiratório e cardiovascular. Além disso, deve-se aferir a pressão arterial em duas posições, ortostática e sentado/decúbito, para verificar o status hemodinâmico. Fique atento a sinais de hipotensão ou hipotensão postural, que podem indicar choque.","O exame físico é uma etapa fundamental para a avaliação clínica inicial e o moni-toramento de casos suspeitos ou confirmados de chikungunya. Durante o exame, é importante observar sinais e sintomas que possam indicar complicações dos aparelhos respiratório e cardiovascular.",Fase Aguda,"#ExameFísico, #Sintomas",Manejo_Chikungunya_2ed.md,38,4,90
chikungunya_qa_1245,Paciente,Qual é a droga que deve ser usada para tratar a dor nas articulações crônica?,"A droga que deve ser usada para tratar a dor nas articulações crônica é a hidroxicloroquina (HCQ). É importante que você seja avaliado após oito semanas de uso. Se houver uma resposta clínica favorável, a HCQ pode ser mantida por mais três meses. Caso não haja melhora, o médico pode prescrever o Metotrexato (MTX) como alternativa. Se o MTX também não funcionar, o seu caso deve ser encaminhado para um reumatologista para avaliação mais aprofundada.",A droga de escolha nesta fase é preferencialmente a hidroxicloroquina (HCQ).,Fase Crônica/Subaguda,"#Tratamento, #Medicamentos",Manejo_Chikungunya_2ed.md,50,4,93.75
chikungunya_qa_1246,Paciente,Como posso saber se meu caso de chikungunya é diferente de um caso normal?,"Se você é recém-nascido, gestante, idoso, ou se apresenta manifestações atípicas, seu caso deve ser confirmado preferencialmente por exame laboratorial, pois essas situações são consideradas mais vulneráveis e podem ter manifestações diferentes. Além disso, casos graves também necessitam de confirmação laboratorial. É importante que a coleta de amostras seja priorizada, especialmente em pacientes com comorbidades ou em situações de risco.","recém-nascidos, gestantes, manifestações atípicas, casos graves e óbitos, que devem ocorrer preferencialmente por critério laboratorial.",Fase Aguda,"#Diagnóstico, #Vulnerabilidade",Manejo_Chikungunya_2ed.md,66,5,90
chikungunya_qa_1247,Médica,Qual a importância da autópsia na investigação de óbitos por chikungunya?,"A autópsia realizada pelos SVOs é de extrema importância na investigação de óbitos por chikungunya, pois não apenas confirma a infecção como causa do óbito, mas também permite a análise das manifestações clínicas da doença e suas complicações, contribuindo para um entendimento mais abrangente dos casos.","Além disso, a autópsia realizada pelos SVOs é de extrema importância",N/A (Geral),"#Investigação, #Óbitos",Manejo_Chikungunya_2ed.md,71,3,98.75
chikungunya_qa_1248,Médica,Quais são as recomendações para o manejo de pacientes com chikungunya?,"O manejo de pacientes com chikungunya deve incluir a organização dos serviços de saúde para uma resposta adequada ao aumento do número de casos, promovendo assistência adequada ao paciente e fortalecendo a integração das diferentes áreas e serviços. É fundamental evitar o uso de anti-inflamatórios não esteroides (AINEs) na fase aguda da doença, devido à possibilidade de confusão diagnóstica com a dengue. Além disso, é crucial monitorar constantemente os grupos de maior risco e identificar precocemente as manifestações extra-articulares, que podem levar a desfechos fatais. A classificação de risco deve estar implantada em todas as unidades de saúde, garantindo que o acolhimento e o manejo dos pacientes suspeitos sejam realizados de forma adequada.","A organização dos serviços de saúde é fundamental para uma resposta adequada diante do aumento do número de casos. É necessário promover a assistência adequada ao paciente, organizar as ações de prevenção e controle e fortalecer a integração das diferentes áreas e serviços.",Fase Crônica/Subaguda,"#Manejo, #Organização",Manejo_Chikungunya_2ed.md,73,3,93.75
chikungunya_qa_1249,Médica,Qual é o protocolo de observação para recém-nascidos com suspeita de chikungunya?,"O protocolo de observação para recém-nascidos com suspeita de chikungunya indica que, se o parto não ocorreu em maternidade GAR, o RN deve ficar internado por 7 dias em observação no estabelecimento de saúde. Caso o RN apresente alguma sintomatologia, ele deve ser encaminhado à UTI Neonatal em unidade GAR de referência.",o RN deverá ficar internado por **7 dias** no estabelecimento de saúde em observação.,Fase Aguda,"#Protocolo, #Internação",Nota Técnica nº 28SESSUBPAS-SRAS-DATE-CMI2023.md,90,1,98.75
chikungunya_qa_1250,Médica,Quais são os critérios para encaminhamento de recém-nascidos para a UTI Neonatal?,"Os critérios para encaminhamento de recém-nascidos para a UTI Neonatal incluem a apresentação de sintomatologia pelo recém-nascido, e o encaminhamento deve ser realizado para uma unidade GAR de referência.","Para os casos em que o RN apresentar alguma sintomatologia, ele deverá ser encaminhado à **UTI Neonatal**.",Fase Aguda,"#Encaminhamento, #Sintomatologia",Nota Técnica nº 28SESSUBPAS-SRAS-DATE-CMI2023.md,90,5,95
chikungunya_qa_1251,Médica,Qual é a importância da dupla checagem na administração da vacina?,"A dupla checagem é fundamental para assegurar que a vacina está sendo administrada à pessoa correta, verificando a idade e o estado gestacional, garantindo assim que a vacinação ocorra nas condições adequadas.",Realizar **dupla checagem** da idade e estado gestacional.,N/A (Geral),"#Administração, #Vacinação",Nota Técnica nº 642025-CGFAMDPNISVSAMS.md,105,1,96.25
chikungunya_qa_1252,Médica,Quais são as condutas recomendadas em relação à revacinação?,"As condutas recomendadas em relação à revacinação são as seguintes: se apenas o diluente foi administrado, a revacinação deve ser feita de imediato. Se outra vacina foi administrada, deve-se aguardar 14 dias para administrar a vacina inativada ou 28 dias para a vacina viva atenuada antes de revacinar contra a chikungunya.",revacinar de imediato,N/A (Geral),"#Vacinação, #Condutas",Nota Técnica nº 642025-CGFAMDPNISVSAMS.md,110,2,100
chikungunya_qa_1253,Médica,Quais são as contraindicações ao uso do corticoide?,"As contraindicações ao uso do corticoide devem ser respeitadas, embora o texto não forneça detalhes específicos sobre quais são essas contraindicações. O corticoide é indicado na fase pós-aguda com componente inflamatório, após 14 dias, na dose de 0,5 mg/kg/dia de prednisona. É importante realizar o desmame gradual após quatro semanas de uso, reduzindo um quarto da dose a cada sete dias, para evitar efeitos rebote e recidiva das manifestações.",As contraindicações ao uso do corticoide devem ser respeitadas.,Fase Crônica/Subaguda,"#Tratamento, #Contraindicações",Manejo_Chikungunya_2ed.md,47,3,90
chikungunya_qa_1254,Paciente,Quais sintomas posso ter entre 15 e 90 dias após a infecção?,"Entre 15 e 90 dias após a infecção, você pode sentir dores nos músculos e articulações, que podem ser localizadas ou espalhadas pelo corpo. Também é possível ter inchaço nas juntas, que é a artrite, e dor nos nervos, que pode causar formigamento. É importante lembrar que esses sintomas podem aparecer sozinhos ou juntos.",A fase pós-aguda corresponde àquela em que existe uma persistência dos sintomas no período entre 15 e 90 dias.,Fase Aguda,"#Sintomas, #Evolução",Manejo_Chikungunya_2ed.md,47,4,91.25
chikungunya_qa_1255,Paciente,Quais são os benefícios da vacina contra Chikungunya?,"A vacina contra Chikungunya oferece proteção contra a doença, o que é um grande benefício. No entanto, é importante saber que essa proteção é mais eficaz para pessoas que nunca tiveram a doença. Para aqueles que já tiveram Chikungunya ou tiveram contato com o vírus antes da vacinação, a vacina não aumenta significativamente a quantidade de anticorpos no corpo. Portanto, se você já teve a doença, a vacina pode não trazer os mesmos benefícios.",Valor da eficácia e duração da proteção contra a doença Chikungunya,N/A (Geral),"#Vacina, #Chikungunya",IXCHIQ (vacina chikungunya) novo registro.md,9,1,91.25
chikungunya_qa_1256,Médica,Qual é o perfil de segurança a longo prazo para vacinas em pacientes debilitados?,"O perfil de segurança a longo prazo para vacinas em pacientes debilitados deve ser cuidadosamente avaliado, considerando que esses indivíduos podem apresentar condições clínicas agudas ou progressivas, instáveis ou descontroladas. É fundamental observar as reações adversas que podem ocorrer, especialmente em populações endêmicas e pediátricas, onde reações incomuns e raras podem ser mais prevalentes. Além disso, o perfil de segurança deve incluir uma análise específica para pacientes com doenças autoimunes ou inflamatórias, uma vez que esses grupos podem ter respostas imunológicas diferentes. Portanto, a avaliação do perfil de segurança deve ser abrangente e focada nas particularidades dos pacientes debilitados.","Perfil de segurança em indivíduos debilitados com condições clínicas agudas ou progressivas, instáveis ou descontroladas",N/A (Geral),"#Segurança, #PacientesDebilitados",IXCHIQ (vacina chikungunya) novo registro.md,14,1,90
chikungunya_qa_1257,Paciente,Como a chikungunya pode afetar a assistência médica?,"A chikungunya pode afetar a assistência médica de forma significativa. Com a revisão da classificação da doença, os médicos conseguem identificar melhor os casos graves e isso é muito importante para o seu atendimento. Quando os profissionais de saúde estão mais atentos às diferentes formas da doença, eles podem agir mais rapidamente e oferecer o tratamento adequado. Além disso, essa nova classificação ajuda a melhorar a comunicação sobre os riscos da chikungunya, o que significa que você e outras pessoas podem ser informados de maneira mais clara sobre a doença. Isso também permite que os médicos saibam como tratar cada caso de acordo com a gravidade, garantindo que você receba a melhor assistência possível. Em resumo, a chikungunya impacta diretamente como você é atendido, pois ajuda os médicos a reconhecerem sinais de gravidade e a oferecerem um tratamento mais eficaz.","A revisão do sistema de classificação vigente pretende favorecer a sensibilização dos profissionais para a identificação precoce de casos potencialmente graves, além de permitir uma melhor comunicação do risco à população.",Fase Aguda,"#Assistência, #Comunicação",Manejo_Chikungunya_2ed.md,24,1,90
chikungunya_qa_1258,Paciente,Quais são os efeitos colaterais que devo saber sobre a gabapentina?,"A gabapentina pode causar sonolência e tontura, além de outros efeitos colaterais que podem variar de pessoa para pessoa. É importante saber que a gabapentina não deve ser utilizada por mulheres grávidas ou por pessoas com hipersensibilidade à gabapentina ou a outros componentes da fórmula. Para informações mais detalhadas sobre efeitos colaterais, recomendo que você converse com seu médico ou farmacêutico.",Não deve ser utilizado por mulheres grávidas | Pacientes com hipersensibilidade<br>à gabapentina ou a outros componentes da fórmula,Fase Aguda,"#EfeitosColaterais, #Gabapentina",Manejo_Chikungunya_2ed.md,49,1,90
chikungunya_qa_1259,Paciente,O que acontece se eu for diagnosticado com chikungunya e tiver complicações como ser gestante ou idoso?,"Se você for diagnosticado com chikungunya e for gestante, idoso ou tiver outras condições de saúde que possam complicar a situação, é muito importante que seu caso seja confirmado com exames laboratoriais. Isso ajuda a garantir que você receba o tratamento adequado e a evitar complicações. Para gestantes, especialmente no final da gravidez, há um risco de transmissão para o bebê, por isso a confirmação laboratorial é ainda mais crucial. Além disso, mesmo que você esteja em uma situação grave, é essencial coletar amostras enquanto você ainda está vivo, pois isso pode ajudar no diagnóstico. Se os exames mostrarem que você não tem chikungunya, isso deve ser confirmado com pelo menos duas sorologias não reagentes ou um exame específico chamado PRNT. Lembre-se de que, durante surtos, é importante que os médicos façam um acompanhamento cuidadoso e considerem a sua situação específica para garantir que você receba o melhor cuidado possível.","todo caso suspeito – principalmente gestantes, crianças (primeira infância), idosos, casos graves, pacientes com comorbidades descompensadas, imunossuprimidos e óbitos – deve ser descartado com base no resultado de duas sorologias não reagentes ou exame por PRNT.",N/A (Geral),"#Diagnóstico, #Cuidados",Manejo_Chikungunya_2ed.md,66,1,90
chikungunya_qa_1260,Paciente,O que acontece se eu tiver chikungunya e estiver grávida ou for idoso?,"Se você estiver grávida ou for idoso, é muito importante que seu caso seja confirmado com exames de sangue, pois esses grupos são mais vulneráveis a complicações. Para gestantes, há um risco específico de transmissão para o bebê, especialmente no final da gestação. Além disso, recém-nascidos também são considerados vulneráveis. Seu médico vai acompanhar você mais de perto para garantir que tudo esteja bem.","todo caso suspeito – principalmente gestantes, crianças (primeira infância), idosos, casos graves, pacientes com comorbidades descompensadas, imunossuprimidos e óbitos – deve ser descartado com base no resultado de duas sorologias não reagentes ou exame por PRNT.",Fase Aguda,"#Paciente, #Chikungunya, #Vulnerabilidade",Manejo_Chikungunya_2ed.md,66,6,93.75
chikungunya_qa_1261,Paciente,Quais são os principais sintomas que posso sentir na fase aguda da doença?,"Na fase aguda da doença, os sinais e/ou sintomas articulares duram até duas semanas. No entanto, o contexto não especifica quais são esses sintomas articulares. Portanto, não posso fornecer uma lista detalhada dos sintomas que posso sentir nessa fase.",Os sinais e/ou sintomas articulares duram até duas semanas.,Fase Aguda,"#Sintomas, #Fases",Manejo_Chikungunya_2ed.md,68,4,98.75
chikungunya_qa_1262,Cuidador,Quais são os sinais de alerta que devo observar?,"Os sinais de alerta que você deve observar incluem a febre e a dor articular severa, que são sintomas comuns da Chikungunya. É importante ficar atento à persistência desses sintomas, pois a doença pode ser debilitante e, em casos graves, levar a óbito. Caso você perceba que os sintomas não melhoram ou se agravam, é fundamental comunicar ao médico para avaliação.","Recursos Manuais Avançados: Técnicas de mobilização de tecidos moles e mobilização articular são indicadas para relaxamento... auxiliando na recuperação de tendinites, tenossinovites e artrites.",Fase Crônica/Subaguda,"#SinaisDeAlerta, #Cuidados",SBR- Recomentações fisioterapeuticas.md,3,1,90
